ceiver/x25-airplay-receiver/app/.cxx/RelWithDebInfo/416841uv/x86_64=. -ffile-prefix-map=/usr/local/lib/android/sdk/ndk/27.0.12077973=. -Qunused-arguments -MMD -MF crypto/asn1/libcrypto-shlib-tasn_enc.d.tmp -c -o crypto/asn1/libcrypto-shlib-tasn_enc.o crypto/asn1/tasn_enc.c
C/C++: 1 warning generated.
C/C++: In file included from /home/runner/work/x25-airplay-receiver/x25-airplay-receiver/app/.cxx/RelWithDebInfo/416841uv/x86_64/<built-in>:399:
C/C++: /home/runner/work/x25-airplay-receiver/x25-airplay-receiver/app/.cxx/RelWithDebInfo/416841uv/x86_64/<command line>:30:9: warning: '__ANDROID_API__' macro redefined [-Wmacro-redefined]
C/C++:    30 | #define __ANDROID_API__ 24
C/C++:       |         ^
C/C++: /home/runner/work/x25-airplay-receiver/x25-airplay-receiver/app/.cxx/RelWithDebInfo/416841uv/x86_64/<built-in>:391:9: note: previous definition is here
C/C++:   391 | #define __ANDROID_API__ __ANDROID_MIN_SDK_VERSION__
C/C++:       |         ^
C/C++: In file included from /home/runner/work/x25-airplay-receiver/x25-airplay-receiver/app/.cxx/RelWithDebInfo/416841uv/x86_64/<built-in>:399:
C/C++: /home/runner/work/x25-airplay-receiver/x25-airplay-receiver/app/.cxx/RelWithDebInfo/416841uv/x86_64/<command line>:30:9: warning: '__ANDROID_API__' macro redefined [-Wmacro-redefined]
C/C++:    30 | #define __ANDROID_API__ 24
C/C++:       |         ^
C/C++: /home/runner/work/x25-airplay-receiver/x25-airplay-receiver/app/.cxx/RelWithDebInfo/416841uv/x86_64/<built-in>:391:9: note: previous definition is here
C/C++:   391 | #define __ANDROID_API__ __ANDROID_MIN_SDK_VERSION__
C/C++:       |         ^
C/C++: 1 warning generated.
C/C++: In file included from /home/runner/work/x25-airplay-receiver/x25-airplay-receiver/app/.cxx/RelWithDebInfo/416841uv/x86_64/<built-in>:399:
C/C++: /home/runner/work/x25-airplay-receiver/x25-airplay-receiver/app/.cxx/RelWithDebInfo/416841uv/x86_64/<command line>:30:9: warning: '__ANDROID_API__' macro redefined [-Wmacro-redefined]
C/C++:    30 | #define __ANDROID_API__ 24
C/C++:       |         ^
C/C++: /home/runner/work/x25-airplay-receiver/x25-airplay-receiver/app/.cxx/RelWithDebInfo/416841uv/x86_64/<built-in>:391:9: note: previous definition is here
C/C++:   391 | #define __ANDROID_API__ __ANDROID_MIN_SDK_VERSION__
C/C++:       |         ^
C/C++: 1 warning generated.
C/C++: In file included from /home/runner/work/x25-airplay-receiver/x25-airplay-receiver/app/.cxx/RelWithDebInfo/416841uv/x86_64/<built-in>:399:
C/C++: /home/runner/work/x25-airplay-receiver/x25-airplay-receiver/app/.cxx/RelWithDebInfo/416841uv/x86_64/<command line>:30:9: warning: '__ANDROID_API__' macro redefined [-Wmacro-redefined]
C/C++:    30 | #define __ANDROID_API__ 24
C/C++:       |         ^
C/C++: /home/runner/work/x25-airplay-receiver/x25-airplay-receiver/app/.cxx/RelWithDebInfo/416841uv/x86_64/<built-in>:391:9: note: previous definition is here
C/C++:   391 | #define __ANDROID_API__ __ANDROID_MIN_SDK_VERSION__
C/C++:       |         ^
C/C++: In file included from /home/runner/work/x25-airplay-receiver/x25-airplay-receiver/app/.cxx/RelWithDebInfo/416841uv/x86_64/<built-in>:399:
C/C++: /home/runner/work/x25-airplay-receiver/x25-airplay-receiver/app/.cxx/RelWithDebInfo/416841uv/x86_64/<command line>:30:9: warning: '__ANDROID_API__' macro redefined [-Wmacro-redefined]
C/C++:    30 | #define __ANDROID_API__ 24
C/C++:       |         ^
C/C++: /home/runner/work/x25-airplay-receiver/x25-airplay-receiver/app/.cxx/RelWithDebInfo/416841uv/x86_64/<built-in>:391:9: note: previous definition is here
C/C++:   391 | #define __ANDROID_API__ __ANDROID_MIN_SDK_VERSION__
C/C++:       |         ^
C/C++: In file included from /home/runner/work/x25-airplay-receiver/x25-airplay-receiver/app/.cxx/RelWithDebInfo/416841uv/x86_64/<built-in>:399:
C/C++: /home/runner/work/x25-airplay-receiver/x25-airplay-receiver/app/.cxx/RelWithDebInfo/416841uv/x86_64/<command line>:30:9: warning: '__ANDROID_API__' macro redefined [-Wmacro-redefined]
C/C++:    30 | #define __ANDROID_API__ 24
C/C++:       |         ^
C/C++: /home/runner/work/x25-airplay-receiver/x25-airplay-receiver/app/.cxx/RelWithDebInfo/416841uv/x86_64/<built-in>:391:9: note: previous definition is here
C/C++:   391 | #define __ANDROID_API__ __ANDROID_MIN_SDK_VERSION__
C/C++:       |         ^
C/C++: 1 warning generated.
C/C++: In file included from /home/runner/work/x25-airplay-receiver/x25-airplay-receiver/app/.cxx/RelWithDebInfo/416841uv/x86_64/<built-in>:399:
C/C++: /home/runner/work/x25-airplay-receiver/x25-airplay-receiver/app/.cxx/RelWithDebInfo/416841uv/x86_64/<command line>:30:9: warning: '__ANDROID_API__' macro redefined [-Wmacro-redefined]
C/C++:    30 | #define __ANDROID_API__ 24
C/C++:       |         ^
C/C++: /home/runner/work/x25-airplay-receiver/x25-airplay-receiver/app/.cxx/RelWithDebInfo/416841uv/x86_64/<built-in>:391:9: note: previous definition is here
C/C++:   391 | #define __ANDROID_API__ __ANDROID_MIN_SDK_VERSION__
C/C++:       |         ^
C/C++: 1 warning generated.
C/C++: In file included from /home/runner/work/x25-airplay-receiver/x25-airplay-receiver/app/.cxx/RelWithDebInfo/416841uv/x86_64/<built-in>:399:
C/C++: /home/runner/work/x25-airplay-receiver/x25-airplay-receiver/app/.cxx/RelWithDebInfo/416841uv/x86_64/<command line>:30:9: warning: '__ANDROID_API__' macro redefined [-Wmacro-redefined]
C/C++:    30 | #define __ANDROID_API__ 24
C/C++:       |         ^
C/C++: /home/runner/work/x25-airplay-receiver/x25-airplay-receiver/app/.cxx/RelWithDebInfo/416841uv/x86_64/<built-in>:391:9: note: previous definition is here
C/C++:   391 | #define __ANDROID_API__ __ANDROID_MIN_SDK_VERSION__
C/C++:       |         ^
C/C++: 1 warning generated.
C/C++: In file included from /home/runner/work/x25-airplay-receiver/x25-airplay-receiver/app/.cxx/RelWithDebInfo/416841uv/x86_64/<built-in>:399:
C/C++: /home/runner/work/x25-airplay-receiver/x25-airplay-receiver/app/.cxx/RelWithDebInfo/416841uv/x86_64/<command line>:30:9: warning: '__ANDROID_API__' macro redefined [-Wmacro-redefined]
C/C++:    30 | #define __ANDROID_API__ 24
C/C++:       |         ^
C/C++: /home/runner/work/x25-airplay-receiver/x25-airplay-receiver/app/.cxx/RelWithDebInfo/416841uv/x86_64/<built-in>:391:9: note: previous definition is here
C/C++:   391 | #define __ANDROID_API__ __ANDROID_MIN_SDK_VERSION__
C/C++:       |         ^
C/C++: In file included from /home/runner/work/x25-airplay-receiver/x25-airplay-receiver/app/.cxx/RelWithDebInfo/416841uv/x86_64/<built-in>:399:
C/C++: /home/runner/work/x25-airplay-receiver/x25-airplay-receiver/app/.cxx/RelWithDebInfo/416841uv/x86_64/<command line>:30:9: warning: '__ANDROID_API__' macro redefined [-Wmacro-redefined]
C/C++:    30 | #define __ANDROID_API__ 24
C/C++:       |         ^
C/C++: /home/runner/work/x25-airplay-receiver/x25-airplay-receiver/app/.cxx/RelWithDebInfo/416841uv/x86_64/<built-in>:391:9: note: previous definition is here
C/C++:   391 | #define __ANDROID_API__ __ANDROID_MIN_SDK_VERSION__
C/C++:       |         ^
C/C++: 1 warning generated.
C/C++: In file included from /home/runner/work/x25-airplay-receiver/x25-airplay-receiver/app/.cxx/RelWithDebInfo/416841uv/x86_64/<built-in>:399:
C/C++: /home/runner/work/x25-airplay-receiver/x25-airplay-receiver/app/.cxx/RelWithDebInfo/416841uv/x86_64/<command line>:30:9: warning: '__ANDROID_API__' macro redefined [-Wmacro-redefined]
C/C++:    30 | #define __ANDROID_API__ 24
C/C++:       |         ^
C/C++: /home/runner/work/x25-airplay-receiver/x25-airplay-receiver/app/.cxx/RelWithDebInfo/416841uv/x86_64/<built-in>:391:9: note: previous definition is here
C/C++:   391 | #define __ANDROID_API__ __ANDROID_MIN_SDK_VERSION__
C/C++:       |         ^
C/C++: 1 warning generated.
C/C++: In file included from /home/runner/work/x25-airplay-receiver/x25-airplay-receiver/app/.cxx/RelWithDebInfo/416841uv/x86_64/<built-in>:399:
C/C++: /home/runner/work/x25-airplay-receiver/x25-airplay-receiver/app/.cxx/RelWithDebInfo/416841uv/x86_64/<command line>:30:9: warning: '__ANDROID_API__' macro redefined [-Wmacro-redefined]
C/C++:    30 | #define __ANDROID_API__ 24
C/C++:       |         ^
C/C++: /home/runner/work/x25-airplay-receiver/x25-airplay-receiver/app/.cxx/RelWithDebInfo/416841uv/x86_64/<built-in>:391:9: note: previous definition is here
C/C++:   391 | #define __ANDROID_API__ __ANDROID_MIN_SDK_VERSION__
C/C++:       |         ^
C/C++: In file included from /home/runner/work/x25-airplay-receiver/x25-airplay-receiver/app/.cxx/RelWithDebInfo/416841uv/x86_64/<built-in>:399:
C/C++: /home/runner/work/x25-airplay-receiver/x25-airplay-receiver/app/.cxx/RelWithDebInfo/416841uv/x86_64/<command line>:30:9: warning: '__ANDROID_API__' macro redefined [-Wmacro-redefined]
C/C++:    30 | #define __ANDROID_API__ 24
C/C++:       |         ^
C/C++: /home/runner/work/x25-airplay-receiver/x25-airplay-receiver/app/.cxx/RelWithDebInfo/416841uv/x86_64/<built-in>:391:9: note: previous definition is here
C/C++:   391 | #define __ANDROID_API__ __ANDROID_MIN_SDK_VERSION__
C/C++:       |         ^
C/C++: 1 warning generated.
C/C++: In file included from /home/runner/work/x25-airplay-receiver/x25-airplay-receiver/app/.cxx/RelWithDebInfo/416841uv/x86_64/<built-in>:399:
C/C++: /home/runner/work/x25-airplay-receiver/x25-airplay-receiver/app/.cxx/RelWithDebInfo/416841uv/x86_64/<command line>:30:9: warning: '__ANDROID_API__' macro redefined [-Wmacro-redefined]
C/C++:    30 | #define __ANDROID_API__ 24
C/C++:       |         ^
C/C++: /home/runner/work/x25-airplay-receiver/x25-airplay-receiver/app/.cxx/RelWithDebInfo/416841uv/x86_64/<built-in>:391:9: note: previous definition is here
C/C++:   391 | #define __ANDROID_API__ __ANDROID_MIN_SDK_VERSION__
C/C++:       |         ^
C/C++: 1 warning generated.
C/C++: In file included from /home/runner/work/x25-airplay-receiver/x25-airplay-receiver/app/.cxx/RelWithDebInfo/416841uv/x86_64/<built-in>:399:
C/C++: /home/runner/work/x25-airplay-receiver/x25-airplay-receiver/app/.cxx/RelWithDebInfo/416841uv/x86_64/<command line>:30:9: warning: '__ANDROID_API__' macro redefined [-Wmacro-redefined]
C/C++:    30 | #define __ANDROID_API__ 24
C/C++:       |         ^
C/C++: /home/runner/work/x25-airplay-receiver/x25-airplay-receiver/app/.cxx/RelWithDebInfo/416841uv/x86_64/<built-in>:391:9: note: previous definition is here
C/C++:   391 | #define __ANDROID_API__ __ANDROID_MIN_SDK_VERSION__
C/C++:       |         ^
C/C++: 1 warning generated.
C/C++: In file included from /home/runner/work/x25-airplay-receiver/x25-airplay-receiver/app/.cxx/RelWithDebInfo/416841uv/x86_64/<built-in>:399:
C/C++: /home/runner/work/x25-airplay-receiver/x25-airplay-receiver/app/.cxx/RelWithDebInfo/416841uv/x86_64/<command line>:30:9: warning: '__ANDROID_API__' macro redefined [-Wmacro-redefined]
C/C++:    30 | #define __ANDROID_API__ 24
C/C++:       |         ^
C/C++: /home/runner/work/x25-airplay-receiver/x25-airplay-receiver/app/.cxx/RelWithDebInfo/416841uv/x86_64/<built-in>:391:9: note: previous definition is here
C/C++:   391 | #define __ANDROID_API__ __ANDROID_MIN_SDK_VERSION__
C/C++:       |         ^
C/C++: x86_64-linux-android24-clang  -I. -Iinclude -Iproviders/common/include -Iproviders/implementations/include  -DAES_ASM -DBSAES_ASM -DECP_NISTZ256_ASM -DGHASH_ASM -DKECCAK1600_ASM -DMD5_ASM -DOPENSSL_BN_ASM_GF2m -DOPENSSL_BN_ASM_MONT -DOPENSSL_BN_ASM_MONT5 -DOPENSSL_CPUID_OBJ -DOPENSSL_IA32_SSE2 -DPOLY1305_ASM -DSHA1_ASM -DSHA256_ASM -DSHA512_ASM -DSTATIC_LEGACY -DVPAES_ASM -DWHIRLPOOL_ASM -DX25519_ASM -fPIC -pthread -Wa,--noexecstack -Qunused-arguments -g -DANDROID -fdata-sections -ffunction-sections -funwind-tables -fstack-protector-strong -no-canonical-prefixes -D__BIONIC_NO_PAGE_SIZE_MACRO -D_FORTIFY_SOURCE=2 -Wformat -Werror=format-security  -ffile-prefix-map=/home/runner/work/x25-airplay-receiver/x25-airplay-receiver/app/src/main/cpp=. -ffile-prefix-map=/home/runner/work/x25-airplay-receiver/x25-airplay-receiver/app/.cxx/RelWithDebInfo/416841uv/x86_64=. -ffile-prefix-map=/usr/local/lib/android/sdk/ndk/27.0.12077973=. -Qunused-arguments -DOPENSSL_USE_NODELETE -DOPENSSL_PIC -DOPENSSLDIR="\"/usr/local/ssl\"" -DENGINESDIR="\"/usr/local/lib/engines-3\"" -DMODULESDIR="\"/usr/local/lib/ossl-modules\"" -DOPENSSL_BUILDING_OPENSSL -DNDEBUG -D__ANDROID_API__=24 -g -DANDROID -fdata-sections -ffunction-sections -funwind-tables -fstack-protector-strong -no-canonical-prefixes -D__BIONIC_NO_PAGE_SIZE_MACRO -D_FORTIFY_SOURCE=2 -Wformat -Werror=format-security   -ffile-prefix-map=/home/runner/work/x25-airplay-receiver/x25-airplay-receiver/app/src/main/cpp=. -ffile-prefix-map=/home/runner/work/x25-airplay-receiver/x25-airplay-receiver/app/.cxx/RelWithDebInfo/416841uv/x86_64=. -ffile-prefix-map=/usr/local/lib/android/sdk/ndk/27.0.12077973=. -Qunused-arguments -MMD -MF crypto/async/arch/libcrypto-shlib-async_posix.d.tmp -c -o crypto/async/arch/libcrypto-shlib-async_posix.o crypto/async/arch/async_posix.c
C/C++: In file included from /home/runner/work/x25-airplay-receiver/x25-airplay-receiver/app/.cxx/RelWithDebInfo/416841uv/x86_64/<built-in>:399:
C/C++: /home/runner/work/x25-airplay-receiver/x25-airplay-receiver/app/.cxx/RelWithDebInfo/416841uv/x86_64/<command line>:30:9: warning: '__ANDROID_API__' macro redefined [-Wmacro-redefined]
C/C++:    30 | #define __ANDROID_API__ 24
C/C++:       |         ^
C/C++: /home/runner/work/x25-airplay-receiver/x25-airplay-receiver/app/.cxx/RelWithDebInfo/416841uv/x86_64/<built-in>:391:9: note: previous definition is here
C/C++:   391 | #define __ANDROID_API__ __ANDROID_MIN_SDK_VERSION__
C/C++:       |         ^
C/C++: 1 warning generated.
C/C++: In file included from /home/runner/work/x25-airplay-receiver/x25-airplay-receiver/app/.cxx/RelWithDebInfo/416841uv/x86_64/<built-in>:399:
C/C++: /home/runner/work/x25-airplay-receiver/x25-airplay-receiver/app/.cxx/RelWithDebInfo/416841uv/x86_64/<command line>:30:9: warning: '__ANDROID_API__' macro redefined [-Wmacro-redefined]
C/C++:    30 | #define __ANDROID_API__ 24
C/C++:       |         ^
C/C++: /home/runner/work/x25-airplay-receiver/x25-airplay-receiver/app/.cxx/RelWithDebInfo/416841uv/x86_64/<built-in>:391:9: note: previous definition is here
C/C++:   391 | #define __ANDROID_API__ __ANDROID_MIN_SDK_VERSION__
C/C++:       |         ^
C/C++: x86_64-linux-android24-clang  -I. -Iinclude -Iproviders/common/include -Iproviders/implementations/include  -DAES_ASM -DBSAES_ASM -DECP_NISTZ256_ASM -DGHASH_ASM -DKECCAK1600_ASM -DMD5_ASM -DOPENSSL_BN_ASM_GF2m -DOPENSSL_BN_ASM_MONT -DOPENSSL_BN_ASM_MONT5 -DOPENSSL_CPUID_OBJ -DOPENSSL_IA32_SSE2 -DPOLY1305_ASM -DSHA1_ASM -DSHA256_ASM -DSHA512_ASM -DSTATIC_LEGACY -DVPAES_ASM -DWHIRLPOOL_ASM -DX25519_ASM -fPIC -pthread -Wa,--noexecstack -Qunused-arguments -g -DANDROID -fdata-sections -ffunction-sections -funwind-tables -fstack-protector-strong -no-canonical-prefixes -D__BIONIC_NO_PAGE_SIZE_MACRO -D_FORTIFY_SOURCE=2 -Wformat -Werror=format-security  -ffile-prefix-map=/home/runner/work/x25-airplay-receiver/x25-airplay-receiver/app/src/main/cpp=. -ffile-prefix-map=/home/runner/work/x25-airplay-receiver/x25-airplay-receiver/app/.cxx/RelWithDebInfo/416841uv/x86_64=. -ffile-prefix-map=/usr/local/lib/android/sdk/ndk/27.0.12077973=. -Qunused-arguments -DOPENSSL_USE_NODELETE -DOPENSSL_PIC -DOPENSSLDIR="\"/usr/local/ssl\"" -DENGINESDIR="\"/usr/local/lib/engines-3\"" -DMODULESDIR="\"/usr/local/lib/ossl-modules\"" -DOPENSSL_BUILDING_OPENSSL -DNDEBUG -D__ANDROID_API__=24 -g -DANDROID -fdata-sections -ffunction-sections -funwind-tables -fstack-protector-strong -no-canonical-prefixes -D__BIONIC_NO_PAGE_SIZE_MACRO -D_FORTIFY_SOURCE=2 -Wformat -Werror=format-security   -ffile-prefix-map=/home/runner/work/x25-airplay-receiver/x25-airplay-receiver/app/src/main/cpp=. -ffile-prefix-map=/home/runner/work/x25-airplay-receiver/x25-airplay-receiver/app/.cxx/RelWithDebInfo/416841uv/x86_64=. -ffile-prefix-map=/usr/local/lib/android/sdk/ndk/27.0.12077973=. -Qunused-arguments -MMD -MF crypto/async/libcrypto-shlib-async_err.d.tmp -c -o crypto/async/libcrypto-shlib-async_err.o crypto/async/async_err.c
C/C++: In file included from /home/runner/work/x25-airplay-receiver/x25-airplay-receiver/app/.cxx/RelWithDebInfo/416841uv/x86_64/<built-in>:399:
C/C++: /home/runner/work/x25-airplay-receiver/x25-airplay-receiver/app/.cxx/RelWithDebInfo/416841uv/x86_64/<command line>:30:9: warning: '__ANDROID_API__' macro redefined [-Wmacro-redefined]
C/C++:    30 | #define __ANDROID_API__ 24
C/C++:       |         ^
C/C++: /home/runner/work/x25-airplay-receiver/x25-airplay-receiver/app/.cxx/RelWithDebInfo/416841uv/x86_64/<built-in>:391:9: note: previous definition is here
C/C++:   391 | #define __ANDROID_API__ __ANDROID_MIN_SDK_VERSION__
C/C++:       |         ^
C/C++: x86_64-linux-android24-clang  -I. -Iinclude -Iproviders/common/include -Iproviders/implementations/include  -DAES_ASM -DBSAES_ASM -DECP_NISTZ256_ASM -DGHASH_ASM -DKECCAK1600_ASM -DMD5_ASM -DOPENSSL_BN_ASM_GF2m -DOPENSSL_BN_ASM_MONT -DOPENSSL_BN_ASM_MONT5 -DOPENSSL_CPUID_OBJ -DOPENSSL_IA32_SSE2 -DPOLY1305_ASM -DSHA1_ASM -DSHA256_ASM -DSHA512_ASM -DSTATIC_LEGACY -DVPAES_ASM -DWHIRLPOOL_ASM -DX25519_ASM -fPIC -pthread -Wa,--noexecstack -Qunused-arguments -g -DANDROID -fdata-sections -ffunction-sections -funwind-tables -fstack-protector-strong -no-canonical-prefixes -D__BIONIC_NO_PAGE_SIZE_MACRO -D_FORTIFY_SOURCE=2 -Wformat -Werror=format-security  -ffile-prefix-map=/home/runner/work/x25-airplay-receiver/x25-airplay-receiver/app/src/main/cpp=. -ffile-prefix-map=/home/runner/work/x25-airplay-receiver/x25-airplay-receiver/app/.cxx/RelWithDebInfo/416841uv/x86_64=. -ffile-prefix-map=/usr/local/lib/android/sdk/ndk/27.0.12077973=. -Qunused-arguments -DOPENSSL_USE_NODELETE -DOPENSSL_PIC -DOPENSSLDIR="\"/usr/local/ssl\"" -DENGINESDIR="\"/usr/local/lib/engines-3\"" -DMODULESDIR="\"/usr/local/lib/ossl-modules\"" -DOPENSSL_BUILDING_OPENSSL -DNDEBUG -D__ANDROID_API__=24 -g -DANDROID -fdata-sections -ffunction-sections -funwind-tables -fstack-protector-strong -no-canonical-prefixes -D__BIONIC_NO_PAGE_SIZE_MACRO -D_FORTIFY_SOURCE=2 -Wformat -Werror=format-security   -ffile-prefix-map=/home/runner/work/x25-airplay-receiver/x25-airplay-receiver/app/src/main/cpp=. -ffile-prefix-map=/home/runner/work/x25-airplay-receiver/x25-airplay-receiver/app/.cxx/RelWithDebInfo/416841uv/x86_64=. -ffile-prefix-map=/usr/local/lib/android/sdk/ndk/27.0.12077973=. -Qunused-arguments -MMD -MF crypto/async/libcrypto-shlib-async_wait.d.tmp -c -o crypto/async/libcrypto-shlib-async_wait.o crypto/async/async_wait.c
C/C++: In file included from /home/runner/work/x25-airplay-receiver/x25-airplay-receiver/app/.cxx/RelWithDebInfo/416841uv/x86_64/<built-in>:399:
C/C++: /home/runner/work/x25-airplay-receiver/x25-airplay-receiver/app/.cxx/RelWithDebInfo/416841uv/x86_64/<command line>:30:9: warning: '__ANDROID_API__' macro redefined [-Wmacro-redefined]
C/C++:    30 | #define __ANDROID_API__ 24
C/C++:       |         ^
C/C++: /home/runner/work/x25-airplay-receiver/x25-airplay-receiver/app/.cxx/RelWithDebInfo/416841uv/x86_64/<built-in>:391:9: note: previous definition is here
C/C++:   391 | #define __ANDROID_API__ __ANDROID_MIN_SDK_VERSION__
C/C++:       |         ^
C/C++: 1 warning generated.
C/C++: In file included from /home/runner/work/x25-airplay-receiver/x25-airplay-receiver/app/.cxx/RelWithDebInfo/416841uv/x86_64/<built-in>:399:
C/C++: /home/runner/work/x25-airplay-receiver/x25-airplay-receiver/app/.cxx/RelWithDebInfo/416841uv/x86_64/<command line>:30:9: warning: '__ANDROID_API__' macro redefined [-Wmacro-redefined]
C/C++:    30 | #define __ANDROID_API__ 24
C/C++:       |         ^
C/C++: /home/runner/work/x25-airplay-receiver/x25-airplay-receiver/app/.cxx/RelWithDebInfo/416841uv/x86_64/<built-in>:391:9: note: previous definition is here
C/C++:   391 | #define __ANDROID_API__ __ANDROID_MIN_SDK_VERSION__
C/C++:       |         ^
C/C++: x86_64-linux-android24-clang  -I. -Iinclude -Iproviders/common/include -Iproviders/implementations/include  -DAES_ASM -DBSAES_ASM -DECP_NISTZ256_ASM -DGHASH_ASM -DKECCAK1600_ASM -DMD5_ASM -DOPENSSL_BN_ASM_GF2m -DOPENSSL_BN_ASM_MONT -DOPENSSL_BN_ASM_MONT5 -DOPENSSL_CPUID_OBJ -DOPENSSL_IA32_SSE2 -DPOLY1305_ASM -DSHA1_ASM -DSHA256_ASM -DSHA512_ASM -DSTATIC_LEGACY -DVPAES_ASM -DWHIRLPOOL_ASM -DX25519_ASM -fPIC -pthread -Wa,--noexecstack -Qunused-arguments -g -DANDROID -fdata-sections -ffunction-sections -funwind-tables -fstack-protector-strong -no-canonical-prefixes -D__BIONIC_NO_PAGE_SIZE_MACRO -D_FORTIFY_SOURCE=2 -Wformat -Werror=format-security  -ffile-prefix-map=/home/runner/work/x25-airplay-receiver/x25-airplay-receiver/app/src/main/cpp=. -ffile-prefix-map=/home/runner/work/x25-airplay-receiver/x25-airplay-receiver/app/.cxx/RelWithDebInfo/416841uv/x86_64=. -ffile-prefix-map=/usr/local/lib/android/sdk/ndk/27.0.12077973=. -Qunused-arguments -DOPENSSL_USE_NODELETE -DOPENSSL_PIC -DOPENSSLDIR="\"/usr/local/ssl\"" -DENGINESDIR="\"/usr/local/lib/engines-3\"" -DMODULESDIR="\"/usr/local/lib/ossl-modules\"" -DOPENSSL_BUILDING_OPENSSL -DNDEBUG -D__ANDROID_API__=24 -g -DANDROID -fdata-sections -ffunction-sections -funwind-tables -fstack-protector-strong -no-canonical-prefixes -D__BIONIC_NO_PAGE_SIZE_MACRO -D_FORTIFY_SOURCE=2 -Wformat -Werror=format-security   -ffile-prefix-map=/home/runner/work/x25-airplay-receiver/x25-airplay-receiver/app/src/main/cpp=. -ffile-prefix-map=/home/runner/work/x25-airplay-receiver/x25-airplay-receiver/app/.cxx/RelWithDebInfo/416841uv/x86_64=. -ffile-prefix-map=/usr/local/lib/android/sdk/ndk/27.0.12077973=. -Qunused-arguments -MMD -MF crypto/bf/libcrypto-shlib-bf_cfb64.d.tmp -c -o crypto/bf/libcrypto-shlib-bf_cfb64.o crypto/bf/bf_cfb64.c
C/C++: In file included from /home/runner/work/x25-airplay-receiver/x25-airplay-receiver/app/.cxx/RelWithDebInfo/416841uv/x86_64/<built-in>:399:
C/C++: /home/runner/work/x25-airplay-receiver/x25-airplay-receiver/app/.cxx/RelWithDebInfo/416841uv/x86_64/<command line>:30:9: warning: '__ANDROID_API__' macro redefined [-Wmacro-redefined]
C/C++:    30 | #define __ANDROID_API__ 24
C/C++:       |         ^
C/C++: /home/runner/work/x25-airplay-receiver/x25-airplay-receiver/app/.cxx/RelWithDebInfo/416841uv/x86_64/<built-in>:391:9: note: previous definition is here
C/C++:   391 | #define __ANDROID_API__ __ANDROID_MIN_SDK_VERSION__
C/C++:       |         ^
C/C++: 1 warning generated.
C/C++: In file included from /home/runner/work/x25-airplay-receiver/x25-airplay-receiver/app/.cxx/RelWithDebInfo/416841uv/x86_64/<built-in>:399:
C/C++: /home/runner/work/x25-airplay-receiver/x25-airplay-receiver/app/.cxx/RelWithDebInfo/416841uv/x86_64/<command line>:30:9: warning: '__ANDROID_API__' macro redefined [-Wmacro-redefined]
C/C++:    30 | #define __ANDROID_API__ 24
C/C++:       |         ^
C/C++: /home/runner/work/x25-airplay-receiver/x25-airplay-receiver/app/.cxx/RelWithDebInfo/416841uv/x86_64/<built-in>:391:9: note: previous definition is here
C/C++:   391 | #define __ANDROID_API__ __ANDROID_MIN_SDK_VERSION__
C/C++:       |         ^
C/C++: In file included from /home/runner/work/x25-airplay-receiver/x25-airplay-receiver/app/.cxx/RelWithDebInfo/416841uv/x86_64/<built-in>:399:
C/C++: /home/runner/work/x25-airplay-receiver/x25-airplay-receiver/app/.cxx/RelWithDebInfo/416841uv/x86_64/<command line>:30:9: warning: '__ANDROID_API__' macro redefined [-Wmacro-redefined]
C/C++:    30 | #define __ANDROID_API__ 24
C/C++:       |         ^
C/C++: /home/runner/work/x25-airplay-receiver/x25-airplay-receiver/app/.cxx/RelWithDebInfo/416841uv/x86_64/<built-in>:391:9: note: previous definition is here
C/C++:   391 | #define __ANDROID_API__ __ANDROID_MIN_SDK_VERSION__
C/C++:       |         ^
C/C++: In file included from /home/runner/work/x25-airplay-receiver/x25-airplay-receiver/app/.cxx/RelWithDebInfo/416841uv/x86_64/<built-in>:In file included from <built-in>:399:
C/C++: /home/runner/work/x25-airplay-receiver/x25-airplay-receiver/app/.cxx/RelWithDebInfo/416841uv/x86_64/<command line>:30:9: warning: '__ANDROID_API__' macro redefined [-Wmacro-redefined]
C/C++: 399:
C/C++: <command line>:   301: warning9: generated .
C/C++: warning: '__ANDROID_API__' macro redefined [-Wmacro-redefined]
C/C++: 30 | #   30 | #ddefine __ANDROID_API__ 24
C/C++:       |         ^
C/C++: /home/runner/work/x25-airplay-receiver/x25-airplay-receiver/app/.cxx/RelWithDebInfo/416841uv/x86_64/e<built-in>:391:9: note: previous definition is here
C/C++: f  391 | #define __ANDROID_API__ __ANDROID_MIN_SDK_VERSION__
C/C++:       |         ^
C/C++: ine __ANDROID_API__ 24
C/C++:       |         ^
C/C++: /home/runner/work/x25-airplay-receiver/x25-airplay-receiver/app/.cxx/RelWithDebInfo/416841uv/x86_64/<built-in>:391:9: note: previous definition is here
C/C++:   391 | #define __ANDROID_API__ __ANDROID_MIN_SDK_VERSION__
C/C++:       |         ^
C/C++: x86_64-linux-android24-clang  -I. -Iinclude -Iproviders/common/include -Iproviders/implementations/include  -DAES_ASM -DBSAES_ASM -DECP_NISTZ256_ASM -DGHASH_ASM -DKECCAK1600_ASM -DMD5_ASM -DOPENSSL_BN_ASM_GF2m -DOPENSSL_BN_ASM_MONT -DOPENSSL_BN_ASM_MONT5 -DOPENSSL_CPUID_OBJ -DOPENSSL_IA32_SSE2 -DPOLY1305_ASM -DSHA1_ASM -DSHA256_ASM -DSHA512_ASM -DSTATIC_LEGACY -DVPAES_ASM -DWHIRLPOOL_ASM -DX25519_ASM -fPIC -pthread -Wa,--noexecstack -Qunused-arguments -g -DANDROID -fdata-sections -ffunction-sections -funwind-tables -fstack-protector-strong -no-canonical-prefixes -D__BIONIC_NO_PAGE_SIZE_MACRO -D_FORTIFY_SOURCE=2 -Wformat -Werror=format-security  -ffile-prefix-map=/home/runner/work/x25-airplay-receiver/x25-airplay-receiver/app/src/main/cpp=. -ffile-prefix-map=/home/runner/work/x25-airplay-receiver/x25-airplay-receiver/app/.cxx/RelWithDebInfo/416841uv/x86_64=. -ffile-prefix-map=/usr/local/lib/android/sdk/ndk/27.0.12077973=. -Qunused-arguments -DOPENSSL_USE_NODELETE -DOPENSSL_PIC -DOPENSSLDIR="\"/usr/local/ssl\"" -DENGINESDIR="\"/usr/local/lib/engines-3\"" -DMODULESDIR="\"/usr/local/lib/ossl-modules\"" -DOPENSSL_BUILDING_OPENSSL -DNDEBUG -D__ANDROID_API__=24 -g -DANDROID -fdata-sections -ffunction-sections -funwind-tables -fstack-protector-strong -no-canonical-prefixes -D__BIONIC_NO_PAGE_SIZE_MACRO -D_FORTIFY_SOURCE=2 -Wformat -Werror=format-security   -ffile-prefix-map=/home/runner/work/x25-airplay-receiver/x25-airplay-receiver/app/src/main/cpp=. -ffile-prefix-map=/home/runner/work/x25-airplay-receiver/x25-airplay-receiver/app/.cxx/RelWithDebInfo/416841uv/x86_64=. -ffile-prefix-map=/usr/local/lib/android/sdk/ndk/27.0.12077973=. -Qunused-arguments -MMD -MF crypto/bio/libcrypto-shlib-bf_buff.d.tmp -c -o crypto/bio/libcrypto-shlib-bf_buff.o crypto/bio/bf_buff.c
C/C++: 1 warning generated.
C/C++: In file included from /home/runner/work/x25-airplay-receiver/x25-airplay-receiver/app/.cxx/RelWithDebInfo/416841uv/x86_64/<built-in>:399:
C/C++: /home/runner/work/x25-airplay-receiver/x25-airplay-receiver/app/.cxx/RelWithDebInfo/416841uv/x86_64/<command line>:30:9: warning: '__ANDROID_API__' macro redefined [-Wmacro-redefined]
C/C++:    30 | #define __ANDROID_API__ 24
C/C++:       |         ^
C/C++: /home/runner/work/x25-airplay-receiver/x25-airplay-receiver/app/.cxx/RelWithDebInfo/416841uv/x86_64/<built-in>:391:9: note: previous definition is here
C/C++:   391 | #define __ANDROID_API__ __ANDROID_MIN_SDK_VERSION__
C/C++:       |         ^
C/C++: 1 warning generated.
C/C++: In file included from /home/runner/work/x25-airplay-receiver/x25-airplay-receiver/app/.cxx/RelWithDebInfo/416841uv/x86_64/<built-in>:399:
C/C++: /home/runner/work/x25-airplay-receiver/x25-airplay-receiver/app/.cxx/RelWithDebInfo/416841uv/x86_64/<command line>:30:9: warning: '__ANDROID_API__' macro redefined [-Wmacro-redefined]
C/C++:    30 | #define __ANDROID_API__ 24
C/C++:       |         ^
C/C++: /home/runner/work/x25-airplay-receiver/x25-airplay-receiver/app/.cxx/RelWithDebInfo/416841uv/x86_64/<built-in>:391:9: note: previous definition is here
C/C++:   391 | #define __ANDROID_API__ __ANDROID_MIN_SDK_VERSION__
C/C++:       |         ^
C/C++: In file included from /home/runner/work/x25-airplay-receiver/x25-airplay-receiver/app/.cxx/RelWithDebInfo/416841uv/x86_64/<built-in>:399:
C/C++: /home/runner/work/x25-airplay-receiver/x25-airplay-receiver/app/.cxx/RelWithDebInfo/416841uv/x86_64/<command line>:30:9: warning: '__ANDROID_API__' macro redefined [-Wmacro-redefined]
C/C++:    30 | #define __ANDROID_API__ 24
C/C++:       |         ^
C/C++: /home/runner/work/x25-airplay-receiver/x25-airplay-receiver/app/.cxx/RelWithDebInfo/416841uv/x86_64/<built-in>:391:9: note: previous definition is here
C/C++:   391 | #define __ANDROID_API__ __ANDROID_MIN_SDK_VERSION__
C/C++:       |         ^
C/C++: In file included from /home/runner/work/x25-airplay-receiver/x25-airplay-receiver/app/.cxx/RelWithDebInfo/416841uv/x86_64/<built-in>:399:
C/C++: /home/runner/work/x25-airplay-receiver/x25-airplay-receiver/app/.cxx/RelWithDebInfo/416841uv/x86_64/<command line>:30:9: warning: '__ANDROID_API__' macro redefined [-Wmacro-redefined]
C/C++:    30 | #define __ANDROID_API__ 24
C/C++:       |         ^
C/C++: /home/runner/work/x25-airplay-receiver/x25-airplay-receiver/app/.cxx/RelWithDebInfo/416841uv/x86_64/<built-in>:391:9: note: previous definition is here
C/C++:   391 | #define __ANDROID_API__ __ANDROID_MIN_SDK_VERSION__
C/C++:       |         ^
C/C++: 1 warning generated.
C/C++: In file included from /home/runner/work/x25-airplay-receiver/x25-airplay-receiver/app/.cxx/RelWithDebInfo/416841uv/x86_64/<built-in>:399:
C/C++: /home/runner/work/x25-airplay-receiver/x25-airplay-receiver/app/.cxx/RelWithDebInfo/416841uv/x86_64/<command line>:30:9: warning: '__ANDROID_API__' macro redefined [-Wmacro-redefined]
C/C++:    30 | #define __ANDROID_API__ 24
C/C++:       |         ^
C/C++: /home/runner/work/x25-airplay-receiver/x25-airplay-receiver/app/.cxx/RelWithDebInfo/416841uv/x86_64/<built-in>:391:9: note: previous definition is here
C/C++:   391 | #define __ANDROID_API__ __ANDROID_MIN_SDK_VERSION__
C/C++:       |         ^
C/C++: 1 warning generated.
C/C++: In file included from /home/runner/work/x25-airplay-receiver/x25-airplay-receiver/app/.cxx/RelWithDebInfo/416841uv/x86_64/<built-in>:399:
C/C++: /home/runner/work/x25-airplay-receiver/x25-airplay-receiver/app/.cxx/RelWithDebInfo/416841uv/x86_64/<command line>:30:9: warning: '__ANDROID_API__' macro redefined [-Wmacro-redefined]
C/C++:    30 | #define __ANDROID_API__ 24
C/C++:       |         ^
C/C++: /home/runner/work/x25-airplay-receiver/x25-airplay-receiver/app/.cxx/RelWithDebInfo/416841uv/x86_64/<built-in>:391:9: note: previous definition is here
C/C++:   391 | #define __ANDROID_API__ __ANDROID_MIN_SDK_VERSION__
C/C++:       |         ^
C/C++: x86_64-linux-android24-clang  -I. -Iinclude -Iproviders/common/include -Iproviders/implementations/include  -DAES_ASM -DBSAES_ASM -DECP_NISTZ256_ASM -DGHASH_ASM -DKECCAK1600_ASM -DMD5_ASM -DOPENSSL_BN_ASM_GF2m -DOPENSSL_BN_ASM_MONT -DOPENSSL_BN_ASM_MONT5 -DOPENSSL_CPUID_OBJ -DOPENSSL_IA32_SSE2 -DPOLY1305_ASM -DSHA1_ASM -DSHA256_ASM -DSHA512_ASM -DSTATIC_LEGACY -DVPAES_ASM -DWHIRLPOOL_ASM -DX25519_ASM -fPIC -pthread -Wa,--noexecstack -Qunused-arguments -g -DANDROID -fdata-sections -ffunction-sections -funwind-tables -fstack-protector-strong -no-canonical-prefixes -D__BIONIC_NO_PAGE_SIZE_MACRO -D_FORTIFY_SOURCE=2 -Wformat -Werror=format-security  -ffile-prefix-map=/home/runner/work/x25-airplay-receiver/x25-airplay-receiver/app/src/main/cpp=. -ffile-prefix-map=/home/runner/work/x25-airplay-receiver/x25-airplay-receiver/app/.cxx/RelWithDebInfo/416841uv/x86_64=. -ffile-prefix-map=/usr/local/lib/android/sdk/ndk/27.0.12077973=. -Qunused-arguments -DOPENSSL_USE_NODELETE -DOPENSSL_PIC -DOPENSSLDIR="\"/usr/local/ssl\"" -DENGINESDIR="\"/usr/local/lib/engines-3\"" -DMODULESDIR="\"/usr/local/lib/ossl-modules\"" -DOPENSSL_BUILDING_OPENSSL -DNDEBUG -D__ANDROID_API__=24 -g -DANDROID -fdata-sections -ffunction-sections -funwind-tables -fstack-protector-strong -no-canonical-prefixes -D__BIONIC_NO_PAGE_SIZE_MACRO -D_FORTIFY_SOURCE=2 -Wformat -Werror=format-security   -ffile-prefix-map=/home/runner/work/x25-airplay-receiver/x25-airplay-receiver/app/src/main/cpp=. -ffile-prefix-map=/home/runner/work/x25-airplay-receiver/x25-airplay-receiver/app/.cxx/RelWithDebInfo/416841uv/x86_64=. -ffile-prefix-map=/usr/local/lib/android/sdk/ndk/27.0.12077973=. -Qunused-arguments -MMD -MF crypto/bio/libcrypto-shlib-bio_addr.d.tmp -c -o crypto/bio/libcrypto-shlib-bio_addr.o crypto/bio/bio_addr.c
C/C++: x86_64-linux-android24-clang  -I. -Iinclude -Iproviders/common/include -Iproviders/implementations/include  -DAES_ASM -DBSAES_ASM -DECP_NISTZ256_ASM -DGHASH_ASM -DKECCAK1600_ASM -DMD5_ASM -DOPENSSL_BN_ASM_GF2m -DOPENSSL_BN_ASM_MONT -DOPENSSL_BN_ASM_MONT5 -DOPENSSL_CPUID_OBJ -DOPENSSL_IA32_SSE2 -DPOLY1305_ASM -DSHA1_ASM -DSHA256_ASM -DSHA512_ASM -DSTATIC_LEGACY -DVPAES_ASM -DWHIRLPOOL_ASM -DX25519_ASM -fPIC -pthread -Wa,--noexecstack -Qunused-arguments -g -DANDROID -fdata-sections -ffunction-sections -funwind-tables -fstack-protector-strong -no-canonical-prefixes -D__BIONIC_NO_PAGE_SIZE_MACRO -D_FORTIFY_SOURCE=2 -Wformat -Werror=format-security  -ffile-prefix-map=/home/runner/work/x25-airplay-receiver/x25-airplay-receiver/app/src/main/cpp=. -ffile-prefix-map=/home/runner/work/x25-airplay-receiver/x25-airplay-receiver/app/.cxx/RelWithDebInfo/416841uv/x86_64=. -ffile-prefix-map=/usr/local/lib/android/sdk/ndk/27.0.12077973=. -Qunused-arguments -DOPENSSL_USE_NODELETE -DOPENSSL_PIC -DOPENSSLDIR="\"/usr/local/ssl\"" -DENGINESDIR="\"/usr/local/lib/engines-3\"" -DMODULESDIR="\"/usr/local/lib/ossl-modules\"" -DOPENSSL_BUILDING_OPENSSL -DNDEBUG -D__ANDROID_API__=24 -g -DANDROID -fdata-sections -ffunction-sections -funwind-tables -fstack-protector-strong -no-canonical-prefixes -D__BIONIC_NO_PAGE_SIZE_MACRO -D_FORTIFY_SOURCE=2 -Wformat -Werror=format-security   -ffile-prefix-map=/home/runner/work/x25-airplay-receiver/x25-airplay-receiver/app/src/main/cpp=. -ffile-prefix-map=/home/runner/work/x25-airplay-receiver/x25-airplay-receiver/app/.cxx/RelWithDebInfo/416841uv/x86_64=. -ffile-prefix-map=/usr/local/lib/android/sdk/ndk/27.0.12077973=. -Qunused-arguments -MMD -MF crypto/bio/libcrypto-shlib-bio_cb.d.tmp -c -o crypto/bio/libcrypto-shlib-bio_cb.o crypto/bio/bio_cb.c
C/C++: In file included from /home/runner/work/x25-airplay-receiver/x25-airplay-receiver/app/.cxx/RelWithDebInfo/416841uv/x86_64/<built-in>:399:
C/C++: /home/runner/work/x25-airplay-receiver/x25-airplay-receiver/app/.cxx/RelWithDebInfo/416841uv/x86_64/<command line>:30:9: warning: '__ANDROID_API__' macro redefined [-Wmacro-redefined]
C/C++: In file included from    30<built-in> | :#399d:
C/C++: e<command line>f:i30n:e9 :_ _warning: A'__ANDROID_API__' macro redefined [-Wmacro-redefined]N
C/C++: DROID_API__ 24
C/C++:       |         ^
C/C++: /home/runner/work/x25-airplay-receiver/x25-airplay-receiver/app/.cxx/RelWithDebInfo/416841uv/x86_64/<built-in>:391:9: note: previous definition is here
C/C++:   391 | #def   i30n | e# d_e_fAiNnDeR O_I_DA_NADPRIO_I_D __A_PAIN_D_R O2I4D
C/C++: _      M| I        ^N
C/C++: _SDK_VERSIO<built-in>N:_391_:
C/C++: 9      :|          ^note: 
C/C++: previous definition is here
C/C++:   391 | #define __ANDROID_API__ __ANDROID_MIN_SDK_VERSION__
C/C++:       |         ^
C/C++: 1 warning generated.
C/C++: In file included from /home/runner/work/x25-airplay-receiver/x25-airplay-receiver/app/.cxx/RelWithDebInfo/416841uv/x86_64/<built-in>:399:
C/C++: /home/runner/work/x25-airplay-receiver/x25-airplay-receiver/app/.cxx/RelWithDebInfo/416841uv/x86_64/<command line>:30:9: warning: '__ANDROID_API__' macro redefined [-Wmacro-redefined]
C/C++:    30 | #define __ANDROID_API__ 24
C/C++:       |         ^
C/C++: /home/runner/work/x25-airplay-receiver/x25-airplay-receiver/app/.cxx/RelWithDebInfo/416841uv/x86_64/<built-in>:391:9: note: previous definition is here
C/C++:   391 | #define __ANDROID_API__ __ANDROID_MIN_SDK_VERSION__
C/C++:       |         ^
C/C++: 1 warning generated.
C/C++: In file included from /home/runner/work/x25-airplay-receiver/x25-airplay-receiver/app/.cxx/RelWithDebInfo/416841uv/x86_64/<built-in>:399:
C/C++: /home/runner/work/x25-airplay-receiver/x25-airplay-receiver/app/.cxx/RelWithDebInfo/416841uv/x86_64/<command line>:30:9: warning: '__ANDROID_API__' macro redefined [-Wmacro-redefined]
C/C++:    30 | #define __ANDROID_API__ 24
C/C++:       |         ^
C/C++: /home/runner/work/x25-airplay-receiver/x25-airplay-receiver/app/.cxx/RelWithDebInfo/416841uv/x86_64/<built-in>:391:9: note: previous definition is here
C/C++:   391 | #define __ANDROID_API__ __ANDROID_MIN_SDK_VERSION__
C/C++:       |         ^
C/C++: x86_64-linux-android24-clang  -I. -Iinclude -Iproviders/common/include -Iproviders/implementations/include  -DAES_ASM -DBSAES_ASM -DECP_NISTZ256_ASM -DGHASH_ASM -DKECCAK1600_ASM -DMD5_ASM -DOPENSSL_BN_ASM_GF2m -DOPENSSL_BN_ASM_MONT -DOPENSSL_BN_ASM_MONT5 -DOPENSSL_CPUID_OBJ -DOPENSSL_IA32_SSE2 -DPOLY1305_ASM -DSHA1_ASM -DSHA256_ASM -DSHA512_ASM -DSTATIC_LEGACY -DVPAES_ASM -DWHIRLPOOL_ASM -DX25519_ASM -fPIC -pthread -Wa,--noexecstack -Qunused-arguments -g -DANDROID -fdata-sections -ffunction-sections -funwind-tables -fstack-protector-strong -no-canonical-prefixes -D__BIONIC_NO_PAGE_SIZE_MACRO -D_FORTIFY_SOURCE=2 -Wformat -Werror=format-security  -ffile-prefix-map=/home/runner/work/x25-airplay-receiver/x25-airplay-receiver/app/src/main/cpp=. -ffile-prefix-map=/home/runner/work/x25-airplay-receiver/x25-airplay-receiver/app/.cxx/RelWithDebInfo/416841uv/x86_64=. -ffile-prefix-map=/usr/local/lib/android/sdk/ndk/27.0.12077973=. -Qunused-arguments -DOPENSSL_USE_NODELETE -DOPENSSL_PIC -DOPENSSLDIR="\"/usr/local/ssl\"" -DENGINESDIR="\"/usr/local/lib/engines-3\"" -DMODULESDIR="\"/usr/local/lib/ossl-modules\"" -DOPENSSL_BUILDING_OPENSSL -DNDEBUG -D__ANDROID_API__=24 -g -DANDROID -fdata-sections -ffunction-sections -funwind-tables -fstack-protector-strong -no-canonical-prefixes -D__BIONIC_NO_PAGE_SIZE_MACRO -D_FORTIFY_SOURCE=2 -Wformat -Werror=format-security   -ffile-prefix-map=/home/runner/work/x25-airplay-receiver/x25-airplay-receiver/app/src/main/cpp=. -ffile-prefix-map=/home/runner/work/x25-airplay-receiver/x25-airplay-receiver/app/.cxx/RelWithDebInfo/416841uv/x86_64=. -ffile-prefix-map=/usr/local/lib/android/sdk/ndk/27.0.12077973=. -Qunused-arguments -MMD -MF crypto/bio/libcrypto-shlib-bio_lib.d.tmp -c -o crypto/bio/libcrypto-shlib-bio_lib.o crypto/bio/bio_lib.c
C/C++: In file included from /home/runner/work/x25-airplay-receiver/x25-airplay-receiver/app/.cxx/RelWithDebInfo/416841uv/x86_64/<built-in>:399:
C/C++: /home/runner/work/x25-airplay-receiver/x25-airplay-receiver/app/.cxx/RelWithDebInfo/416841uv/x86_64/<command line>:30:9: warning: '__ANDROID_API__' macro redefined [-Wmacro-redefined]
C/C++:    30 | #define __ANDROID_API__ 24
C/C++:       |         ^
C/C++: /home/runner/work/x25-airplay-receiver/x25-airplay-receiver/app/.cxx/RelWithDebInfo/416841uv/x86_64/<built-in>:391:9: note: previous definition is here
C/C++:   391 | #define __ANDROID_API__ __ANDROID_MIN_SDK_VERSION__
C/C++:       |         ^
C/C++: 1 warning generated.
C/C++: In file included from /home/runner/work/x25-airplay-receiver/x25-airplay-receiver/app/.cxx/RelWithDebInfo/416841uv/x86_64/<built-in>:399:
C/C++: /home/runner/work/x25-airplay-receiver/x25-airplay-receiver/app/.cxx/RelWithDebInfo/416841uv/x86_64/<command line>:30:9: warning: '__ANDROID_API__' macro redefined [-Wmacro-redefined]
C/C++:    30 | #define __ANDROID_API__ 24
C/C++:       |         ^
C/C++: /home/runner/work/x25-airplay-receiver/x25-airplay-receiver/app/.cxx/RelWithDebInfo/416841uv/x86_64/<built-in>:391:9: note: previous definition is here
C/C++:   391 | #define __ANDROID_API__ __ANDROID_MIN_SDK_VERSION__
C/C++:       |         ^
C/C++: In file included from /home/runner/work/x25-airplay-receiver/x25-airplay-receiver/app/.cxx/RelWithDebInfo/416841uv/x86_64/<built-in>:399:
C/C++: /home/runner/work/x25-airplay-receiver/x25-airplay-receiver/app/.cxx/RelWithDebInfo/416841uv/x86_64/<command line>:30:9: warning: '__ANDROID_API__' macro redefined [-Wmacro-redefined]
C/C++:    30 | 1#define __ANDROID_API__ 24
C/C++:       |         ^
C/C++: <built-in> warning generated.
C/C++: :391:9: note: previous definition is here
C/C++:   391 | #define __ANDROID_API__ __ANDROID_MIN_SDK_VERSION__
C/C++:       |         ^
C/C++: x86_64-linux-android24-clang  -I. -Iinclude -Iproviders/common/include -Iproviders/implementations/include  -DAES_ASM -DBSAES_ASM -DECP_NISTZ256_ASM -DGHASH_ASM -DKECCAK1600_ASM -DMD5_ASM -DOPENSSL_BN_ASM_GF2m -DOPENSSL_BN_ASM_MONT -DOPENSSL_BN_ASM_MONT5 -DOPENSSL_CPUID_OBJ -DOPENSSL_IA32_SSE2 -DPOLY1305_ASM -DSHA1_ASM -DSHA256_ASM -DSHA512_ASM -DSTATIC_LEGACY -DVPAES_ASM -DWHIRLPOOL_ASM -DX25519_ASM -fPIC -pthread -Wa,--noexecstack -Qunused-arguments -g -DANDROID -fdata-sections -ffunction-sections -funwind-tables -fstack-protector-strong -no-canonical-prefixes -D__BIONIC_NO_PAGE_SIZE_MACRO -D_FORTIFY_SOURCE=2 -Wformat -Werror=format-security  -ffile-prefix-map=/home/runner/work/x25-airplay-receiver/x25-airplay-receiver/app/src/main/cpp=. -ffile-prefix-map=/home/runner/work/x25-airplay-receiver/x25-airplay-receiver/app/.cxx/RelWithDebInfo/416841uv/x86_64=. -ffile-prefix-map=/usr/local/lib/android/sdk/ndk/27.0.12077973=. -Qunused-arguments -DOPENSSL_USE_NODELETE -DOPENSSL_PIC -DOPENSSLDIR="\"/usr/local/ssl\"" -DENGINESDIR="\"/usr/local/lib/engines-3\"" -DMODULESDIR="\"/usr/local/lib/ossl-modules\"" -DOPENSSL_BUILDING_OPENSSL -DNDEBUG -D__ANDROID_API__=24 -g -DANDROID -fdata-sections -ffunction-sections -funwind-tables -fstack-protector-strong -no-canonical-prefixes -D__BIONIC_NO_PAGE_SIZE_MACRO -D_FORTIFY_SOURCE=2 -Wformat -Werror=format-security   -ffile-prefix-map=/home/runner/work/x25-airplay-receiver/x25-airplay-receiver/app/src/main/cpp=. -ffile-prefix-map=/home/runner/work/x25-airplay-receiver/x25-airplay-receiver/app/.cxx/RelWithDebInfo/416841uv/x86_64=. -ffile-prefix-map=/usr/local/lib/android/sdk/ndk/27.0.12077973=. -Qunused-arguments -MMD -MF crypto/bio/libcrypto-shlib-bio_sock.d.tmp -c -o crypto/bio/libcrypto-shlib-bio_sock.o crypto/bio/bio_sock.c
C/C++: In file included from /home/runner/work/x25-airplay-receiver/x25-airplay-receiver/app/.cxx/RelWithDebInfo/416841uv/x86_64/<built-in>:399:
C/C++: /home/runner/work/x25-airplay-receiver/x25-airplay-receiver/app/.cxx/RelWithDebInfo/416841uv/x86_64/<command line>:30:9: warning: '__ANDROID_API__' macro redefined [-Wmacro-redefined]
C/C++:    30 | #define __ANDROID_API__ 24
C/C++:       |         ^
C/C++: /home/runner/work/x25-airplay-receiver/x25-airplay-receiver/app/.cxx/RelWithDebInfo/416841uv/x86_64/<built-in>:391:9: note: previous definition is here
C/C++:   391 | #define __ANDROID_API__ __ANDROID_MIN_SDK_VERSION__
C/C++:       |         ^
C/C++: 1 warning generated.
C/C++: In file included from /home/runner/work/x25-airplay-receiver/x25-airplay-receiver/app/.cxx/RelWithDebInfo/416841uv/x86_64/<built-in>:399:
C/C++: /home/runner/work/x25-airplay-receiver/x25-airplay-receiver/app/.cxx/RelWithDebInfo/416841uv/x86_64/<command line>:30:9: warning: '__ANDROID_API__' macro redefined [-Wmacro-redefined]
C/C++:    30 | #define __ANDROID_API__ 24
C/C++:       |         ^
C/C++: /home/runner/work/x25-airplay-receiver/x25-airplay-receiver/app/.cxx/RelWithDebInfo/416841uv/x86_64/<built-in>:391:9: note: previous definition is here
C/C++:   391 | #define __ANDROID_API__ __ANDROID_MIN_SDK_VERSION__
C/C++:       |         ^
C/C++: In file included from /home/runner/work/x25-airplay-receiver/x25-airplay-receiver/app/.cxx/RelWithDebInfo/416841uv/x86_64/<built-in>:399:
C/C++: /home/runner/work/x25-airplay-receiver/x25-airplay-receiver/app/.cxx/RelWithDebInfo/416841uv/x86_64/<command line>:30:9: warning: '__ANDROID_API__' macro redefined [-Wmacro-redefined]
C/C++:    30 | #define __ANDROID_API__ 24
C/C++:       |         ^
C/C++: /home/runner/work/x25-airplay-receiver/x25-airplay-receiver/app/.cxx/RelWithDebInfo/416841uv/x86_64/<built-in>:391:9: note: previous definition is here
C/C++:   391 | #define __ANDROID_API__ __ANDROID_MIN_SDK_VERSION__
C/C++:       |         ^
C/C++: In file included from /home/runner/work/x25-airplay-receiver/x25-airplay-receiver/app/.cxx/RelWithDebInfo/416841uv/x86_64/<built-in>:399:
C/C++: /home/runner/work/x25-airplay-receiver/x25-airplay-receiver/app/.cxx/RelWithDebInfo/416841uv/x86_64/<command line>:30:9: warning: '__ANDROID_API__' macro redefined [-Wmacro-redefined]
C/C++:    30 | #define __ANDROID_API__ 24
C/C++:       |         ^
C/C++: /home/runner/work/x25-airplay-receiver/x25-airplay-receiver/app/.cxx/RelWithDebInfo/416841uv/x86_64/<built-in>:391:9: note: previous definition is here
C/C++:   391 | #define __ANDROID_API__ __ANDROID_MIN_SDK_VERSION__
C/C++:       |         ^
C/C++: 1 warning generated.
C/C++: In file included from /home/runner/work/x25-airplay-receiver/x25-airplay-receiver/app/.cxx/RelWithDebInfo/416841uv/x86_64/<built-in>:399:
C/C++: /home/runner/work/x25-airplay-receiver/x25-airplay-receiver/app/.cxx/RelWithDebInfo/416841uv/x86_64/<command line>:30:9: warning: '__ANDROID_API__' macro redefined [-Wmacro-redefined]
C/C++:    30 | #define __ANDROID_API__ 24
C/C++:       |         ^
C/C++: /home/runner/work/x25-airplay-receiver/x25-airplay-receiver/app/.cxx/RelWithDebInfo/416841uv/x86_64/<built-in>:391:9: note: previous definition is here
C/C++:   391 | #define __ANDROID_API__ __ANDROID_MIN_SDK_VERSION__
C/C++:       |         ^
C/C++: 1 warning generated.
C/C++: In file included from /home/runner/work/x25-airplay-receiver/x25-airplay-receiver/app/.cxx/RelWithDebInfo/416841uv/x86_64/<built-in>:399:
C/C++: /home/runner/work/x25-airplay-receiver/x25-airplay-receiver/app/.cxx/RelWithDebInfo/416841uv/x86_64/<command line>:30:9: warning: '__ANDROID_API__' macro redefined [-Wmacro-redefined]
C/C++:    30 | #define __ANDROID_API__ 24
C/C++:       |         ^
C/C++: /home/runner/work/x25-airplay-receiver/x25-airplay-receiver/app/.cxx/RelWithDebInfo/416841uv/x86_64/<built-in>:391:9: note: previous definition is here
C/C++:   391 | #define __ANDROID_API__ __ANDROID_MIN_SDK_VERSION__
C/C++:       |         ^
C/C++: x86_64-linux-android24-clang  -I. -Iinclude -Iproviders/common/include -Iproviders/implementations/include  -DAES_ASM -DBSAES_ASM -DECP_NISTZ256_ASM -DGHASH_ASM -DKECCAK1600_ASM -DMD5_ASM -DOPENSSL_BN_ASM_GF2m -DOPENSSL_BN_ASM_MONT -DOPENSSL_BN_ASM_MONT5 -DOPENSSL_CPUID_OBJ -DOPENSSL_IA32_SSE2 -DPOLY1305_ASM -DSHA1_ASM -DSHA256_ASM -DSHA512_ASM -DSTATIC_LEGACY -DVPAES_ASM -DWHIRLPOOL_ASM -DX25519_ASM -fPIC -pthread -Wa,--noexecstack -Qunused-arguments -g -DANDROID -fdata-sections -ffunction-sections -funwind-tables -fstack-protector-strong -no-canonical-prefixes -D__BIONIC_NO_PAGE_SIZE_MACRO -D_FORTIFY_SOURCE=2 -Wformat -Werror=format-security  -ffile-prefix-map=/home/runner/work/x25-airplay-receiver/x25-airplay-receiver/app/src/main/cpp=. -ffile-prefix-map=/home/runner/work/x25-airplay-receiver/x25-airplay-receiver/app/.cxx/RelWithDebInfo/416841uv/x86_64=. -ffile-prefix-map=/usr/local/lib/android/sdk/ndk/27.0.12077973=. -Qunused-arguments -DOPENSSL_USE_NODELETE -DOPENSSL_PIC -DOPENSSLDIR="\"/usr/local/ssl\"" -DENGINESDIR="\"/usr/local/lib/engines-3\"" -DMODULESDIR="\"/usr/local/lib/ossl-modules\"" -DOPENSSL_BUILDING_OPENSSL -DNDEBUG -D__ANDROID_API__=24 -g -DANDROID -fdata-sections -ffunction-sections -funwind-tables -fstack-protector-strong -no-canonical-prefixes -D__BIONIC_NO_PAGE_SIZE_MACRO -D_FORTIFY_SOURCE=2 -Wformat -Werror=format-security   -ffile-prefix-map=/home/runner/work/x25-airplay-receiver/x25-airplay-receiver/app/src/main/cpp=. -ffile-prefix-map=/home/runner/work/x25-airplay-receiver/x25-airplay-receiver/app/.cxx/RelWithDebInfo/416841uv/x86_64=. -ffile-prefix-map=/usr/local/lib/android/sdk/ndk/27.0.12077973=. -Qunused-arguments -MMD -MF crypto/bio/libcrypto-shlib-bss_dgram_pair.d.tmp -c -o crypto/bio/libcrypto-shlib-bss_dgram_pair.o crypto/bio/bss_dgram_pair.c
C/C++: In file included from /home/runner/work/x25-airplay-receiver/x25-airplay-receiver/app/.cxx/RelWithDebInfo/416841uv/x86_64/<built-in>:399:
C/C++: /home/runner/work/x25-airplay-receiver/x25-airplay-receiver/app/.cxx/RelWithDebInfo/416841uv/x86_64/<command line>:30:9: warning: '__ANDROID_API__' macro redefined [-Wmacro-redefined]
C/C++:    30 | #define __ANDROID_API__ 24
C/C++:       |         ^
C/C++: /home/runner/work/x25-airplay-receiver/x25-airplay-receiver/app/.cxx/RelWithDebInfo/416841uv/x86_64/<built-in>:391:9: note: previous definition is here
C/C++:   391 | #define __ANDROID_API__ __ANDROID_MIN_SDK_VERSION__
C/C++:       |         ^
C/C++: In file included from /home/runner/work/x25-airplay-receiver/x25-airplay-receiver/app/.cxx/RelWithDebInfo/416841uv/x86_64/<built-in>:399:
C/C++: /home/runner/work/x25-airplay-receiver/x25-airplay-receiver/app/.cxx/RelWithDebInfo/416841uv/x86_64/<command line>:30:9: warning: '__ANDROID_API__' macro redefined [-Wmacro-redefined]
C/C++:    30 | #define __ANDROID_API__ 24
C/C++:       |         ^
C/C++: /home/runner/work/x25-airplay-receiver/x25-airplay-receiver/app/.cxx/RelWithDebInfo/416841uv/x86_64/<built-in>:391:9: note: previous definition is here
C/C++:   391 | #define __ANDROID_API__ __ANDROID_MIN_SDK_VERSION__
C/C++:       |         ^
C/C++: 1 warning generated.
C/C++: In file included from /home/runner/work/x25-airplay-receiver/x25-airplay-receiver/app/.cxx/RelWithDebInfo/416841uv/x86_64/<built-in>:399:
C/C++: /home/runner/work/x25-airplay-receiver/x25-airplay-receiver/app/.cxx/RelWithDebInfo/416841uv/x86_64/<command line>:30:9: warning: '__ANDROID_API__' macro redefined [-Wmacro-redefined]
C/C++:    30 | #define __ANDROID_API__ 24
C/C++:       |         ^
C/C++: /home/runner/work/x25-airplay-receiver/x25-airplay-receiver/app/.cxx/RelWithDebInfo/416841uv/x86_64/<built-in>:391:9: note: previous definition is here
C/C++:   391 | #define __ANDROID_API__ __ANDROID_MIN_SDK_VERSION__
C/C++:       |         ^
C/C++: 1 warning generated.
C/C++: In file included from /home/runner/work/x25-airplay-receiver/x25-airplay-receiver/app/.cxx/RelWithDebInfo/416841uv/x86_64/<built-in>:399:
C/C++: /home/runner/work/x25-airplay-receiver/x25-airplay-receiver/app/.cxx/RelWithDebInfo/416841uv/x86_64/<command line>:30:9: warning: '__ANDROID_API__' macro redefined [-Wmacro-redefined]
C/C++:    30 | #define __ANDROID_API__ 24
C/C++:       |         ^
C/C++: /home/runner/work/x25-airplay-receiver/x25-airplay-receiver/app/.cxx/RelWithDebInfo/416841uv/x86_64/<built-in>:391:9: note: previous definition is here
C/C++:   391 | #define __ANDROID_API__ __ANDROID_MIN_SDK_VERSION__
C/C++:       |         ^
C/C++: 1 warning generated.
C/C++: In file included from /home/runner/work/x25-airplay-receiver/x25-airplay-receiver/app/.cxx/RelWithDebInfo/416841uv/x86_64/<built-in>:399:
C/C++: /home/runner/work/x25-airplay-receiver/x25-airplay-receiver/app/.cxx/RelWithDebInfo/416841uv/x86_64/<command line>:30:9: warning: '__ANDROID_API__' macro redefined [-Wmacro-redefined]
C/C++:    30 | #define __ANDROID_API__ 24
C/C++:       |         ^
C/C++: /home/runner/work/x25-airplay-receiver/x25-airplay-receiver/app/.cxx/RelWithDebInfo/416841uv/x86_64/<built-in>:391:9: note: previous definition is here
C/C++:   391 | #define __ANDROID_API__ __ANDROID_MIN_SDK_VERSION__
C/C++:       |         ^
C/C++: In file included from /home/runner/work/x25-airplay-receiver/x25-airplay-receiver/app/.cxx/RelWithDebInfo/416841uv/x86_64/<built-in>:399:
C/C++: /home/runner/work/x25-airplay-receiver/x25-airplay-receiver/app/.cxx/RelWithDebInfo/416841uv/x86_64/<command line>:30:9: warning: '__ANDROID_API__' macro redefined [-Wmacro-redefined]
C/C++:    30 | #define __ANDROID_API__ 24
C/C++:       |         ^
C/C++: /home/runner/work/x25-airplay-receiver/x25-airplay-receiver/app/.cxx/RelWithDebInfo/416841uv/x86_64/<built-in>:391:9: note: previous definition is here
C/C++:   391 | #define __ANDROID_API__ __ANDROID_MIN_SDK_VERSION__
C/C++:       |         ^
C/C++: In file included from /home/runner/work/x25-airplay-receiver/x25-airplay-receiver/app/.cxx/RelWithDebInfo/416841uv/x86_64/<built-in>:399:
C/C++: /home/runner/work/x25-airplay-receiver/x25-airplay-receiver/app/.cxx/RelWithDebInfo/416841uv/x86_64/<command line>:30:9: warning: '__ANDROID_API__' macro redefined [-Wmacro-redefined]
C/C++:    30 | #define __ANDROID_API__ 24
C/C++:       |         ^
C/C++: /home/runner/work/x25-airplay-receiver/x25-airplay-receiver/app/.cxx/RelWithDebInfo/416841uv/x86_64/<built-in>:391:9: note: previous definition is here
C/C++:   391 | #define __ANDROID_API__ __ANDROID_MIN_SDK_VERSION__
C/C++:       |         ^
C/C++: 1 warning generated.
C/C++: In file included from /home/runner/work/x25-airplay-receiver/x25-airplay-receiver/app/.cxx/RelWithDebInfo/416841uv/x86_64/<built-in>:399:
C/C++: /home/runner/work/x25-airplay-receiver/x25-airplay-receiver/app/.cxx/RelWithDebInfo/416841uv/x86_64/<command line>:30:9: warning: '__ANDROID_API__' macro redefined [-Wmacro-redefined]
C/C++:    30 | #define __ANDROID_API__ 241 warning generated.
C/C++:       |         ^
C/C++: /home/runner/work/x25-airplay-receiver/x25-airplay-receiver/app/.cxx/RelWithDebInfo/416841uv/x86_64/<built-in>:391:9: note: previous definition is here
C/C++:   391 | #define __ANDROID_API__ __ANDROID_MIN_SDK_VERSION__
C/C++:       |         ^
C/C++: 1 warning generated.
C/C++: In file included from /home/runner/work/x25-airplay-receiver/x25-airplay-receiver/app/.cxx/RelWithDebInfo/416841uv/x86_64/<built-in>:399:
C/C++: /home/runner/work/x25-airplay-receiver/x25-airplay-receiver/app/.cxx/RelWithDebInfo/416841uv/x86_64/<command line>:30:9: warning:  warning: '__ANDROID_API__' macro redefined [-Wmacro-redefined]'__ANDROID_API__' macro redefined [-Wmacro-redefined]
C/C++:       3030 |  | ##ddeeffiinnee  ____AANNDDRROOIIDD__AAPPII____  2244
C/C++:             | |         ^        ^
C/C++: <built-in><built-in>::391391::99::  note: note: previous definition is hereprevious definition is here
C/C++:     391391 |  | ##ddeeffiinnee  ____AANNDDRROOIIDD__AAPPII____  ____AANNDDRROOIIDD__MMIINN__SSDDKK__VVEERRSSIIOONN____
C/C++:             | |         ^        ^
C/C++: In file included from /home/runner/work/x25-airplay-receiver/x25-airplay-receiver/app/.cxx/RelWithDebInfo/416841uv/x86_64/<built-in>:399:
C/C++: /home/runner/work/x25-airplay-receiver/x25-airplay-receiver/app/.cxx/RelWithDebInfo/416841uv/x86_64/<command line>:30:9: warning: '__ANDROID_API__' macro redefined [-Wmacro-redefined]
C/C++:    30 | #define __ANDROID_API__ 24
C/C++:       |         ^
C/C++: /home/runner/work/x25-airplay-receiver/x25-airplay-receiver/app/.cxx/RelWithDebInfo/416841uv/x86_64/<built-in>:391:9: note: previous definition is here
C/C++:   391 | #define __ANDROID_API__ __ANDROID_MIN_SDK_VERSION__
C/C++:       |         ^
C/C++: 1 warning generated.
C/C++: In file included from /home/runner/work/x25-airplay-receiver/x25-airplay-receiver/app/.cxx/RelWithDebInfo/416841uv/x86_64/<built-in>:399:
C/C++: :30:9: warning: '__ANDROID_API__' macro redefined [-Wmacro-redefined]
C/C++:    30 | #define __ANDROID_API__ 24
C/C++:       |         ^
C/C++: /home/runner/work/x25-airplay-receiver/x25-airplay-receiver/app/.cxx/RelWithDebInfo/416841uv/x86_64/<built-in>:391:9: note: previous definition is here
C/C++:   391 | #define __ANDR1OID_API__ __ANDROID_MIN_SDK_VERSION__
C/C++:       |         ^
C/C++:  warning generated.
C/C++: In file included from /home/runner/work/x25-airplay-receiver/x25-airplay-receiver/app/.cxx/RelWithDebInfo/416841uv/x86_64/<built-in>:399:
C/C++: /home/runner/work/x25-airplay-receiver/x25-airplay-receiver/app/.cxx/RelWithDebInfo/416841uv/x86_64/<command line>:30:9: warning: '__ANDROID_API__' macro redefined [-Wmacro-redefined]
C/C++:    30 | #define __ANDROID_API__ 24
C/C++:       |         ^
C/C++: /home/runner/work/x25-airplay-receiver/x25-airplay-receiver/app/.cxx/RelWithDebInfo/416841uv/x86_64/<built-in>:391:9: note: previous definition is here
C/C++:   391 | #define __ANDROID_API__ __ANDROID_MIN_SDK_VERSION__
C/C++:       |         ^
C/C++: In file included from /home/runner/work/x25-airplay-receiver/x25-airplay-receiver/app/.cxx/RelWithDebInfo/416841uv/x86_64/<built-in>:399:
C/C++: /home/runner/work/x25-airplay-receiver/x25-airplay-receiver/app/.cxx/RelWithDebInfo/416841uv/x86_64/<command line>:30:9: warning: '__ANDROID_API__' macro redefined [-Wmacro-redefined]
C/C++:    30 | #define __ANDROID_API__ 24
C/C++:       |         ^
C/C++: /home/runner/work/x25-airplay-receiver/x25-airplay-receiver/app/.cxx/RelWithDebInfo/416841uv/x86_64/<built-in>:391:9: note: previous definition is here
C/C++:   391 | #define __ANDROID_API__ __ANDROID_MIN_SDK_VERSION__
C/C++:       |         ^
C/C++: 1 warning generated.
C/C++: In file included from /home/runner/work/x25-airplay-receiver/x25-airplay-receiver/app/.cxx/RelWithDebInfo/416841uv/x86_64/<built-in>:399:
C/C++: /home/runner/work/x25-airplay-receiver/x25-airplay-receiver/app/.cxx/RelWithDebInfo/416841uv/x86_64/<command line>:30:9: warning: '__ANDROID_API__' macro redefined [-Wmacro-redefined]
C/C++:    30 | #define __ANDROID_API__ 24
C/C++:       |         ^
C/C++: /home/runner/work/x25-airplay-receiver/x25-airplay-receiver/app/.cxx/RelWithDebInfo/416841uv/x86_64/<built-in>:391:9: note: previous definition is here
C/C++:   391 | #define __ANDROID_API__ __ANDROID_MIN_SDK_VERSION__
C/C++:       |         ^
C/C++: In file included from /home/runner/work/x25-airplay-receiver/x25-airplay-receiver/app/.cxx/RelWithDebInfo/416841uv/x86_64/<built-in>:399:
C/C++: /home/runner/work/x25-airplay-receiver/x25-airplay-receiver/app/.cxx/RelWithDebInfo/416841uv/x86_64/<command line>:30:9: warning: '__ANDROID_API__' macro redefined [-Wmacro-redefined]
C/C++:    30 | #define __ANDROID_API__ 24
C/C++:       |         ^
C/C++: /home/runner/work/x25-airplay-receiver/x25-airplay-receiver/app/.cxx/RelWithDebInfo/416841uv/x86_64/<built-in>:391:9: note: previous definition is here
C/C++:   391 | #define __ANDROID_API__ __ANDROID_MIN_SDK_VERSION__
C/C++:       |         ^
C/C++: 1 warning generated.
C/C++: In file included from /home/runner/work/x25-airplay-receiver/x25-airplay-receiver/app/.cxx/RelWithDebInfo/416841uv/x86_64/<built-in>:399:
C/C++: /home/runner/work/x25-airplay-receiver/x25-airplay-receiver/app/.cxx/RelWithDebInfo/416841uv/x86_64/<command line>:30:9: warning: '__ANDROID_API__' macro redefined [-Wmacro-redefined]
C/C++:    30 | #define __ANDROID_API__ 24
C/C++:       |         ^
C/C++: /home/runner/work/x25-airplay-receiver/x25-airplay-receiver/app/.cxx/RelWithDebInfo/416841uv/x86_64/<built-in>:391:9: note: previous definition is here
C/C++:   391 | #define __ANDROID_API__ __ANDROID_MIN_SDK_VERSION__
C/C++:       |         ^
C/C++: In file included from /home/runner/work/x25-airplay-receiver/x25-airplay-receiver/app/.cxx/RelWithDebInfo/416841uv/x86_64/<built-in>:399:
C/C++: /home/runner/work/x25-airplay-receiver/x25-airplay-receiver/app/.cxx/RelWithDebInfo/416841uv/x86_64/<command line>:30:9: warning: '__ANDROID_API__' macro redefined [-Wmacro-redefined]
C/C++:    30 | #define __ANDROID_API__ 24
C/C++:       |         ^
C/C++: /home/runner/work/x25-airplay-receiver/x25-airplay-receiver/app/.cxx/RelWithDebInfo/416841uv/x86_64/<built-in>:391:9: note: previous definition is here
C/C++:   391 | #define __ANDROID_API__ __ANDROID_MIN_SDK_VERSION__
C/C++:       |         ^
C/C++: 1 warning generated.
C/C++: In file included from /home/runner/work/x25-airplay-receiver/x25-airplay-receiver/app/.cxx/RelWithDebInfo/416841uv/x86_64/<built-in>:399:
C/C++: /home/runner/work/x25-airplay-receiver/x25-airplay-receiver/app/.cxx/RelWithDebInfo/416841uv/x86_64/<command line>:30:9: warning: '__ANDROID_API__' macro redefined [-Wmacro-redefined]
C/C++:    30 | #define __ANDROID_API__ 24
C/C++:       |         ^
C/C++: /home/runner/work/x25-airplay-receiver/x25-airplay-receiver/app/.cxx/RelWithDebInfo/416841uv/x86_64/<built-in>:391:9: note: previous definition is here
C/C++:   391 | #define __ANDROID_API__ __ANDROID_MIN_SDK_VERSION__
C/C++:       |         ^
C/C++: x86_64-linux-android24-clang  -I. -Iinclude -Iproviders/common/include -Iproviders/implementations/include  -DAES_ASM -DBSAES_ASM -DECP_NISTZ256_ASM -DGHASH_ASM -DKECCAK1600_ASM -DMD5_ASM -DOPENSSL_BN_ASM_GF2m -DOPENSSL_BN_ASM_MONT -DOPENSSL_BN_ASM_MONT5 -DOPENSSL_CPUID_OBJ -DOPENSSL_IA32_SSE2 -DPOLY1305_ASM -DSHA1_ASM -DSHA256_ASM -DSHA512_ASM -DSTATIC_LEGACY -DVPAES_ASM -DWHIRLPOOL_ASM -DX25519_ASM -fPIC -pthread -Wa,--noexecstack -Qunused-arguments -g -DANDROID -fdata-sections -ffunction-sections -funwind-tables -fstack-protector-strong -no-canonical-prefixes -D__BIONIC_NO_PAGE_SIZE_MACRO -D_FORTIFY_SOURCE=2 -Wformat -Werror=format-security  -ffile-prefix-map=/home/runner/work/x25-airplay-receiver/x25-airplay-receiver/app/src/main/cpp=. -ffile-prefix-map=/home/runner/work/x25-airplay-receiver/x25-airplay-receiver/app/.cxx/RelWithDebInfo/416841uv/x86_64=. -ffile-prefix-map=/usr/local/lib/android/sdk/ndk/27.0.12077973=. -Qunused-arguments -DOPENSSL_USE_NODELETE -DOPENSSL_PIC -DOPENSSLDIR="\"/usr/local/ssl\"" -DENGINESDIR="\"/usr/local/lib/engines-3\"" -DMODULESDIR="\"/usr/local/lib/ossl-modules\"" -DOPENSSL_BUILDING_OPENSSL -DNDEBUG -D__ANDROID_API__=24 -g -DANDROID -fdata-sections -ffunction-sections -funwind-tables -fstack-protector-strong -no-canonical-prefixes -D__BIONIC_NO_PAGE_SIZE_MACRO -D_FORTIFY_SOURCE=2 -Wformat -Werror=format-security   -ffile-prefix-map=/home/runner/work/x25-airplay-receiver/x25-airplay-receiver/app/src/main/cpp=. -ffile-prefix-map=/home/runner/work/x25-airplay-receiver/x25-airplay-receiver/app/.cxx/RelWithDebInfo/416841uv/x86_64=. -ffile-prefix-map=/usr/local/lib/android/sdk/ndk/27.0.12077973=. -Qunused-arguments -MMD -MF crypto/bn/libcrypto-shlib-bn_gcd.d.tmp -c -o crypto/bn/libcrypto-shlib-bn_gcd.o crypto/bn/bn_gcd.c
C/C++: In file included from /home/runner/work/x25-airplay-receiver/x25-airplay-receiver/app/.cxx/RelWithDebInfo/416841uv/x86_64/<built-in>:399:
C/C++: /home/runner/work/x25-airplay-receiver/x25-airplay-receiver/app/.cxx/RelWithDebInfo/416841uv/x86_64/<command line>:30:9: warning: '__ANDROID_API__' macro redefined [-Wmacro-redefined]
C/C++:    30 | #define __ANDROID_API__ 24
C/C++:       |         ^
C/C++: /home/runner/work/x25-airplay-receiver/x25-airplay-receiver/app/.cxx/RelWithDebInfo/416841uv/x86_64/<built-in>:391:9: note: previous definition is here
C/C++:   391 | #define __ANDROID_API__ __ANDROID_MIN_SDK_VERSION__
C/C++:       |         ^
C/C++: 1 warning generated.
C/C++: In file included from /home/runner/work/x25-airplay-receiver/x25-airplay-receiver/app/.cxx/RelWithDebInfo/416841uv/x86_64/<built-in>:399:
C/C++: /home/runner/work/x25-airplay-receiver/x25-airplay-receiver/app/.cxx/RelWithDebInfo/416841uv/x86_64/<command line>:30:9: warning: '__ANDROID_API__' macro redefined [-Wmacro-redefined]
C/C++:    30 | #define __ANDROID_API__ 24
C/C++:       |         ^
C/C++: /home/runner/work/x25-airplay-receiver/x25-airplay-receiver/app/.cxx/RelWithDebInfo/416841uv/x86_64/<built-in>:391:9: note: previous definition is here
C/C++:   391 | #define __ANDROID_API__ __ANDROID_MIN_SDK_VERSION__
C/C++:       |         ^
C/C++: In file included from /home/runner/work/x25-airplay-receiver/x25-airplay-receiver/app/.cxx/RelWithDebInfo/416841uv/x86_64/<built-in>:399:
C/C++: /home/runner/work/x25-airplay-receiver/x25-airplay-receiver/app/.cxx/RelWithDebInfo/416841uv/x86_64/<command line>:30:9: warning: '__ANDROID_API__' macro redefined [-Wmacro-redefined]
C/C++:    30 | #define __ANDROID_API__ 24
C/C++:       |         ^
C/C++: /home/runner/work/x25-airplay-receiver/x25-airplay-receiver/app/.cxx/RelWithDebInfo/416841uv/x86_64/<built-in>:391:9: note: previous definition is here
C/C++:   391 | #define __ANDROID_API__ __ANDROID_MIN_SDK_VERSION__
C/C++:       |         ^
C/C++: 1 warning generated.
C/C++: In file included from /home/runner/work/x25-airplay-receiver/x25-airplay-receiver/app/.cxx/RelWithDebInfo/416841uv/x86_64/<built-in>:399:
C/C++: /home/runner/work/x25-airplay-receiver/x25-airplay-receiver/app/.cxx/RelWithDebInfo/416841uv/x86_64/<command line>:30:9: warning: '__ANDROID_API__' macro redefined [-Wmacro-redefined]
C/C++:    30 | #define __ANDROID_API__ 24
C/C++:       |         ^
C/C++: /home/runner/work/x25-airplay-receiver/x25-airplay-receiver/app/.cxx/RelWithDebInfo/416841uv/x86_64/<built-in>:391:9: note: previous definition is here1 warning generated.
C/C++:   391 | #define __ANDROID_API__ __ANDROID_MIN_SDK_VERSION__
C/C++:       |         ^
C/C++: 1 warning generated.
C/C++: In file included from /home/runner/work/x25-airplay-receiver/x25-airplay-receiver/app/.cxx/RelWithDebInfo/416841uv/x86_64/<built-in>:399:
C/C++: /home/runner/work/x25-airplay-receiver/x25-airplay-receiver/app/.cxx/RelWithDebInfo/416841uv/x86_64/<command line>:30:9: warning: '__ANDROID_API__' macro redefined [-Wmacro-redefined]
C/C++:    30 | #define __ANDROID_API__ 24
C/C++:       |         ^
C/C++: /home/runner/work/x25-airplay-receiver/x25-airplay-receiver/app/.cxx/RelWithDebInfo/416841uv/x86_64/<built-in>:391:9: note: previous definition is here
C/C++:   391 | #define __ANDROID_API__ __ANDROID_MIN_SDK_VERSION__
C/C++:       |         ^
C/C++: 1 warning generated.
C/C++: In file included from /home/runner/work/x25-airplay-receiver/x25-airplay-receiver/app/.cxx/RelWithDebInfo/416841uv/x86_64/<built-in>:399:
C/C++: /home/runner/work/x25-airplay-receiver/x25-airplay-receiver/app/.cxx/RelWithDebInfo/416841uv/x86_64/<command line>:30:9: warning: '__ANDROID_API__' macro redefined [-Wmacro-redefined]
C/C++:    30 | #define __ANDROID_API__ 24
C/C++:       |         ^
C/C++: /home/runner/work/x25-airplay-receiver/x25-airplay-receiver/app/.cxx/RelWithDebInfo/416841uv/x86_64/<built-in>:391:9: note: previous definition is here
C/C++:   391 | #define __ANDROID_API__ __ANDROID_MIN_SDK_VERSION__
C/C++:       |         ^
C/C++: x86_64-linux-android24-clang  -I. -Iinclude -Iproviders/common/include -Iproviders/implementations/include  -DAES_ASM -DBSAES_ASM -DECP_NISTZ256_ASM -DGHASH_ASM -DKECCAK1600_ASM -DMD5_ASM -DOPENSSL_BN_ASM_GF2m -DOPENSSL_BN_ASM_MONT -DOPENSSL_BN_ASM_MONT5 -DOPENSSL_CPUID_OBJ -DOPENSSL_IA32_SSE2 -DPOLY1305_ASM -DSHA1_ASM -DSHA256_ASM -DSHA512_ASM -DSTATIC_LEGACY -DVPAES_ASM -DWHIRLPOOL_ASM -DX25519_ASM -fPIC -pthread -Wa,--noexecstack -Qunused-arguments -g -DANDROID -fdata-sections -ffunction-sections -funwind-tables -fstack-protector-strong -no-canonical-prefixes -D__BIONIC_NO_PAGE_SIZE_MACRO -D_FORTIFY_SOURCE=2 -Wformat -Werror=format-security  -ffile-prefix-map=/home/runner/work/x25-airplay-receiver/x25-airplay-receiver/app/src/main/cpp=. -ffile-prefix-map=/home/runner/work/x25-airplay-receiver/x25-airplay-receiver/app/.cxx/RelWithDebInfo/416841uv/x86_64=. -ffile-prefix-map=/usr/local/lib/android/sdk/ndk/27.0.12077973=. -Qunused-arguments -DOPENSSL_USE_NODELETE -DOPENSSL_PIC -DOPENSSLDIR="\"/usr/local/ssl\"" -DENGINESDIR="\"/usr/local/lib/engines-3\"" -DMODULESDIR="\"/usr/local/lib/ossl-modules\"" -DOPENSSL_BUILDING_OPENSSL -DNDEBUG -D__ANDROID_API__=24 -g -DANDROID -fdata-sections -ffunction-sections -funwind-tables -fstack-protector-strong -no-canonical-prefixes -D__BIONIC_NO_PAGE_SIZE_MACRO -D_FORTIFY_SOURCE=2 -Wformat -Werror=format-security   -ffile-prefix-map=/home/runner/work/x25-airplay-receiver/x25-airplay-receiver/app/src/main/cpp=. -ffile-prefix-map=/home/runner/work/x25-airplay-receiver/x25-airplay-receiver/app/.cxx/RelWithDebInfo/416841uv/x86_64=. -ffile-prefix-map=/usr/local/lib/android/sdk/ndk/27.0.12077973=. -Qunused-arguments -MMD -MF crypto/bn/libcrypto-shlib-bn_mod.d.tmp -c -o crypto/bn/libcrypto-shlib-bn_mod.o crypto/bn/bn_mod.c
C/C++: In file included from /home/runner/work/x25-airplay-receiver/x25-airplay-receiver/app/.cxx/RelWithDebInfo/416841uv/x86_64/<built-in>:399:
C/C++: /home/runner/work/x25-airplay-receiver/x25-airplay-receiver/app/.cxx/RelWithDebInfo/416841uv/x86_64/<command line>:30:9: warning: '__ANDROID_API__' macro redefined [-Wmacro-redefined]
C/C++:    30 | #define __ANDROID_API__ 24
C/C++:       |         ^
C/C++: /home/runner/work/x25-airplay-receiver/x25-airplay-receiver/app/.cxx/RelWithDebInfo/416841uv/x86_64/<built-in>:391:9: note: previous definition is here
C/C++:   391 | #define __ANDROID_API__ __ANDROID_MIN_SDK_VERSION__
C/C++:       |         ^
C/C++: 1 warning generated.
C/C++: In file included from /home/runner/work/x25-airplay-receiver/x25-airplay-receiver/app/.cxx/RelWithDebInfo/416841uv/x86_64/<built-in>:399:
C/C++: /home/runner/work/x25-airplay-receiver/x25-airplay-receiver/app/.cxx/RelWithDebInfo/416841uv/x86_64/<command line>:30:9: warning: '__ANDROID_API__' macro redefined [-Wmacro-redefined]
C/C++:    30 | #define __ANDROID_API__ 24
C/C++:       |         ^
C/C++: /home/runner/work/x25-airplay-receiver/x25-airplay-receiver/app/.cxx/RelWithDebInfo/416841uv/x86_64/<built-in>:391:9: note: previous definition is here
C/C++:   391 | #define __ANDROID_API__ __ANDROID_MIN_SDK_VERSION__
C/C++:       |         ^
C/C++: In file included from /home/runner/work/x25-airplay-receiver/x25-airplay-receiver/app/.cxx/RelWithDebInfo/416841uv/x86_64/<built-in>:399:
C/C++: /home/runner/work/x25-airplay-receiver/x25-airplay-receiver/app/.cxx/RelWithDebInfo/416841uv/x86_64/<command line>:30:9: warning: '__ANDROID_API__' macro redefined [-Wmacro-redefined]
C/C++:    30 | #define __ANDROID_API__ 24
C/C++:       |         ^
C/C++: /home/runner/work/x25-airplay-receiver/x25-airplay-receiver/app/.cxx/RelWithDebInfo/416841uv/x86_64/<built-in>:391:9: note: previous definition is here
C/C++:   391 | #define __ANDROID_API__ __ANDROID_MIN_SDK_VERSION__
C/C++:       |         ^
C/C++: 1 warning generated.
C/C++: In file included from /home/runner/work/x25-airplay-receiver/x25-airplay-receiver/app/.cxx/RelWithDebInfo/416841uv/x86_64/<built-in>:399:
C/C++: /home/runner/work/x25-airplay-receiver/x25-airplay-receiver/app/.cxx/RelWithDebInfo/416841uv/x86_64/<command line>:30:9: warning: '__ANDROID_API__' macro redefined [-Wmacro-redefined]
C/C++:    30 | #define __ANDROID_API__ 24
C/C++:       |         ^
C/C++: /home/runner/work/x25-airplay-receiver/x25-airplay-receiver/app/.cxx/RelWithDebInfo/416841uv/x86_64/<built-in>:391:9: note: previous definition is here
C/C++:   391 | #define __ANDROID_API__ __ANDROID_MIN_SDK_VERSION__
C/C++:       |         ^
C/C++: 1 warning generated.
C/C++: In file included from /home/runner/work/x25-airplay-receiver/x25-airplay-receiver/app/.cxx/RelWithDebInfo/416841uv/x86_64/<built-in>:399:
C/C++: /home/runner/work/x25-airplay-receiver/x25-airplay-receiver/app/.cxx/RelWithDebInfo/416841uv/x86_64/<command line>:30:9: warning: '__ANDROID_API__' macro redefined [-Wmacro-redefined]
C/C++:    30 | #define __ANDROID_API__ 24
C/C++:       |         ^
C/C++: <built-in>:391:9x86_64-linux-android24-clang  -I. -Iinclude -Iproviders/common/include -Iproviders/implementations/include  -DAES_ASM -DBSAES_ASM -DECP_NISTZ256_ASM -DGHASH_ASM -DKECCAK1600_ASM -DMD5_ASM -DOPENSSL_BN_ASM_GF2m -DOPENSSL_BN_ASM_MONT -DOPENSSL_BN_ASM_MONT5 -DOPENSSL_CPUID_OBJ -DOPENSSL_IA32_SSE2 -DPOLY1305_ASM -DSHA1_ASM -DSHA256_ASM -DSHA512_ASM -DSTATIC_LEGACY -DVPAES_ASM -DWHIRLPOOL_ASM -DX25519_ASM -fPIC -pthread -Wa,--noexecstack -Qunused-arguments -g -DANDROID -fdata-sections -ffunction-sections -funwind-tables -fstack-protector-strong -no-canonical-prefixes -D__BIONIC_NO_PAGE_SIZE_MACRO -D_FORTIFY_SOURCE=2 -Wformat -Werror=format-security  -ffile-prefix-map=/home/runner/work/x25-airplay-receiver/x25-airplay-receiver/app/src/main/cpp=. -ffile-prefix-map=/home/runner/work/x25-airplay-receiver/x25-airplay-receiver/app/.cxx/RelWithDebInfo/416841uv/x86_64=. -ffile-prefix-map=/usr/local/lib/android/sdk/ndk/27.0.12077973=. -Qunused-arguments -DOPENSSL_USE_NODELETE -DOPENSSL_PIC -DOPENSSLDIR="\"/usr/local/ssl\"" -DENGINESDIR="\"/usr/local/lib/engines-3\"" -DMODULESDIR="\"/usr/local/lib/ossl-modules\"" -DOPENSSL_BUILDING_OPENSSL -DNDEBUG -D__ANDROID_API__=24 -g -DANDROID -fdata-sections -ffunction-sections -funwind-tables -fstack-protector-strong -no-canonical-prefixes -D__BIONIC_NO_PAGE_SIZE_MACRO -D_FORTIFY_SOURCE=2 -Wformat -Werror=format-security   -ffile-prefix-map=/home/runner/work/x25-airplay-receiver/x25-airplay-receiver/app/src/main/cpp=. -ffile-prefix-map=/home/runner/work/x25-airplay-receiver/x25-airplay-receiver/app/.cxx/RelWithDebInfo/416841uv/x86_64=. -ffile-prefix-map=/usr/local/lib/android/sdk/ndk/27.0.12077973=. -Qunused-arguments -MMD -MF crypto/bn/libcrypto-shlib-bn_prime.d.tmp -c -o crypto/bn/libcrypto-shlib-bn_prime.o crypto/bn/bn_prime.c
C/C++: : note: previous definition is here
C/C++:   391 | #define __ANDROID_API__ __ANDROID_MIN_SDK_VERSION__
C/C++:       |         ^
C/C++: x86_64-linux-android24-clang  -I. -Iinclude -Iproviders/common/include -Iproviders/implementations/include  -DAES_ASM -DBSAES_ASM -DECP_NISTZ256_ASM -DGHASH_ASM -DKECCAK1600_ASM -DMD5_ASM -DOPENSSL_BN_ASM_GF2m -DOPENSSL_BN_ASM_MONT -DOPENSSL_BN_ASM_MONT5 -DOPENSSL_CPUID_OBJ -DOPENSSL_IA32_SSE2 -DPOLY1305_ASM -DSHA1_ASM -DSHA256_ASM -DSHA512_ASM -DSTATIC_LEGACY -DVPAES_ASM -DWHIRLPOOL_ASM -DX25519_ASM -fPIC -pthread -Wa,--noexecstack -Qunused-arguments -g -DANDROID -fdata-sections -ffunction-sections -funwind-tables -fstack-protector-strong -no-canonical-prefixes -D__BIONIC_NO_PAGE_SIZE_MACRO -D_FORTIFY_SOURCE=2 -Wformat -Werror=format-security  -ffile-prefix-map=/home/runner/work/x25-airplay-receiver/x25-airplay-receiver/app/src/main/cpp=. -ffile-prefix-map=/home/runner/work/x25-airplay-receiver/x25-airplay-receiver/app/.cxx/RelWithDebInfo/416841uv/x86_64=. -ffile-prefix-map=/usr/local/lib/android/sdk/ndk/27.0.12077973=. -Qunused-arguments -DOPENSSL_USE_NODELETE -DOPENSSL_PIC -DOPENSSLDIR="\"/usr/local/ssl\"" -DENGINESDIR="\"/usr/local/lib/engines-3\"" -DMODULESDIR="\"/usr/local/lib/ossl-modules\"" -DOPENSSL_BUILDING_OPENSSL -DNDEBUG -D__ANDROID_API__=24 -g -DANDROID -fdata-sections -ffunction-sections -funwind-tables -fstack-protector-strong -no-canonical-prefixes -D__BIONIC_NO_PAGE_SIZE_MACRO -D_FORTIFY_SOURCE=2 -Wformat -Werror=format-security   -ffile-prefix-map=/home/runner/work/x25-airplay-receiver/x25-airplay-receiver/app/src/main/cpp=. -ffile-prefix-map=/home/runner/work/x25-airplay-receiver/x25-airplay-receiver/app/.cxx/RelWithDebInfo/416841uv/x86_64=. -ffile-prefix-map=/usr/local/lib/android/sdk/ndk/27.0.12077973=. -Qunused-arguments -MMD -MF crypto/bn/libcrypto-shlib-bn_print.d.tmp -c -o crypto/bn/libcrypto-shlib-bn_print.o crypto/bn/bn_print.c
C/C++: In file included from /home/runner/work/x25-airplay-receiver/x25-airplay-receiver/app/.cxx/RelWithDebInfo/416841uv/x86_64/<built-in>:399:
C/C++: /home/runner/work/x25-airplay-receiver/x25-airplay-receiver/app/.cxx/RelWithDebInfo/416841uv/x86_64/<command line>:30:9: warning: '__ANDROID_API__' macro redefined [-Wmacro-redefined]
C/C++:    30 | #define __ANDROID_API__ 24
C/C++:       |         ^
C/C++: /home/runner/work/x25-airplay-receiver/x25-airplay-receiver/app/.cxx/RelWithDebInfo/416841uv/x86_64/<built-in>:391:9: note: previous definition is here
C/C++:   391 | #define __ANDROID_API__ __ANDROID_MIN_SDK_VERSION__
C/C++:       |         ^
C/C++: In file included from /home/runner/work/x25-airplay-receiver/x25-airplay-receiver/app/.cxx/RelWithDebInfo/416841uv/x86_64/<built-in>:399:
C/C++: /home/runner/work/x25-airplay-receiver/x25-airplay-receiver/app/.cxx/RelWithDebInfo/416841uv/x86_64/<command line>:30:9: warning: '__ANDROID_API__' macro redefined [-Wmacro-redefined]
C/C++:    30 | #define __ANDROID_API__ 24
C/C++:       |         ^
C/C++: /home/runner/work/x25-airplay-receiver/x25-airplay-receiver/app/.cxx/RelWithDebInfo/416841uv/x86_64/<built-in>:391:9: note: previous definition is here
C/C++:   391 | #define __ANDROID_API__ __ANDROID_MIN_SDK_VERSION__
C/C++:       |         ^
C/C++: 1 warning generated.
C/C++: In file included from /home/runner/work/x25-airplay-receiver/x25-airplay-receiver/app/.cxx/RelWithDebInfo/416841uv/x86_64/<built-in>:399:
C/C++: /home/runner/work/x25-airplay-receiver/x25-airplay-receiver/app/.cxx/RelWithDebInfo/416841uv/x86_64/<command line>:30:9: warning: '__ANDROID_API__' macro redefined [-Wmacro-redefined]
C/C++:    30 | #define __ANDROID_API__ 24
C/C++:       |         ^
C/C++: /home/runner/work/x25-airplay-receiver/x25-airplay-receiver/app/.cxx/RelWithDebInfo/416841uv/x86_64/<built-in>:391:9: note: previous definition is here
C/C++:   391 | #define __ANDROID_API__ __ANDROID_MIN_SDK_VERSION__
C/C++:       |         ^
C/C++: 1 warning generated.
C/C++: In file included from /home/runner/work/x25-airplay-receiver/x25-airplay-receiver/app/.cxx/RelWithDebInfo/416841uv/x86_64/<built-in>:399:
C/C++: /home/runner/work/x25-airplay-receiver/x25-airplay-receiver/app/.cxx/RelWithDebInfo/416841uv/x86_64/<command line>:30:9: warning: '__ANDROID_API__' macro redefined [-Wmacro-redefined]
C/C++:    30 | #define __ANDROID_API__ 24
C/C++:       |         ^
C/C++: /home/runner/work/x25-airplay-receiver/x25-airplay-receiver/app/.cxx/RelWithDebInfo/416841uv/x86_64/<built-in>:391:9: note: previous definition is here
C/C++:   391 | #define __ANDROID_API__ __ANDROID_MIN_SDK_VERSION__
C/C++:       |         ^
C/C++: x86_64-linux-android24-clang  -I. -Iinclude -Iproviders/common/include -Iproviders/implementations/include  -DAES_ASM -DBSAES_ASM -DECP_NISTZ256_ASM -DGHASH_ASM -DKECCAK1600_ASM -DMD5_ASM -DOPENSSL_BN_ASM_GF2m -DOPENSSL_BN_ASM_MONT -DOPENSSL_BN_ASM_MONT5 -DOPENSSL_CPUID_OBJ -DOPENSSL_IA32_SSE2 -DPOLY1305_ASM -DSHA1_ASM -DSHA256_ASM -DSHA512_ASM -DSTATIC_LEGACY -DVPAES_ASM -DWHIRLPOOL_ASM -DX25519_ASM -fPIC -pthread -Wa,--noexecstack -Qunused-arguments -g -DANDROID -fdata-sections -ffunction-sections -funwind-tables -fstack-protector-strong -no-canonical-prefixes -D__BIONIC_NO_PAGE_SIZE_MACRO -D_FORTIFY_SOURCE=2 -Wformat -Werror=format-security  -ffile-prefix-map=/home/runner/work/x25-airplay-receiver/x25-airplay-receiver/app/src/main/cpp=. -ffile-prefix-map=/home/runner/work/x25-airplay-receiver/x25-airplay-receiver/app/.cxx/RelWithDebInfo/416841uv/x86_64=. -ffile-prefix-map=/usr/local/lib/android/sdk/ndk/27.0.12077973=. -Qunused-arguments -DOPENSSL_USE_NODELETE -DOPENSSL_PIC -DOPENSSLDIR="\"/usr/local/ssl\"" -DENGINESDIR="\"/usr/local/lib/engines-3\"" -DMODULESDIR="\"/usr/local/lib/ossl-modules\"" -DOPENSSL_BUILDING_OPENSSL -DNDEBUG -D__ANDROID_API__=24 -g -DANDROID -fdata-sections -ffunction-sections -funwind-tables -fstack-protector-strong -no-canonical-prefixes -D__BIONIC_NO_PAGE_SIZE_MACRO -D_FORTIFY_SOURCE=2 -Wformat -Werror=format-security   -ffile-prefix-map=/home/runner/work/x25-airplay-receiver/x25-airplay-receiver/app/src/main/cpp=. -ffile-prefix-map=/home/runner/work/x25-airplay-receiver/x25-airplay-receiver/app/.cxx/RelWithDebInfo/416841uv/x86_64=. -ffile-prefix-map=/usr/local/lib/android/sdk/ndk/27.0.12077973=. -Qunused-arguments -MMD -MF crypto/bn/libcrypto-shlib-bn_rsa_fips186_4.d.tmp -c -o crypto/bn/libcrypto-shlib-bn_rsa_fips186_4.o crypto/bn/bn_rsa_fips186_4.c
C/C++: 1 warning generated.
C/C++: In file included from /home/runner/work/x25-airplay-receiver/x25-airplay-receiver/app/.cxx/RelWithDebInfo/416841uv/x86_64/<built-in>:399:
C/C++: /home/runner/work/x25-airplay-receiver/x25-airplay-receiver/app/.cxx/RelWithDebInfo/416841uv/x86_64/<command line>:30:9: warning: '__ANDROID_API__' macro redefined [-Wmacro-redefined]
C/C++:    30 | #define __ANDROID_API__ 24
C/C++:       |         ^
C/C++: /home/runner/work/x25-airplay-receiver/x25-airplay-receiver/app/.cxx/RelWithDebInfo/416841uv/x86_64/<built-in>:391:9: note: previous definition is here
C/C++:   391 | #define __ANDROID_API__ __ANDROID_MIN_SDK_VERSION__
C/C++:       |         ^
C/C++: In file included from /home/runner/work/x25-airplay-receiver/x25-airplay-receiver/app/.cxx/RelWithDebInfo/416841uv/x86_64/<built-in>:399:
C/C++: /home/runner/work/x25-airplay-receiver/x25-airplay-receiver/app/.cxx/RelWithDebInfo/416841uv/x86_64/<command line>:30:9: warning: '__ANDROID_API__' macro redefined [-Wmacro-redefined]
C/C++:    30 | #define __ANDROID_API__ 24
C/C++:       |         ^
C/C++: /home/runner/work/x25-airplay-receiver/x25-airplay-receiver/app/.cxx/RelWithDebInfo/416841uv/x86_64/<built-in>:391:9: note: previous definition is here
C/C++:   391 | #define __ANDROID_API__ __ANDROID_MIN_SDK_VERSION__
C/C++:       |         ^
C/C++: 1 warning generated.
C/C++: In file included from /home/runner/work/x25-airplay-receiver/x25-airplay-receiver/app/.cxx/RelWithDebInfo/416841uv/x86_64/<built-in>:399:
C/C++: /home/runner/work/x25-airplay-receiver/x25-airplay-receiver/app/.cxx/RelWithDebInfo/416841uv/x86_64/<command line>:30:9: warning: '__ANDROID_API__' macro redefined [-Wmacro-redefined]
C/C++:    30 | #define __ANDROID_API__ 24
C/C++:       |         ^
C/C++: /home/runner/work/x25-airplay-receiver/x25-airplay-receiver/app/.cxx/RelWithDebInfo/416841uv/x86_64/<built-in>:391:9: note: previous definition is here
C/C++:   391 | #define __ANDROID_API__ __ANDROID_MIN_SDK_VERSION__
C/C++:       |         ^
C/C++: x86_64-linux-android24-clang  -I. -Iinclude -Iproviders/common/include -Iproviders/implementations/include  -DAES_ASM -DBSAES_ASM -DECP_NISTZ256_ASM -DGHASH_ASM -DKECCAK1600_ASM -DMD5_ASM -DOPENSSL_BN_ASM_GF2m -DOPENSSL_BN_ASM_MONT -DOPENSSL_BN_ASM_MONT5 -DOPENSSL_CPUID_OBJ -DOPENSSL_IA32_SSE2 -DPOLY1305_ASM -DSHA1_ASM -DSHA256_ASM -DSHA512_ASM -DSTATIC_LEGACY -DVPAES_ASM -DWHIRLPOOL_ASM -DX25519_ASM -fPIC -pthread -Wa,--noexecstack -Qunused-arguments -g -DANDROID -fdata-sections -ffunction-sections -funwind-tables -fstack-protector-strong -no-canonical-prefixes -D__BIONIC_NO_PAGE_SIZE_MACRO -D_FORTIFY_SOURCE=2 -Wformat -Werror=format-security  -ffile-prefix-map=/home/runner/work/x25-airplay-receiver/x25-airplay-receiver/app/src/main/cpp=. -ffile-prefix-map=/home/runner/work/x25-airplay-receiver/x25-airplay-receiver/app/.cxx/RelWithDebInfo/416841uv/x86_64=. -ffile-prefix-map=/usr/local/lib/android/sdk/ndk/27.0.12077973=. -Qunused-arguments -DOPENSSL_USE_NODELETE -DOPENSSL_PIC -DOPENSSLDIR="\"/usr/local/ssl\"" -DENGINESDIR="\"/usr/local/lib/engines-3\"" -DMODULESDIR="\"/usr/local/lib/ossl-modules\"" -DOPENSSL_BUILDING_OPENSSL -DNDEBUG -D__ANDROID_API__=24 -g -DANDROID -fdata-sections -ffunction-sections -funwind-tables -fstack-protector-strong -no-canonical-prefixes -D__BIONIC_NO_PAGE_SIZE_MACRO -D_FORTIFY_SOURCE=2 -Wformat -Werror=format-security   -ffile-prefix-map=/home/runner/work/x25-airplay-receiver/x25-airplay-receiver/app/src/main/cpp=. -ffile-prefix-map=/home/runner/work/x25-airplay-receiver/x25-airplay-receiver/app/.cxx/RelWithDebInfo/416841uv/x86_64=. -ffile-prefix-map=/usr/local/lib/android/sdk/ndk/27.0.12077973=. -Qunused-arguments -MMD -MF crypto/bn/libcrypto-shlib-bn_sqrt.d.tmp -c -o crypto/bn/libcrypto-shlib-bn_sqrt.o crypto/bn/bn_sqrt.c
C/C++: 1 warning generated.
C/C++: In file included from /home/runner/work/x25-airplay-receiver/x25-airplay-receiver/app/.cxx/RelWithDebInfo/416841uv/x86_64/<built-in>:399:
C/C++: /home/runner/work/x25-airplay-receiver/x25-airplay-receiver/app/.cxx/RelWithDebInfo/416841uv/x86_64/<command line>:30:9: warning: '__ANDROID_API__' macro redefined [-Wmacro-redefined]
C/C++:    30 | #define __ANDROID_API__ 24
C/C++:       |         ^
C/C++: /home/runner/work/x25-airplay-receiver/x25-airplay-receiver/app/.cxx/RelWithDebInfo/416841uv/x86_64/<built-in>:391:9: note: previous definition is here
C/C++:   391 | #define __ANDROID_API__ __ANDROID_MIN_SDK_VERSION__
C/C++:       |         ^
C/C++: In file included from /home/runner/work/x25-airplay-receiver/x25-airplay-receiver/app/.cxx/RelWithDebInfo/416841uv/x86_64/<built-in>:399:
C/C++: /home/runner/work/x25-airplay-receiver/x25-airplay-receiver/app/.cxx/RelWithDebInfo/416841uv/x86_64/<command line>:30:9: warning: '__ANDROID_API__' macro redefined [-Wmacro-redefined]
C/C++:    30 | #define __ANDROID_API__ 24
C/C++:       |         ^
C/C++: /home/runner/work/x25-airplay-receiver/x25-airplay-receiver/app/.cxx/RelWithDebInfo/416841uv/x86_64/<built-in>:391:9: note: previous definition is here
C/C++:   391 | #define __ANDROID_API__ __ANDROID_MIN_SDK_VERSION__
C/C++:       |         ^
C/C++: In file included from /home/runner/work/x25-airplay-receiver/x25-airplay-receiver/app/.cxx/RelWithDebInfo/416841uv/x86_64/<built-in>:399:
C/C++: /home/runner/work/x25-airplay-receiver/x25-airplay-receiver/app/.cxx/RelWithDebInfo/416841uv/x86_64/<command line>:30:9: warning: '__ANDROID_API__' macro redefined [-Wmacro-redefined]
C/C++:    30 | #define __ANDROID_API__ 24
C/C++:       |         ^
C/C++: /home/runner/work/x25-airplay-receiver/x25-airplay-receiver/app/.cxx/RelWithDebInfo/416841uv/x86_64/<built-in>:391:9: note: previous definition is here
C/C++:   391 | #define __ANDROID_API__ __ANDROID_MIN_SDK_VERSION__
C/C++:       |         ^
C/C++: 1 warning generated.
C/C++: In file included from /home/runner/work/x25-airplay-receiver/x25-airplay-receiver/app/.cxx/RelWithDebInfo/416841uv/x86_64/<built-in>:399:
C/C++: /home/runner/work/x25-airplay-receiver/x25-airplay-receiver/app/.cxx/RelWithDebInfo/416841uv/x86_64/<command line>:30:9: warning: '__ANDROID_API__' macro redefined [-Wmacro-redefined]
C/C++:    30 | #define __ANDROID_API__ 24
C/C++:       |         ^
C/C++: /home/runner/work/x25-airplay-receiver/x25-airplay-receiver/app/.cxx/RelWithDebInfo/416841uv/x86_64/<built-in>:391:9: note: previous definition is here
C/C++:   391 | #define __ANDROID_API__ __ANDROID_MIN_SDK_VERSION__
C/C++:       |         ^
C/C++: x86_64-linux-android24-clang -fPIC -pthread -Wa,--noexecstack -Qunused-arguments -g -DANDROID -fdata-sections -ffunction-sections -funwind-tables -fstack-protector-strong -no-canonical-prefixes -D__BIONIC_NO_PAGE_SIZE_MACRO -D_FORTIFY_SOURCE=2 -Wformat -Werror=format-security  -ffile-prefix-map=/home/runner/work/x25-airplay-receiver/x25-airplay-receiver/app/src/main/cpp=. -ffile-prefix-map=/home/runner/work/x25-airplay-receiver/x25-airplay-receiver/app/.cxx/RelWithDebInfo/416841uv/x86_64=. -ffile-prefix-map=/usr/local/lib/android/sdk/ndk/27.0.12077973=. -Qunused-arguments -DOPENSSL_USE_NODELETE -DOPENSSL_PIC -DOPENSSLDIR="\"/usr/local/ssl\"" -DENGINESDIR="\"/usr/local/lib/engines-3\"" -DMODULESDIR="\"/usr/local/lib/ossl-modules\"" -DOPENSSL_BUILDING_OPENSSL -DNDEBUG -D__ANDROID_API__=24 -g -DANDROID -fdata-sections -ffunction-sections -funwind-tables -fstack-protector-strong -no-canonical-prefixes -D__BIONIC_NO_PAGE_SIZE_MACRO -D_FORTIFY_SOURCE=2 -Wformat -Werror=format-security   -ffile-prefix-map=/home/runner/work/x25-airplay-receiver/x25-airplay-receiver/app/src/main/cpp=. -ffile-prefix-map=/home/runner/work/x25-airplay-receiver/x25-airplay-receiver/app/.cxx/RelWithDebInfo/416841uv/x86_64=. -ffile-prefix-map=/usr/local/lib/android/sdk/ndk/27.0.12077973=. -Qunused-arguments -c -o crypto/bn/libcrypto-shlib-x86_64-mont.o crypto/bn/x86_64-mont.s
C/C++: In file included from /home/runner/work/x25-airplay-receiver/x25-airplay-receiver/app/.cxx/RelWithDebInfo/416841uv/x86_64/<built-in>:399:
C/C++: /home/runner/work/x25-airplay-receiver/x25-airplay-receiver/app/.cxx/RelWithDebInfo/416841uv/x86_64/<command line>:30:9: warning: '__ANDROID_API__' macro redefined [-Wmacro-redefined]
C/C++:    30 | #define __ANDROID_API__ 24
C/C++:       |         ^
C/C++: /home/runner/work/x25-airplay-receiver/x25-airplay-receiver/app/.cxx/RelWithDebInfo/416841uv/x86_64/<built-in>:391:9: note: previous definition is here
C/C++:   391 | #define __ANDROID_API__ __ANDROID_MIN_SDK_VERSION__
C/C++:       |         ^
C/C++: x86_64-linux-android24-clang -fPIC -pthread -Wa,--noexecstack -Qunused-arguments -g -DANDROID -fdata-sections -ffunction-sections -funwind-tables -fstack-protector-strong -no-canonical-prefixes -D__BIONIC_NO_PAGE_SIZE_MACRO -D_FORTIFY_SOURCE=2 -Wformat -Werror=format-security  -ffile-prefix-map=/home/runner/work/x25-airplay-receiver/x25-airplay-receiver/app/src/main/cpp=. -ffile-prefix-map=/home/runner/work/x25-airplay-receiver/x25-airplay-receiver/app/.cxx/RelWithDebInfo/416841uv/x86_64=. -ffile-prefix-map=/usr/local/lib/android/sdk/ndk/27.0.12077973=. -Qunused-arguments -DOPENSSL_USE_NODELETE -DOPENSSL_PIC -DOPENSSLDIR="\"/usr/local/ssl\"" -DENGINESDIR="\"/usr/local/lib/engines-3\"" -DMODULESDIR="\"/usr/local/lib/ossl-modules\"" -DOPENSSL_BUILDING_OPENSSL -DNDEBUG -D__ANDROID_API__=24 -g -DANDROID -fdata-sections -ffunction-sections -funwind-tables -fstack-protector-strong -no-canonical-prefixes -D__BIONIC_NO_PAGE_SIZE_MACRO -D_FORTIFY_SOURCE=2 -Wformat -Werror=format-security   -ffile-prefix-map=/home/runner/work/x25-airplay-receiver/x25-airplay-receiver/app/src/main/cpp=. -ffile-prefix-map=/home/runner/work/x25-airplay-receiver/x25-airplay-receiver/app/.cxx/RelWithDebInfo/416841uv/x86_64=. -ffile-prefix-map=/usr/local/lib/android/sdk/ndk/27.0.12077973=. -Qunused-arguments -c -o crypto/bn/libcrypto-shlib-x86_64-mont5.o crypto/bn/x86_64-mont5.s
C/C++: x86_64-linux-android24-clang  -I. -Iinclude -Iproviders/common/include -Iproviders/implementations/include  -DAES_ASM -DBSAES_ASM -DECP_NISTZ256_ASM -DGHASH_ASM -DKECCAK1600_ASM -DMD5_ASM -DOPENSSL_BN_ASM_GF2m -DOPENSSL_BN_ASM_MONT -DOPENSSL_BN_ASM_MONT5 -DOPENSSL_CPUID_OBJ -DOPENSSL_IA32_SSE2 -DPOLY1305_ASM -DSHA1_ASM -DSHA256_ASM -DSHA512_ASM -DSTATIC_LEGACY -DVPAES_ASM -DWHIRLPOOL_ASM -DX25519_ASM -fPIC -pthread -Wa,--noexecstack -Qunused-arguments -g -DANDROID -fdata-sections -ffunction-sections -funwind-tables -fstack-protector-strong -no-canonical-prefixes -D__BIONIC_NO_PAGE_SIZE_MACRO -D_FORTIFY_SOURCE=2 -Wformat -Werror=format-security  -ffile-prefix-map=/home/runner/work/x25-airplay-receiver/x25-airplay-receiver/app/src/main/cpp=. -ffile-prefix-map=/home/runner/work/x25-airplay-receiver/x25-airplay-receiver/app/.cxx/RelWithDebInfo/416841uv/x86_64=. -ffile-prefix-map=/usr/local/lib/android/sdk/ndk/27.0.12077973=. -Qunused-arguments -DOPENSSL_USE_NODELETE -DOPENSSL_PIC -DOPENSSLDIR="\"/usr/local/ssl\"" -DENGINESDIR="\"/usr/local/lib/engines-3\"" -DMODULESDIR="\"/usr/local/lib/ossl-modules\"" -DOPENSSL_BUILDING_OPENSSL -DNDEBUG -D__ANDROID_API__=24 -g -DANDROID -fdata-sections -ffunction-sections -funwind-tables -fstack-protector-strong -no-canonical-prefixes -D__BIONIC_NO_PAGE_SIZE_MACRO -D_FORTIFY_SOURCE=2 -Wformat -Werror=format-security   -ffile-prefix-map=/home/runner/work/x25-airplay-receiver/x25-airplay-receiver/app/src/main/cpp=. -ffile-prefix-map=/home/runner/work/x25-airplay-receiver/x25-airplay-receiver/app/.cxx/RelWithDebInfo/416841uv/x86_64=. -ffile-prefix-map=/usr/local/lib/android/sdk/ndk/27.0.12077973=. -Qunused-arguments -MMD -MF crypto/buffer/libcrypto-shlib-buf_err.d.tmp -c -o crypto/buffer/libcrypto-shlib-buf_err.o crypto/buffer/buf_err.c
C/C++: In file included from /home/runner/work/x25-airplay-receiver/x25-airplay-receiver/app/.cxx/RelWithDebInfo/416841uv/x86_64/<built-in>:399:
C/C++: /home/runner/work/x25-airplay-receiver/x25-airplay-receiver/app/.cxx/RelWithDebInfo/416841uv/x86_64/<command line>:30:9: warning: '__ANDROID_API__' macro redefined [-Wmacro-redefined]
C/C++:    30 | #define __ANDROID_API__ 24
C/C++:       |         ^
C/C++: /home/runner/work/x25-airplay-receiver/x25-airplay-receiver/app/.cxx/RelWithDebInfo/416841uv/x86_64/<built-in>:391:9: note: previous definition is here
C/C++:   391 | #define __ANDROID_API__ __ANDROID_MIN_SDK_VERSION__
C/C++:       |         ^
C/C++: x86_64-linux-android24-clang  -I. -Iinclude -Iproviders/common/include -Iproviders/implementations/include  -DAES_ASM -DBSAES_ASM -DECP_NISTZ256_ASM -DGHASH_ASM -DKECCAK1600_ASM -DMD5_ASM -DOPENSSL_BN_ASM_GF2m -DOPENSSL_BN_ASM_MONT -DOPENSSL_BN_ASM_MONT5 -DOPENSSL_CPUID_OBJ -DOPENSSL_IA32_SSE2 -DPOLY1305_ASM -DSHA1_ASM -DSHA256_ASM -DSHA512_ASM -DSTATIC_LEGACY -DVPAES_ASM -DWHIRLPOOL_ASM -DX25519_ASM -fPIC -pthread -Wa,--noexecstack -Qunused-arguments -g -DANDROID -fdata-sections -ffunction-sections -funwind-tables -fstack-protector-strong -no-canonical-prefixes -D__BIONIC_NO_PAGE_SIZE_MACRO -D_FORTIFY_SOURCE=2 -Wformat -Werror=format-security  -ffile-prefix-map=/home/runner/work/x25-airplay-receiver/x25-airplay-receiver/app/src/main/cpp=. -ffile-prefix-map=/home/runner/work/x25-airplay-receiver/x25-airplay-receiver/app/.cxx/RelWithDebInfo/416841uv/x86_64=. -ffile-prefix-map=/usr/local/lib/android/sdk/ndk/27.0.12077973=. -Qunused-arguments -DOPENSSL_USE_NODELETE -DOPENSSL_PIC -DOPENSSLDIR="\"/usr/local/ssl\"" -DENGINESDIR="\"/usr/local/lib/engines-3\"" -DMODULESDIR="\"/usr/local/lib/ossl-modules\"" -DOPENSSL_BUILDING_OPENSSL -DNDEBUG -D__ANDROID_API__=24 -g -DANDROID -fdata-sections -ffunction-sections -funwind-tables -fstack-protector-strong -no-canonical-prefixes -D__BIONIC_NO_PAGE_SIZE_MACRO -D_FORTIFY_SOURCE=2 -Wformat -Werror=format-security   -ffile-prefix-map=/home/runner/work/x25-airplay-receiver/x25-airplay-receiver/app/src/main/cpp=. -ffile-prefix-map=/home/runner/work/x25-airplay-receiver/x25-airplay-receiver/app/.cxx/RelWithDebInfo/416841uv/x86_64=. -ffile-prefix-map=/usr/local/lib/android/sdk/ndk/27.0.12077973=. -Qunused-arguments -MMD -MF crypto/buffer/libcrypto-shlib-buffer.d.tmp -c -o crypto/buffer/libcrypto-shlib-buffer.o crypto/buffer/buffer.c
C/C++: In file included from /home/runner/work/x25-airplay-receiver/x25-airplay-receiver/app/.cxx/RelWithDebInfo/416841uv/x86_64/<built-in>:399:
C/C++: /home/runner/work/x25-airplay-receiver/x25-airplay-receiver/app/.cxx/RelWithDebInfo/416841uv/x86_64/<command line>:30:9: warning: '__ANDROID_API__' macro redefined [-Wmacro-redefined]
C/C++:    30 | #define __ANDROID_API__ 24
C/C++:       |         ^
C/C++: /home/runner/work/x25-airplay-receiver/x25-airplay-receiver/app/.cxx/RelWithDebInfo/416841uv/x86_64/<built-in>:391:9: note: previous definition is here
C/C++:   391 | #define __ANDROID_API__ __ANDROID_MIN_SDK_VERSION__
C/C++:       |         ^
C/C++: 1 warning generated.
C/C++: In file included from /home/runner/work/x25-airplay-receiver/x25-airplay-receiver/app/.cxx/RelWithDebInfo/416841uv/x86_64/<built-in>:399:
C/C++: /home/runner/work/x25-airplay-receiver/x25-airplay-receiver/app/.cxx/RelWithDebInfo/416841uv/x86_64/<command line>:30:9: warning: '__ANDROID_API__' macro redefined [-Wmacro-redefined]
C/C++:    30 | #define __ANDROID_API__ 24
C/C++:       |         ^
C/C++: /home/runner/work/x25-airplay-receiver/x25-airplay-receiver/app/.cxx/RelWithDebInfo/416841uv/x86_64/<built-in>:391:9: note: previous definition is here
C/C++:   391 | #define __ANDROID_API__ __ANDROID_MIN_SDK_VERSION__
C/C++:       |         ^
C/C++: x86_64-linux-android24-clang  -I. -Iinclude -Iproviders/common/include -Iproviders/implementations/include  -DAES_ASM -DBSAES_ASM -DECP_NISTZ256_ASM -DGHASH_ASM -DKECCAK1600_ASM -DMD5_ASM -DOPENSSL_BN_ASM_GF2m -DOPENSSL_BN_ASM_MONT -DOPENSSL_BN_ASM_MONT5 -DOPENSSL_CPUID_OBJ -DOPENSSL_IA32_SSE2 -DPOLY1305_ASM -DSHA1_ASM -DSHA256_ASM -DSHA512_ASM -DSTATIC_LEGACY -DVPAES_ASM -DWHIRLPOOL_ASM -DX25519_ASM -fPIC -pthread -Wa,--noexecstack -Qunused-arguments -g -DANDROID -fdata-sections -ffunction-sections -funwind-tables -fstack-protector-strong -no-canonical-prefixes -D__BIONIC_NO_PAGE_SIZE_MACRO -D_FORTIFY_SOURCE=2 -Wformat -Werror=format-security  -ffile-prefix-map=/home/runner/work/x25-airplay-receiver/x25-airplay-receiver/app/src/main/cpp=. -ffile-prefix-map=/home/runner/work/x25-airplay-receiver/x25-airplay-receiver/app/.cxx/RelWithDebInfo/416841uv/x86_64=. -ffile-prefix-map=/usr/local/lib/android/sdk/ndk/27.0.12077973=. -Qunused-arguments -DOPENSSL_USE_NODELETE -DOPENSSL_PIC -DOPENSSLDIR="\"/usr/local/ssl\"" -DENGINESDIR="\"/usr/local/lib/engines-3\"" -DMODULESDIR="\"/usr/local/lib/ossl-modules\"" -DOPENSSL_BUILDING_OPENSSL -DNDEBUG -D__ANDROID_API__=24 -g -DANDROID -fdata-sections -ffunction-sections -funwind-tables -fstack-protector-strong -no-canonical-prefixes -D__BIONIC_NO_PAGE_SIZE_MACRO -D_FORTIFY_SOURCE=2 -Wformat -Werror=format-security   -ffile-prefix-map=/home/runner/work/x25-airplay-receiver/x25-airplay-receiver/app/src/main/cpp=. -ffile-prefix-map=/home/runner/work/x25-airplay-receiver/x25-airplay-receiver/app/.cxx/RelWithDebInfo/416841uv/x86_64=. -ffile-prefix-map=/usr/local/lib/android/sdk/ndk/27.0.12077973=. -Qunused-arguments -MMD -MF crypto/cmp/libcrypto-shlib-cmp_client.d.tmp -c -o crypto/cmp/libcrypto-shlib-cmp_client.o crypto/cmp/cmp_client.c
C/C++: In file included from /home/runner/work/x25-airplay-receiver/x25-airplay-receiver/app/.cxx/RelWithDebInfo/416841uv/x86_64/<built-in>:399:
C/C++: /home/runner/work/x25-airplay-receiver/x25-airplay-receiver/app/.cxx/RelWithDebInfo/416841uv/x86_64/<command line>:30:9: warning: '__ANDROID_API__' macro redefined [-Wmacro-redefined]
C/C++:    30 | #define __ANDROID_API__ 24
C/C++:       |         ^
C/C++: /home/runner/work/x25-airplay-receiver/x25-airplay-receiver/app/.cxx/RelWithDebInfo/416841uv/x86_64/<built-in>:391:9: note: previous definition is here
C/C++:   391 | #define __ANDROID_API__ __ANDROID_MIN_SDK_VERSION__
C/C++:       |         ^
C/C++: In file included from /home/runner/work/x25-airplay-receiver/x25-airplay-receiver/app/.cxx/RelWithDebInfo/416841uv/x86_64/<built-in>:399:
C/C++: /home/runner/work/x25-airplay-receiver/x25-airplay-receiver/app/.cxx/RelWithDebInfo/416841uv/x86_64/<command line>:30:9: warning: '__ANDROID_API__' macro redefined [-Wmacro-redefined]
C/C++:    30 | #define __ANDROID_API__ 24
C/C++:       |         ^
C/C++: <built-in>:391:1 warning generated.
C/C++: 9: note: previous definition is here
C/C++:   391 | #define __ANDROID_API__ __ANDROID_MIN_SDK_VERSION__
C/C++:       |         ^
C/C++: x86_64-linux-android24-clang  -I. -Iinclude -Iproviders/common/include -Iproviders/implementations/include  -DAES_ASM -DBSAES_ASM -DECP_NISTZ256_ASM -DGHASH_ASM -DKECCAK1600_ASM -DMD5_ASM -DOPENSSL_BN_ASM_GF2m -DOPENSSL_BN_ASM_MONT -DOPENSSL_BN_ASM_MONT5 -DOPENSSL_CPUID_OBJ -DOPENSSL_IA32_SSE2 -DPOLY1305_ASM -DSHA1_ASM -DSHA256_ASM -DSHA512_ASM -DSTATIC_LEGACY -DVPAES_ASM -DWHIRLPOOL_ASM -DX25519_ASM -fPIC -pthread -Wa,--noexecstack -Qunused-arguments -g -DANDROID -fdata-sections -ffunction-sections -funwind-tables -fstack-protector-strong -no-canonical-prefixes -D__BIONIC_NO_PAGE_SIZE_MACRO -D_FORTIFY_SOURCE=2 -Wformat -Werror=format-security  -ffile-prefix-map=/home/runner/work/x25-airplay-receiver/x25-airplay-receiver/app/src/main/cpp=. -ffile-prefix-map=/home/runner/work/x25-airplay-receiver/x25-airplay-receiver/app/.cxx/RelWithDebInfo/416841uv/x86_64=. -ffile-prefix-map=/usr/local/lib/android/sdk/ndk/27.0.12077973=. -Qunused-arguments -DOPENSSL_USE_NODELETE -DOPENSSL_PIC -DOPENSSLDIR="\"/usr/local/ssl\"" -DENGINESDIR="\"/usr/local/lib/engines-3\"" -DMODULESDIR="\"/usr/local/lib/ossl-modules\"" -DOPENSSL_BUILDING_OPENSSL -DNDEBUG -D__ANDROID_API__=24 -g -DANDROID -fdata-sections -ffunction-sections -funwind-tables -fstack-protector-strong -no-canonical-prefixes -D__BIONIC_NO_PAGE_SIZE_MACRO -D_FORTIFY_SOURCE=2 -Wformat -Werror=format-security   -ffile-prefix-map=/home/runner/work/x25-airplay-receiver/x25-airplay-receiver/app/src/main/cpp=. -ffile-prefix-map=/home/runner/work/x25-airplay-receiver/x25-airplay-receiver/app/.cxx/RelWithDebInfo/416841uv/x86_64=. -ffile-prefix-map=/usr/local/lib/android/sdk/ndk/27.0.12077973=. -Qunused-arguments -MMD -MF crypto/cmp/libcrypto-shlib-cmp_ctx.d.tmp -c -o crypto/cmp/libcrypto-shlib-cmp_ctx.o crypto/cmp/cmp_ctx.c
C/C++: In file included from /home/runner/work/x25-airplay-receiver/x25-airplay-receiver/app/.cxx/RelWithDebInfo/416841uv/x86_64/<built-in>:399:
C/C++: /home/runner/work/x25-airplay-receiver/x25-airplay-receiver/app/.cxx/RelWithDebInfo/416841uv/x86_64/<command line>:30:9: warning: '__ANDROID_API__' macro redefined [-Wmacro-redefined]
C/C++:    30 | #define __ANDROID_API__ 24
C/C++:       |         ^
C/C++: /home/runner/work/x25-airplay-receiver/x25-airplay-receiver/app/.cxx/RelWithDebInfo/416841uv/x86_64/<built-in>:391:9: note: previous definition is here
C/C++:   391 | #define __ANDROID_API__ __ANDROID_MIN_SDK_VERSION__
C/C++:       |         ^
C/C++: 1 warning generated.
C/C++: In file included from /home/runner/work/x25-airplay-receiver/x25-airplay-receiver/app/.cxx/RelWithDebInfo/416841uv/x86_64/<built-in>:399:
C/C++: /home/runner/work/x25-airplay-receiver/x25-airplay-receiver/app/.cxx/RelWithDebInfo/416841uv/x86_64/<command line>:30:9: warning: '__ANDROID_API__' macro redefined [-Wmacro-redefined]
C/C++:    30 | #define __ANDROID_API__ 24
C/C++:       |         ^
C/C++: /home/runner/work/x25-airplay-receiver/x25-airplay-receiver/app/.cxx/RelWithDebInfo/416841uv/x86_64/<built-in>:391:9: note: previous definition is here
C/C++:   391 | #define __ANDROID_API__ __ANDROID_MIN_SDK_VERSION__
C/C++:       |         ^
C/C++: 1 warning generated.
C/C++: In file included from /home/runner/work/x25-airplay-receiver/x25-airplay-receiver/app/.cxx/RelWithDebInfo/416841uv/x86_64/<built-in>:399:
C/C++: /home/runner/work/x25-airplay-receiver/x25-airplay-receiver/app/.cxx/RelWithDebInfo/416841uv/x86_64/<command line>:30:9: warning: '__ANDROID_API__' macro redefined [-Wmacro-redefined]
C/C++:    30 | #define __ANDROID_API__ 24
C/C++:       |         ^
C/C++: /home/runner/work/x25-airplay-receiver/x25-airplay-receiver/app/.cxx/RelWithDebInfo/416841uv/x86_64/<built-in>:391:9: note: previous definition is here
C/C++:   391 | #define __ANDROID_API__ __ANDROID_MIN_SDK_VERSION__
C/C++:       |         ^
C/C++: 1 warning generated.
C/C++: In file included from /home/runner/work/x25-airplay-receiver/x25-airplay-receiver/app/.cxx/RelWithDebInfo/416841uv/x86_64/<built-in>:399:
C/C++: /home/runner/work/x25-airplay-receiver/x25-airplay-receiver/app/.cxx/RelWithDebInfo/416841uv/x86_64/<command line>:30:9: warning: '__ANDROID_API__' macro redefined [-Wmacro-redefined]
C/C++:    30 | #define __ANDROID_API__ 24
C/C++:       |         ^
C/C++: /home/runner/work/x25-airplay-receiver/x25-airplay-receiver/app/.cxx/RelWithDebInfo/416841uv/x86_64/<built-in>:391:9: note: previous definition is here
C/C++:   391 | #define __ANDROID_API__ __ANDROID_MIN_SDK_VERSION__
C/C++:       |         ^
C/C++: 1 warning generated.
C/C++: In file included from /home/runner/work/x25-airplay-receiver/x25-airplay-receiver/app/.cxx/RelWithDebInfo/416841uv/x86_64/<built-in>:399:
C/C++: /home/runner/work/x25-airplay-receiver/x25-airplay-receiver/app/.cxx/RelWithDebInfo/416841uv/x86_64/<command line>:30:9: warning: '__ANDROID_API__' macro redefined [-Wmacro-redefined]
C/C++:    30 | #define __ANDROID_API__ 24
C/C++:       |         ^
C/C++: /home/runner/work/x25-airplay-receiver/x25-airplay-receiver/app/.cxx/RelWithDebInfo/416841uv/x86_64/<built-in>:391:9: note: previous definition is here
C/C++:   391 | #define __ANDROID_API__ __ANDROID_MIN_SDK_VERSION__
C/C++:       |         ^
C/C++: In file included from /home/runner/work/x25-airplay-receiver/x25-airplay-receiver/app/.cxx/RelWithDebInfo/416841uv/x86_64/<built-in>:399:
C/C++: /home/runner/work/x25-airplay-receiver/x25-airplay-receiver/app/.cxx/RelWithDebInfo/416841uv/x86_64/<command line>:30:9: warning: '__ANDROID_API__' macro redefined [-Wmacro-redefined]
C/C++:    30 | #define __ANDROID_API__ 24
C/C++:       |         ^
C/C++: /home/runner/work/x25-airplay-receiver/x25-airplay-receiver/app/.cxx/RelWithDebInfo/416841uv/x86_64/<built-in>:391:9: note: previous definition is here
C/C++:   391 | #define __ANDROID_API__ __ANDROID_MIN_SDK_VERSION__
C/C++:       |         ^
C/C++: 1 warning generated.
C/C++: In file included from /home/runner/work/x25-airplay-receiver/x25-airplay-receiver/app/.cxx/RelWithDebInfo/416841uv/x86_64/<built-in>:399:
C/C++: /home/runner/work/x25-airplay-receiver/x25-airplay-receiver/app/.cxx/RelWithDebInfo/416841uv/x86_64/<command line>:30:9: warning: '__ANDROID_API__' macro redefined [-Wmacro-redefined]
C/C++:    30 | #define __ANDROID_API__ 24
C/C++:       |         ^
C/C++: /home/runner/work/x25-airplay-receiver/x25-airplay-receiver/app/.cxx/RelWithDebInfo/416841uv/x86_64/<built-in>:391:9: note: previous definition is here
C/C++:   391 | #define __ANDROID_API__ __ANDROID_MIN_SDK_VERSION__
C/C++:       |         ^
C/C++: 1 warning generated.
C/C++: In file included from /home/runner/work/x25-airplay-receiver/x25-airplay-receiver/app/.cxx/RelWithDebInfo/416841uv/x86_64/<built-in>:399:
C/C++: /home/runner/work/x25-airplay-receiver/x25-airplay-receiver/app/.cxx/RelWithDebInfo/416841uv/x86_64/<command line>:30:9: warning: '__ANDROID_API__' macro redefined [-Wmacro-redefined]
C/C++:    30 | #define __ANDROID_API__ 24
C/C++:       |         ^
C/C++: /home/runner/work/x25-airplay-receiver/x25-airplay-receiver/app/.cxx/RelWithDebInfo/416841uv/x86_64/<built-in>:391:9: note: previous definition is here
C/C++:   391 | #define __ANDROID_API__ __ANDROID_MIN_SDK_VERSION__
C/C++:       |         ^
C/C++: x86_64-linux-android24-clang  -I. -Iinclude -Iproviders/common/include -Iproviders/implementations/include  -DAES_ASM -DBSAES_ASM -DECP_NISTZ256_ASM -DGHASH_ASM -DKECCAK1600_ASM -DMD5_ASM -DOPENSSL_BN_ASM_GF2m -DOPENSSL_BN_ASM_MONT -DOPENSSL_BN_ASM_MONT5 -DOPENSSL_CPUID_OBJ -DOPENSSL_IA32_SSE2 -DPOLY1305_ASM -DSHA1_ASM -DSHA256_ASM -DSHA512_ASM -DSTATIC_LEGACY -DVPAES_ASM -DWHIRLPOOL_ASM -DX25519_ASM -fPIC -pthread -Wa,--noexecstack -Qunused-arguments -g -DANDROID -fdata-sections -ffunction-sections -funwind-tables -fstack-protector-strong -no-canonical-prefixes -D__BIONIC_NO_PAGE_SIZE_MACRO -D_FORTIFY_SOURCE=2 -Wformat -Werror=format-security  -ffile-prefix-map=/home/runner/work/x25-airplay-receiver/x25-airplay-receiver/app/src/main/cpp=. -ffile-prefix-map=/home/runner/work/x25-airplay-receiver/x25-airplay-receiver/app/.cxx/RelWithDebInfo/416841uv/x86_64=. -ffile-prefix-map=/usr/local/lib/android/sdk/ndk/27.0.12077973=. -Qunused-arguments -DOPENSSL_USE_NODELETE -DOPENSSL_PIC -DOPENSSLDIR="\"/usr/local/ssl\"" -DENGINESDIR="\"/usr/local/lib/engines-3\"" -DMODULESDIR="\"/usr/local/lib/ossl-modules\"" -DOPENSSL_BUILDING_OPENSSL -DNDEBUG -D__ANDROID_API__=24 -g -DANDROID -fdata-sections -ffunction-sections -funwind-tables -fstack-protector-strong -no-canonical-prefixes -D__BIONIC_NO_PAGE_SIZE_MACRO -D_FORTIFY_SOURCE=2 -Wformat -Werror=format-security   -ffile-prefix-map=/home/runner/work/x25-airplay-receiver/x25-airplay-receiver/app/src/main/cpp=. -ffile-prefix-map=/home/runner/work/x25-airplay-receiver/x25-airplay-receiver/app/.cxx/RelWithDebInfo/416841uv/x86_64=. -ffile-prefix-map=/usr/local/lib/android/sdk/ndk/27.0.12077973=. -Qunused-arguments -MMD -MF crypto/cmp/libcrypto-shlib-cmp_status.d.tmp -c -o crypto/cmp/libcrypto-shlib-cmp_status.o crypto/cmp/cmp_status.c
C/C++: In file included from /home/runner/work/x25-airplay-receiver/x25-airplay-receiver/app/.cxx/RelWithDebInfo/416841uv/x86_64/<built-in>:399:
C/C++: /home/runner/work/x25-airplay-receiver/x25-airplay-receiver/app/.cxx/RelWithDebInfo/416841uv/x86_64/<command line>:30:9: warning: '__ANDROID_API__' macro redefined [-Wmacro-redefined]
C/C++:    30 | #define __ANDROID_API__ 24
C/C++:       |         ^
C/C++: /home/runner/work/x25-airplay-receiver/x25-airplay-receiver/app/.cxx/RelWithDebInfo/416841uv/x86_64/<built-in>:391:9: note: previous definition is here
C/C++:   391 | #define __ANDROID_API__ __ANDROID_MIN_SDK_VERSION__
C/C++:       |         ^
C/C++: 1 warning generated.
C/C++: In file included from /home/runner/work/x25-airplay-receiver/x25-airplay-receiver/app/.cxx/RelWithDebInfo/416841uv/x86_64/<built-in>:399:
C/C++: /home/runner/work/x25-airplay-receiver/x25-airplay-receiver/app/.cxx/RelWithDebInfo/416841uv/x86_64/<command line>:30:9: warning: '__ANDROID_API__' macro redefined [-Wmacro-redefined]
C/C++:    30 | #define __ANDROID_API__ 24
C/C++:       |         ^
C/C++: /home/runner/work/x25-airplay-receiver/x25-airplay-receiver/app/.cxx/RelWithDebInfo/416841uv/x86_64/<built-in>:391:9: note: previous definition is here
C/C++:   391 | #define __ANDROID_API__ __ANDROID_MIN_SDK_VERSION__
C/C++:       |         ^
C/C++: 1 warning generated.
C/C++: In file included from /home/runner/work/x25-airplay-receiver/x25-airplay-receiver/app/.cxx/RelWithDebInfo/416841uv/x86_64/<built-in>:399:
C/C++: /home/runner/work/x25-airplay-receiver/x25-airplay-receiver/app/.cxx/RelWithDebInfo/416841uv/x86_64/<command line>:30:9: warning: '__ANDROID_API__' macro redefined [-Wmacro-redefined]
C/C++:    30 | #define __ANDROID_API__ 24
C/C++:       |         ^
C/C++: /home/runner/work/x25-airplay-receiver/x25-airplay-receiver/app/.cxx/RelWithDebInfo/416841uv/x86_64/<built-in>:391:9: note: previous definition is here
C/C++:   391 | #define __ANDROID_API__ __ANDROID_MIN_SDK_VERSION__
C/C++:       |         ^
C/C++: 1 warning generated.
C/C++: In file included from /home/runner/work/x25-airplay-receiver/x25-airplay-receiver/app/.cxx/RelWithDebInfo/416841uv/x86_64/<built-in>:399:
C/C++: /home/runner/work/x25-airplay-receiver/x25-airplay-receiver/app/.cxx/RelWithDebInfo/416841uv/x86_64/<command line>:30:9: warning: '__ANDROID_API__' macro redefined [-Wmacro-redefined]
C/C++:    30 | #define __ANDROID_API__ 24
C/C++:       |         ^
C/C++: /home/runner/work/x25-airplay-receiver/x25-airplay-receiver/app/.cxx/RelWithDebInfo/416841uv/x86_64/<built-in>:391:9: note: previous definition is here
C/C++:   391 | #define __ANDROID_API__ __ANDROID_MIN_SDK_VERSION__
C/C++:       |         ^
C/C++: In file included from /home/runner/work/x25-airplay-receiver/x25-airplay-receiver/app/.cxx/RelWithDebInfo/416841uv/x86_64/<built-in>:399:
C/C++: /home/runner/work/x25-airplay-receiver/x25-airplay-receiver/app/.cxx/RelWithDebInfo/416841uv/x86_64/<command line>:30:9: warning: '__ANDROID_API__' macro redefined [-Wmacro-redefined]
C/C++:    30 | #define __ANDROID_API__ 24
C/C++:       |         ^
C/C++: /home/runner/work/x25-airplay-receiver/x25-airplay-receiver/app/.cxx/RelWithDebInfo/416841uv/x86_64/<built-in>:391:9: note: previous definition is here
C/C++:   391 | #define __ANDROID_API__ __ANDROID_MIN_SDK_VERSION__
C/C++:       |         ^
C/C++: 1 warning generated.
C/C++: In file included from /home/runner/work/x25-airplay-receiver/x25-airplay-receiver/app/.cxx/RelWithDebInfo/416841uv/x86_64/<built-in>:399:
C/C++: /home/runner/work/x25-airplay-receiver/x25-airplay-receiver/app/.cxx/RelWithDebInfo/416841uv/x86_64/<command line>:30:9: warning: '__ANDROID_API__' macro redefined [-Wmacro-redefined]
C/C++:    30 | #define __ANDROID_API__ 24
C/C++:       |         ^
C/C++: /home/runner/work/x25-airplay-receiver/x25-airplay-receiver/app/.cxx/RelWithDebInfo/416841uv/x86_64/<built-in>:391:9: note: previous definition is here
C/C++:   391 | #define __ANDROID_API__ __ANDROID_MIN_SDK_VERSION__
C/C++:       |         ^
C/C++: 1 warning generated.
C/C++: In file included from /home/runner/work/x25-airplay-receiver/x25-airplay-receiver/app/.cxx/RelWithDebInfo/416841uv/x86_64/<built-in>:399:
C/C++: /home/runner/work/x25-airplay-receiver/x25-airplay-receiver/app/.cxx/RelWithDebInfo/416841uv/x86_64/<command line>:30:9: warning: '__ANDROID_API__' macro redefined [-Wmacro-redefined]
C/C++:    30 | #define __ANDROID_API__ 24
C/C++:       |         ^
C/C++: /home/runner/work/x25-airplay-receiver/x25-airplay-receiver/app/.cxx/RelWithDebInfo/416841uv/x86_64/<built-in>:391:9: note: previous definition is here
C/C++:   391 | #define __ANDROID_API__ __ANDROID_MIN_SDK_VERSION__
C/C++:       |         ^
C/C++: x86_64-linux-android24-clang  -I. -Iinclude -Iproviders/common/include -Iproviders/implementations/include  -DAES_ASM -DBSAES_ASM -DECP_NISTZ256_ASM -DGHASH_ASM -DKECCAK1600_ASM -DMD5_ASM -DOPENSSL_BN_ASM_GF2m -DOPENSSL_BN_ASM_MONT -DOPENSSL_BN_ASM_MONT5 -DOPENSSL_CPUID_OBJ -DOPENSSL_IA32_SSE2 -DPOLY1305_ASM -DSHA1_ASM -DSHA256_ASM -DSHA512_ASM -DSTATIC_LEGACY -DVPAES_ASM -DWHIRLPOOL_ASM -DX25519_ASM -fPIC -pthread -Wa,--noexecstack -Qunused-arguments -g -DANDROID -fdata-sections -ffunction-sections -funwind-tables -fstack-protector-strong -no-canonical-prefixes -D__BIONIC_NO_PAGE_SIZE_MACRO -D_FORTIFY_SOURCE=2 -Wformat -Werror=format-security  -ffile-prefix-map=/home/runner/work/x25-airplay-receiver/x25-airplay-receiver/app/src/main/cpp=. -ffile-prefix-map=/home/runner/work/x25-airplay-receiver/x25-airplay-receiver/app/.cxx/RelWithDebInfo/416841uv/x86_64=. -ffile-prefix-map=/usr/local/lib/android/sdk/ndk/27.0.12077973=. -Qunused-arguments -DOPENSSL_USE_NODELETE -DOPENSSL_PIC -DOPENSSLDIR="\"/usr/local/ssl\"" -DENGINESDIR="\"/usr/local/lib/engines-3\"" -DMODULESDIR="\"/usr/local/lib/ossl-modules\"" -DOPENSSL_BUILDING_OPENSSL -DNDEBUG -D__ANDROID_API__=24 -g -DANDROID -fdata-sections -ffunction-sections -funwind-tables -fstack-protector-strong -no-canonical-prefixes -D__BIONIC_NO_PAGE_SIZE_MACRO -D_FORTIFY_SOURCE=2 -Wformat -Werror=format-security   -ffile-prefix-map=/home/runner/work/x25-airplay-receiver/x25-airplay-receiver/app/src/main/cpp=. -ffile-prefix-map=/home/runner/work/x25-airplay-receiver/x25-airplay-receiver/app/.cxx/RelWithDebInfo/416841uv/x86_64=. -ffile-prefix-map=/usr/local/lib/android/sdk/ndk/27.0.12077973=. -Qunused-arguments -MMD -MF crypto/cms/libcrypto-shlib-cms_ec.d.tmp -c -o crypto/cms/libcrypto-shlib-cms_ec.o crypto/cms/cms_ec.c
C/C++: In file included from /home/runner/work/x25-airplay-receiver/x25-airplay-receiver/app/.cxx/RelWithDebInfo/416841uv/x86_64/<built-in>:399:
C/C++: /home/runner/work/x25-airplay-receiver/x25-airplay-receiver/app/.cxx/RelWithDebInfo/416841uv/x86_64/<command line>:30:9: warning: '__ANDROID_API__' macro redefined [-Wmacro-redefined]
C/C++:    30 | #define __ANDROID_API__ 24
C/C++:       |         ^
C/C++: /home/runner/work/x25-airplay-receiver/x25-airplay-receiver/app/.cxx/RelWithDebInfo/416841uv/x86_64/<built-in>:391:9: note: previous definition is here
C/C++:   391 | #define __ANDROID_API__ __ANDROID_MIN_SDK_VERSION__
C/C++:       |         ^
C/C++: In file included from /home/runner/work/x25-airplay-receiver/x25-airplay-receiver/app/.cxx/RelWithDebInfo/416841uv/x86_64/<built-in>:399:
C/C++: /home/runner/work/x25-airplay-receiver/x25-airplay-receiver/app/.cxx/RelWithDebInfo/416841uv/x86_64/<command line>:30:9: warning: '__ANDROID_API__' macro redefined [-Wmacro-redefined]
C/C++:    30 | #define __ANDROID_API__ 24
C/C++:       |         ^
C/C++: /home/runner/work/x25-airplay-receiver/x25-airplay-receiver/app/.cxx/RelWithDebInfo/416841uv/x86_64/<built-in>:391:9: note: previous definition is here
C/C++:   391 | #define __ANDROID_API__ __ANDROID_MIN_SDK_VERSION__
C/C++:       |         ^
C/C++: 1 warning generated.
C/C++: In file included from /home/runner/work/x25-airplay-receiver/x25-airplay-receiver/app/.cxx/RelWithDebInfo/416841uv/x86_64/<built-in>:399:
C/C++: /home/runner/work/x25-airplay-receiver/x25-airplay-receiver/app/.cxx/RelWithDebInfo/416841uv/x86_64/<command line>:30:9: warning: '__ANDROID_API__' macro redefined [-Wmacro-redefined]
C/C++:    30 | #define __ANDROID_API__ 24
C/C++:       |         ^
C/C++: /home/runner/work/x25-airplay-receiver/x25-airplay-receiver/app/.cxx/RelWithDebInfo/416841uv/x86_64/<built-in>:391:9: note: previous definition is here
C/C++:   391 | #define __ANDROID_API__ __ANDROID_MIN_SDK_VERSION__
C/C++:       |         ^
C/C++: 1 warning generated.
C/C++: In file included from /home/runner/work/x25-airplay-receiver/x25-airplay-receiver/app/.cxx/RelWithDebInfo/416841uv/x86_64/<built-in>:399:
C/C++: /home/runner/work/x25-airplay-receiver/x25-airplay-receiver/app/.cxx/RelWithDebInfo/416841uv/x86_64/<command line>:30:9: warning: '__ANDROID_API__' macro redefined [-Wmacro-redefined]
C/C++:    30 | #define __ANDROID_API__ 24
C/C++:       |         ^
C/C++: /home/runner/work/x25-airplay-receiver/x25-airplay-receiver/app/.cxx/RelWithDebInfo/416841uv/x86_64/<built-in>:391:9: note: previous definition is here
C/C++:   391 | #define __ANDROID_API__ __ANDROID_MIN_SDK_VERSION__
C/C++:       |         ^
C/C++: 1 warning generated.
C/C++: In file included from /home/runner/work/x25-airplay-receiver/x25-airplay-receiver/app/.cxx/RelWithDebInfo/416841uv/x86_64/<built-in>:399:
C/C++: /home/runner/work/x25-airplay-receiver/x25-airplay-receiver/app/.cxx/RelWithDebInfo/416841uv/x86_64/<command line>:30:9: warning: '__ANDROID_API__' macro redefined [-Wmacro-redefined]
C/C++:    30 | #define __ANDROID_API__ 24
C/C++:       |         ^
C/C++: /home/runner/work/x25-airplay-receiver/x25-airplay-receiver/app/.cxx/RelWithDebInfo/416841uv/x86_64/<built-in>:391:9: note: previous definition is here
C/C++:   391 | #define __ANDROID_API__ __ANDROID_MIN_SDK_VERSION__
C/C++:       |         ^
C/C++: x86_64-linux-android24-clang  -I. -Iinclude -Iproviders/common/include -Iproviders/implementations/include  -DAES_ASM -DBSAES_ASM -DECP_NISTZ256_ASM -DGHASH_ASM -DKECCAK1600_ASM -DMD5_ASM -DOPENSSL_BN_ASM_GF2m -DOPENSSL_BN_ASM_MONT -DOPENSSL_BN_ASM_MONT5 -DOPENSSL_CPUID_OBJ -DOPENSSL_IA32_SSE2 -DPOLY1305_ASM -DSHA1_ASM -DSHA256_ASM -DSHA512_ASM -DSTATIC_LEGACY -DVPAES_ASM -DWHIRLPOOL_ASM -DX25519_ASM -fPIC -pthread -Wa,--noexecstack -Qunused-arguments -g -DANDROID -fdata-sections -ffunction-sections -funwind-tables -fstack-protector-strong -no-canonical-prefixes -D__BIONIC_NO_PAGE_SIZE_MACRO -D_FORTIFY_SOURCE=2 -Wformat -Werror=format-security  -ffile-prefix-map=/home/runner/work/x25-airplay-receiver/x25-airplay-receiver/app/src/main/cpp=. -ffile-prefix-map=/home/runner/work/x25-airplay-receiver/x25-airplay-receiver/app/.cxx/RelWithDebInfo/416841uv/x86_64=. -ffile-prefix-map=/usr/local/lib/android/sdk/ndk/27.0.12077973=. -Qunused-arguments -DOPENSSL_USE_NODELETE -DOPENSSL_PIC -DOPENSSLDIR="\"/usr/local/ssl\"" -DENGINESDIR="\"/usr/local/lib/engines-3\"" -DMODULESDIR="\"/usr/local/lib/ossl-modules\"" -DOPENSSL_BUILDING_OPENSSL -DNDEBUG -D__ANDROID_API__=24 -g -DANDROID -fdata-sections -ffunction-sections -funwind-tables -fstack-protector-strong -no-canonical-prefixes -D__BIONIC_NO_PAGE_SIZE_MACRO -D_FORTIFY_SOURCE=2 -Wformat -Werror=format-security   -ffile-prefix-map=/home/runner/work/x25-airplay-receiver/x25-airplay-receiver/app/src/main/cpp=. -ffile-prefix-map=/home/runner/work/x25-airplay-receiver/x25-airplay-receiver/app/.cxx/RelWithDebInfo/416841uv/x86_64=. -ffile-prefix-map=/usr/local/lib/android/sdk/ndk/27.0.12077973=. -Qunused-arguments -MMD -MF crypto/cms/libcrypto-shlib-cms_ess.d.tmp -c -o crypto/cms/libcrypto-shlib-cms_ess.o crypto/cms/cms_ess.c
C/C++: In file included from /home/runner/work/x25-airplay-receiver/x25-airplay-receiver/app/.cxx/RelWithDebInfo/416841uv/x86_64/<built-in>:399:
C/C++: /home/runner/work/x25-airplay-receiver/x25-airplay-receiver/app/.cxx/RelWithDebInfo/416841uv/x86_64/<command line>:30:9: warning: '__ANDROID_API__' macro redefined [-Wmacro-redefined]
C/C++:    30 | #define __ANDROID_API__ 24
C/C++:       |         ^
C/C++: /home/runner/work/x25-airplay-receiver/x25-airplay-receiver/app/.cxx/RelWithDebInfo/416841uv/x86_64/<built-in>:391:9: note: previous definition is here
C/C++:   391 | #define __ANDROID_API__ __ANDROID_MIN_SDK_VERSION__
C/C++:       |         ^
C/C++: 1 warning generated.
C/C++: In file included from /home/runner/work/x25-airplay-receiver/x25-airplay-receiver/app/.cxx/RelWithDebInfo/416841uv/x86_64/<built-in>:399:
C/C++: /home/runner/work/x25-airplay-receiver/x25-airplay-receiver/app/.cxx/RelWithDebInfo/416841uv/x86_64/<command line>:30:9: warning: '__ANDROID_API__' macro redefined [-Wmacro-redefined]
C/C++:    30 | #define __ANDROID_API__ 24
C/C++:       |         ^
C/C++: /home/runner/work/x25-airplay-receiver/x25-airplay-receiver/app/.cxx/RelWithDebInfo/416841uv/x86_64/<built-in>:391:9: note: previous definition is here
C/C++:   391 | #define __ANDROID_API__ __ANDROID_MIN_SDK_VERSION__
C/C++:       |         ^
C/C++: In file included from /home/runner/work/x25-airplay-receiver/x25-airplay-receiver/app/.cxx/RelWithDebInfo/416841uv/x86_64/<built-in>:399:
C/C++: /home/runner/work/x25-airplay-receiver/x25-airplay-receiver/app/.cxx/RelWithDebInfo/416841uv/x86_64/<command line>:30:9: warning: '__ANDROID_API__' macro redefined [-Wmacro-redefined]
C/C++:    30 | #define __ANDROID_API__ 24
C/C++:       |         ^
C/C++: /home/runner/work/x25-airplay-receiver/x25-airplay-receiver/app/.cxx/RelWithDebInfo/416841uv/x86_64/<built-in>:391:9: note: previous definition is here
C/C++:   391 | #define __ANDROID_API__ __ANDROID_MIN_SDK_VERSION__
C/C++:       |         ^
C/C++: 1 warning generated.
C/C++: In file included from /home/runner/work/x25-airplay-receiver/x25-airplay-receiver/app/.cxx/RelWithDebInfo/416841uv/x86_64/<built-in>:399:
C/C++: /home/runner/work/x25-airplay-receiver/x25-airplay-receiver/app/.cxx/RelWithDebInfo/416841uv/x86_64/<command line>:30:9: warning: '__ANDROID_API__' macro redefined [-Wmacro-redefined]
C/C++:    30 | #define __ANDROID_API__ 24
C/C++:       |         ^
C/C++: /home/runner/work/x25-airplay-receiver/x25-airplay-receiver/app/.cxx/RelWithDebInfo/416841uv/x86_64/<built-in>:391:9: note: previous definition is here
C/C++:   391 | #define __ANDROID_API__ __ANDROID_MIN_SDK_VERSION__
C/C++:       |         ^
C/C++: In file included from /home/runner/work/x25-airplay-receiver/x25-airplay-receiver/app/.cxx/RelWithDebInfo/416841uv/x86_64/<built-in>:399:
C/C++: /home/runner/work/x25-airplay-receiver/x25-airplay-receiver/app/.cxx/RelWithDebInfo/416841uv/x86_64/<command line>:30:9: warning: '__ANDROID_API__' macro redefined [-Wmacro-redefined]
C/C++:    30 | #define __ANDROID_API__ 24
C/C++:       |         ^
C/C++: /home/runner/work/x25-airplay-receiver/x25-airplay-receiver/app/.cxx/RelWithDebInfo/416841uv/x86_64/<built-in>:391:9: note: previous definition is here
C/C++:   391 | #define __ANDROID_API__ __AIn file included from <built-in>:399:
C/C++: /home/runner/work/x25-airplay-receiver/x25-airplay-receiver/app/.cxx/RelWithDebInfo/416841uv/x86_64/<command line>:30:9: warning: '__ANDROID_API__' macro redefined [-Wmacro-redefined]
C/C++: NDROI   30 | #define __ANDROID_API__ 24
C/C++:       |         ^
C/C++: /home/runner/work/x25-airplay-receiver/x25-airplay-receiver/app/.cxx/RelWithDebInfo/416841uv/x86_64/D<built-in>:391:9: note: previous definition is here
C/C++: _  391 | #define __ANDROID_API__ __ANDROID_MIN_SDK_VERSION__
C/C++:       |         ^
C/C++: MIN_SDK_VERSION__
C/C++:       |         ^
C/C++: 1 warning generated.
C/C++: In file included from /home/runner/work/x25-airplay-receiver/x25-airplay-receiver/app/.cxx/RelWithDebInfo/416841uv/x86_64/<built-in>:399:
C/C++: /home/runner/work/x25-airplay-receiver/x25-airplay-receiver/app/.cxx/RelWithDebInfo/416841uv/x86_64/<command line>:30:9: warning: '__ANDROID_API__' macro redefined [-Wmacro-redefined]
C/C++:    30 | #define __ANDROID_API__ 24
C/C++:       |         ^
C/C++: /home/runner/work/x25-airplay-receiver/x25-airplay-receiver/app/.cxx/RelWithDebInfo/416841uv/x86_64/<built-in>:391:9: note: previous definition is here
C/C++:   391 | #define __ANDROID_API__ __ANDROID_MIN_SDK_VERSION__
C/C++:       |         ^
C/C++: 1 warning generated.
C/C++: In file included from /home/runner/work/x25-airplay-receiver/x25-airplay-receiver/app/.cxx/RelWithDebInfo/416841uv/x86_64/<built-in>:399:
C/C++: /home/runner/work/x25-airplay-receiver/x25-airplay-receiver/app/.cxx/RelWithDebInfo/416841uv/x86_64/<command line>:30:9: warning: '__ANDROID_API__' macro redefined [-Wmacro-redefined]
C/C++:    30 | #define __ANDROID_API__ 24
C/C++:       |         ^
C/C++: /home/runner/work/x25-airplay-receiver/x25-airplay-receiver/app/.cxx/RelWithDebInfo/416841uv/x86_64/<built-in>:391:9: note: previous definition is here
C/C++:   391 | #define __ANDROID_API__ __ANDROID_MIN_SDK_VERSION__
C/C++:       |         ^
C/C++: x86_64-linux-android24-clang  -I. -Iinclude -Iproviders/common/include -Iproviders/implementations/include  -DAES_ASM -DBSAES_ASM -DECP_NISTZ256_ASM -DGHASH_ASM -DKECCAK1600_ASM -DMD5_ASM -DOPENSSL_BN_ASM_GF2m -DOPENSSL_BN_ASM_MONT -DOPENSSL_BN_ASM_MONT5 -DOPENSSL_CPUID_OBJ -DOPENSSL_IA32_SSE2 -DPOLY1305_ASM -DSHA1_ASM -DSHA256_ASM -DSHA512_ASM -DSTATIC_LEGACY -DVPAES_ASM -DWHIRLPOOL_ASM -DX25519_ASM -fPIC -pthread -Wa,--noexecstack -Qunused-arguments -g -DANDROID -fdata-sections -ffunction-sections -funwind-tables -fstack-protector-strong -no-canonical-prefixes -D__BIONIC_NO_PAGE_SIZE_MACRO -D_FORTIFY_SOURCE=2 -Wformat -Werror=format-security  -ffile-prefix-map=/home/runner/work/x25-airplay-receiver/x25-airplay-receiver/app/src/main/cpp=. -ffile-prefix-map=/home/runner/work/x25-airplay-receiver/x25-airplay-receiver/app/.cxx/RelWithDebInfo/416841uv/x86_64=. -ffile-prefix-map=/usr/local/lib/android/sdk/ndk/27.0.12077973=. -Qunused-arguments -DOPENSSL_USE_NODELETE -DOPENSSL_PIC -DOPENSSLDIR="\"/usr/local/ssl\"" -DENGINESDIR="\"/usr/local/lib/engines-3\"" -DMODULESDIR="\"/usr/local/lib/ossl-modules\"" -DOPENSSL_BUILDING_OPENSSL -DNDEBUG -D__ANDROID_API__=24 -g -DANDROID -fdata-sections -ffunction-sections -funwind-tables -fstack-protector-strong -no-canonical-prefixes -D__BIONIC_NO_PAGE_SIZE_MACRO -D_FORTIFY_SOURCE=2 -Wformat -Werror=format-security   -ffile-prefix-map=/home/runner/work/x25-airplay-receiver/x25-airplay-receiver/app/src/main/cpp=. -ffile-prefix-map=/home/runner/work/x25-airplay-receiver/x25-airplay-receiver/app/.cxx/RelWithDebInfo/416841uv/x86_64=. -ffile-prefix-map=/usr/local/lib/android/sdk/ndk/27.0.12077973=. -Qunused-arguments -MMD -MF crypto/conf/libcrypto-shlib-conf_def.d.tmp -c -o crypto/conf/libcrypto-shlib-conf_def.o crypto/conf/conf_def.c
C/C++: In file included from /home/runner/work/x25-airplay-receiver/x25-airplay-receiver/app/.cxx/RelWithDebInfo/416841uv/x86_64/<built-in>:399:
C/C++: /home/runner/work/x25-airplay-receiver/x25-airplay-receiver/app/.cxx/RelWithDebInfo/416841uv/x86_64/<command line>:30:9: warning: '__ANDROID_API__' macro redefined [-Wmacro-redefined]
C/C++:    30 | #define __ANDROID_API__ 24
C/C++:       |         ^
C/C++: /home/runner/work/x25-airplay-receiver/x25-airplay-receiver/app/.cxx/RelWithDebInfo/416841uv/x86_64/<built-in>:391:9: note: previous definition is here
C/C++:   391 | #define __ANDROID_API__ __ANDROID_MIN_SDK_VERSION__
C/C++:       |         ^
C/C++: In file included from /home/runner/work/x25-airplay-receiver/x25-airplay-receiver/app/.cxx/RelWithDebInfo/416841uv/x86_64/<built-in>:399:
C/C++: /home/runner/work/x25-airplay-receiver/x25-airplay-receiver/app/.cxx/RelWithDebInfo/416841uv/x86_64/<command line>:30:9: warning: '__ANDROID_API__' macro redefined [-Wmacro-redefined]
C/C++:    30 | #define __ANDROID_API__ 24
C/C++:       |         ^
C/C++: /home/runner/work/x25-airplay-receiver/x25-airplay-receiver/app/.cxx/RelWithDebInfo/416841uv/x86_64/<built-in>:391:9: note: previous definition is here
C/C++:   391 | #define __ANDROID_API__ __ANDROID_MIN_SDK_VERSION__
C/C++:       |         ^
C/C++: 1 warning generated.
C/C++: In file included from /home/runner/work/x25-airplay-receiver/x25-airplay-receiver/app/.cxx/RelWithDebInfo/416841uv/x86_64/<built-in>:399:
C/C++: /home/runner/work/x25-airplay-receiver/x25-airplay-receiver/app/.cxx/RelWithDebInfo/416841uv/x86_64/<command line>:30:9: warning: '__ANDROID_API__' macro redefined [-Wmacro-redefined]
C/C++:    30 | #define __ANDROID_API__ 24
C/C++:       |         ^
C/C++: /home/runner/work/x25-airplay-receiver/x25-airplay-receiver/app/.cxx/RelWithDebInfo/416841uv/x86_64/<built-in>:391:9: note: previous definition is here
C/C++:   391 | #define __ANDROID_API__ __ANDROID_MIN_SDK_VERSION__
C/C++:       |         ^
C/C++: In file included from /home/runner/work/x25-airplay-receiver/x25-airplay-receiver/app/.cxx/RelWithDebInfo/416841uv/x86_64/<built-in>:399:
C/C++: /home/runner/work/x25-airplay-receiver/x25-airplay-receiver/app/.cxx/RelWithDebInfo/416841uv/x86_64/<command line>:30:9: warning: '__ANDROID_API__' macro redefined [-Wmacro-redefined]
C/C++:    30 | #define __ANDROID_API__ 24
C/C++:       |         ^
C/C++: /home/runner/work/x25-airplay-receiver/x25-airplay-receiver/app/.cxx/RelWithDebInfo/416841uv/x86_64/<built-in>:391:9: note: previous definition is here
C/C++:   391 | #define __ANDROID_API__ __ANDROID_MIN_SDK_VERSION__
C/C++:       |         ^
C/C++: 1 warning generated.
C/C++: In file included from /home/runner/work/x25-airplay-receiver/x25-airplay-receiver/app/.cxx/RelWithDebInfo/416841uv/x86_64/<built-in>:399:
C/C++: /home/runner/work/x25-airplay-receiver/x25-airplay-receiver/app/.cxx/RelWithDebInfo/416841uv/x86_64/<command line>:30:9: warning: '__ANDROID_API__' macro redefined [-Wmacro-redefined]
C/C++:    30 | #define __ANDROID_API__ 24
C/C++:       |         ^
C/C++: /home/runner/work/x25-airplay-receiver/x25-airplay-receiver/app/.cxx/RelWithDebInfo/416841uv/x86_64/<built-in>:391:9: note: previous definition is here
C/C++:   391 | #define __ANDROID_API__ __ANDROID_MIN_SDK_VERSION__
C/C++:       |         ^
C/C++: In file included from /home/runner/work/x25-airplay-receiver/x25-airplay-receiver/app/.cxx/RelWithDebInfo/416841uv/x86_64/<built-in>:399:
C/C++: /home/runner/work/x25-airplay-receiver/x25-airplay-receiver/app/.cxx/RelWithDebInfo/416841uv/x86_64/<command line>:30:9: warning: '__ANDROID_API__' macro redefined [-Wmacro-redefined]
C/C++:    30 | #define __ANDROID_API__ 24
C/C++:       |         ^
C/C++: /home/runner/work/x25-airplay-receiver/x25-airplay-receiver/app/.cxx/RelWithDebInfo/416841uv/x86_64/<built-in>:391:9: note: previous definition is here
C/C++:   391 | #define __ANDROID_API__ __ANDROID_MIN_SDK_VERSION__
C/C++:       |         ^
C/C++: 1 warning generated.
C/C++: In file included from /home/runner/work/x25-airplay-receiver/x25-airplay-receiver/app/.cxx/RelWithDebInfo/416841uv/x86_64/In file included from <built-in>:399:
C/C++: /home/runner/work/x25-airplay-receiver/x25-airplay-receiver/app/.cxx/RelWithDebInfo/416841uv/x86_64/<command line>:30:9: warning: '__ANDROID_API__' macro redefined [-Wmacro-redefined]
C/C++: <built-in>:399   :
C/C++: /home/runner/work/x25-airplay-receiver/x25-airplay-receiver/app/.cxx/RelWithDebInfo/416841uv/x86_64/<command line>:30:9: warning: '__ANDROID_API__' macro redefined [-Wmacro-redefined]
C/C++: 30 | #   30 | #define __ANDROID_API__ 24
C/C++:       |         ^
C/C++: /home/runner/work/x25-airplay-receiver/x25-airplay-receiver/app/.cxx/RelWithDebInfo/416841uv/x86_64/d<built-in>:391:9: note: previous definition is here
C/C++: e  391 | #define __ANDROID_API__ __ANDROID_MIN_SDK_VERSION__
C/C++:       |         ^
C/C++: fine __ANDROID_API__ 24
C/C++:       |         ^
C/C++: /home/runner/work/x25-airplay-receiver/x25-airplay-receiver/app/.cxx/RelWithDebInfo/416841uv/x86_64/<built-in>:391:9: note: previous definition is here
C/C++:   391 | #define __ANDROID_API__ __ANDROID_MIN_SDK_VERSION__
C/C++:       |         ^
C/C++: 1 warning generated.
C/C++: In file included from /home/runner/work/x25-airplay-receiver/x25-airplay-receiver/app/.cxx/RelWithDebInfo/416841uv/x86_64/<built-in>:399:
C/C++: /home/runner/work/x25-airplay-receiver/x25-airplay-receiver/app/.cxx/RelWithDebInfo/416841uv/x86_64/<command line>:30:9: warning: '__ANDROID_API__' macro redefined [-Wmacro-redefined]
C/C++:    30 | #define __ANDROID_API__ 24
C/C++:       |         ^
C/C++: /home/runner/work/x25-airplay-receiver/x25-airplay-receiver/app/.cxx/RelWithDebInfo/416841uv/x86_64/<built-in>:391:9: note: previous definition is here
C/C++:   391 | #define __ANDROID_API__ __ANDROID_MIN_SDK_VERSION__
C/C++:       |         ^
C/C++: In file included from /home/runner/work/x25-airplay-receiver/x25-airplay-receiver/app/.cxx/RelWithDebInfo/416841uv/x86_64/<built-in>:399:
C/C++: /home/runner/work/x25-airplay-receiver/x25-airplay-receiver/app/.cxx/RelWithDebInfo/416841uv/x86_64/<command line>:30:9: warning: '__ANDROID_API__' macro redefined [-Wmacro-redefined]
C/C++:    30 | #define __ANDROID_API__ 24
C/C++:       |         ^
C/C++: /home/runner/work/x25-airplay-receiver/x25-airplay-receiver/app/.cxx/RelWithDebInfo/416841uv/x86_64/<built-in>:391:9: note: previous definition is here
C/C++:   391 | #define __ANDROID_API__ __ANDROID_MIN_SDK_VERSION__
C/C++:       |         ^
C/C++: 1 warning generated.
C/C++: In file included from /home/runner/work/x25-airplay-receiver/x25-airplay-receiver/app/.cxx/RelWithDebInfo/416841uv/x86_64/<built-in>:399:
C/C++: /home/runner/work/x25-airplay-receiver/x25-airplay-receiver/app/.cxx/RelWithDebInfo/416841uv/x86_64/<command line>:30:9: warning: '__ANDROID_API__' macro redefined [-Wmacro-redefined]
C/C++:    30 | #define __ANDROID_API__ 24
C/C++:       |         ^
C/C++: /home/runner/work/x25-airplay-receiver/x25-airplay-receiver/app/.cxx/RelWithDebInfo/416841uv/x86_64/<built-in>:391:9: note: previous definition is here
C/C++:   391 | #define __ANDROID_API__ __ANDROID_MIN_SDK_VERSION__
C/C++:       |         ^
C/C++: In file included from /home/runner/work/x25-airplay-receiver/x25-airplay-receiver/app/.cxx/RelWithDebInfo/416841uv/x86_64/<built-in>:399:
C/C++: /home/runner/work/x25-airplay-receiver/x25-airplay-receiver/app/.cxx/RelWithDebInfo/416841uv/x86_64/<command line>:30:9: warning: '__ANDROID_API__' macro redefined [-Wmacro-redefined]
C/C++:    30 | #define __ANDROID_API__ 24
C/C++:       |         ^
C/C++: /home/runner/work/x25-airplay-receiver/x25-airplay-receiver/app/.cxx/RelWithDebInfo/416841uv/x86_64/<built-in>:391:9: note: previous definition is here
C/C++:   391 | #define __ANDROID_API__ __ANDROID_MIN_SDK_VERSION__
C/C++:       |         ^
C/C++: In file included from /home/runner/work/x25-airplay-receiver/x25-airplay-receiver/app/.cxx/RelWithDebInfo/416841uv/x86_64/<built-in>:399:
C/C++: /home/runner/work/x25-airplay-receiver/x25-airplay-receiver/app/.cxx/RelWithDebInfo/416841uv/x86_64/<command line>:30:9: warning: '__ANDROID_API__' macro redefined [-Wmacro-redefined]
C/C++:    30 | #define __ANDROID_API__ 24
C/C++:       |         ^
C/C++: /home/runner/work/x25-airplay-receiver/x25-airplay-receiver/app/.cxx/RelWithDebInfo/416841uv/x86_64/<built-in>:391:9: note: previous definition is here
C/C++:   391 | #define __ANDROID_API__ __ANDROID_MIN_SDK_VERSION__
C/C++:       |         ^
C/C++: 1 warning generated.
C/C++: In file included from /home/runner/work/x25-airplay-receiver/x25-airplay-receiver/app/.cxx/RelWithDebInfo/416841uv/x86_64/<built-in>:399:
C/C++: /home/runner/work/x25-airplay-receiver/x25-airplay-receiver/app/.cxx/RelWithDebInfo/416841uv/x86_64/<command line>:30:9: warning: '__ANDROID_API__' macro redefined [-Wmacro-redefined]
C/C++:    30 | #define __ANDROID_API__ 24
C/C++:       |         ^
C/C++: /home/runner/work/x25-airplay-receiver/x25-airplay-receiver/app/.cxx/RelWithDebInfo/416841uv/x86_64/<built-in>:391:9: note: previous definition is here
C/C++:   391 | #define __ANDROID_API__ __ANDROID_MIN_SDK_VERSION__
C/C++:       |         ^
C/C++: x86_64-linux-android24-clang  -I. -Iinclude -Iproviders/common/include -Iproviders/implementations/include  -DAES_ASM -DBSAES_ASM -DECP_NISTZ256_ASM -DGHASH_ASM -DKECCAK1600_ASM -DMD5_ASM -DOPENSSL_BN_ASM_GF2m -DOPENSSL_BN_ASM_MONT -DOPENSSL_BN_ASM_MONT5 -DOPENSSL_CPUID_OBJ -DOPENSSL_IA32_SSE2 -DPOLY1305_ASM -DSHA1_ASM -DSHA256_ASM -DSHA512_ASM -DSTATIC_LEGACY -DVPAES_ASM -DWHIRLPOOL_ASM -DX25519_ASM -fPIC -pthread -Wa,--noexecstack -Qunused-arguments -g -DANDROID -fdata-sections -ffunction-sections -funwind-tables -fstack-protector-strong -no-canonical-prefixes -D__BIONIC_NO_PAGE_SIZE_MACRO -D_FORTIFY_SOURCE=2 -Wformat -Werror=format-security  -ffile-prefix-map=/home/runner/work/x25-airplay-receiver/x25-airplay-receiver/app/src/main/cpp=. -ffile-prefix-map=/home/runner/work/x25-airplay-receiver/x25-airplay-receiver/app/.cxx/RelWithDebInfo/416841uv/x86_64=. -ffile-prefix-map=/usr/local/lib/android/sdk/ndk/27.0.12077973=. -Qunused-arguments -DOPENSSL_USE_NODELETE -DOPENSSL_PIC -DOPENSSLDIR="\"/usr/local/ssl\"" -DENGINESDIR="\"/usr/local/lib/engines-3\"" -DMODULESDIR="\"/usr/local/lib/ossl-modules\"" -DOPENSSL_BUILDING_OPENSSL -DNDEBUG -D__ANDROID_API__=24 -g -DANDROID -fdata-sections -ffunction-sections -funwind-tables -fstack-protector-strong -no-canonical-prefixes -D__BIONIC_NO_PAGE_SIZE_MACRO -D_FORTIFY_SOURCE=2 -Wformat -Werror=format-security   -ffile-prefix-map=/home/runner/work/x25-airplay-receiver/x25-airplay-receiver/app/src/main/cpp=. -ffile-prefix-map=/home/runner/work/x25-airplay-receiver/x25-airplay-receiver/app/.cxx/RelWithDebInfo/416841uv/x86_64=. -ffile-prefix-map=/usr/local/lib/android/sdk/ndk/27.0.12077973=. -Qunused-arguments -MMD -MF crypto/ct/libcrypto-shlib-ct_oct.d.tmp -c -o crypto/ct/libcrypto-shlib-ct_oct.o crypto/ct/ct_oct.c
C/C++: In file included from /home/runner/work/x25-airplay-receiver/x25-airplay-receiver/app/.cxx/RelWithDebInfo/416841uv/x86_64/<built-in>:399:
C/C++: /home/runner/work/x25-airplay-receiver/x25-airplay-receiver/app/.cxx/RelWithDebInfo/416841uv/x86_64/<command line>:30:9: warning: '__ANDROID_API__' macro redefined [-Wmacro-redefined]
C/C++:    30 | #define __ANDROID_API__ 24
C/C++:       |         ^
C/C++: /home/runner/work/x25-airplay-receiver/x25-airplay-receiver/app/.cxx/RelWithDebInfo/416841uv/x86_64/<built-in>:391:9: note: previous definition is here
C/C++:   391 | #define __ANDROID_API__ __ANDROID_MIN_SDK_VERSION__
C/C++:       |         ^
C/C++: In file included from /home/runner/work/x25-airplay-receiver/x25-airplay-receiver/app/.cxx/RelWithDebInfo/416841uv/x86_64/<built-in>:399:
C/C++: /home/runner/work/x25-airplay-receiver/x25-airplay-receiver/app/.cxx/RelWithDebInfo/416841uv/x86_64/<command line>:30:9: warning: '__ANDROID_API__' macro redefined [-Wmacro-redefined]
C/C++:    30 | #define __ANDROID_API__ 24
C/C++:       |         ^
C/C++: /home/runner/work/x25-airplay-receiver/x25-airplay-receiver/app/.cxx/RelWithDebInfo/416841uv/x86_64/<built-in>:391:9: note: previous definition is here
C/C++:   391 | #define __ANDROID_API__ __ANDROID_MIN_SDK_VERSION__
C/C++:       |         ^
C/C++: 1 warning generated.
C/C++: In file included from /home/runner/work/x25-airplay-receiver/x25-airplay-receiver/app/.cxx/RelWithDebInfo/416841uv/x86_64/<built-in>:399:
C/C++: /home/runner/work/x25-airplay-receiver/x25-airplay-receiver/app/.cxx/RelWithDebInfo/416841uv/x86_64/<command line>:30:9: warning: '__ANDROID_API__' macro redefined [-Wmacro-redefined]
C/C++:    30 | #define __ANDROID_API__ 24
C/C++:       |         ^
C/C++: /home/runner/work/x25-airplay-receiver/x25-airplay-receiver/app/.cxx/RelWithDebInfo/416841uv/x86_64/<built-in>:391:9: note: previous definition is here
C/C++:   391 | #define __ANDROID_API__ __ANDROID_MIN_SDK_VERSION__
C/C++:       |         ^
C/C++: In file included from /home/runner/work/x25-airplay-receiver/x25-airplay-receiver/app/.cxx/RelWithDebInfo/416841uv/x86_64/<built-in>:399:
C/C++: /home/runner/work/x25-airplay-receiver/x25-airplay-receiver/app/.cxx/RelWithDebInfo/416841uv/x86_64/<command line>:30:9: warning: '__ANDROID_API__' macro redefined [-Wmacro-redefined]
C/C++:    30 | #define __ANDROID_API__ 24
C/C++:       |         ^
C/C++: /home/runner/work/x25-airplay-receiver/x25-airplay-receiver/app/.cxx/RelWithDebInfo/416841uv/x86_64/<built-in>:391:9: note: previous definition is here
C/C++:   391 | #define __ANDROID_API__ __ANDROID_MIN_SDK_VERSION__
C/C++:       |         ^
C/C++: 1 warning generated.
C/C++: In file included from /home/runner/work/x25-airplay-receiver/x25-airplay-receiver/app/.cxx/RelWithDebInfo/416841uv/x86_64/<built-in>:399:
C/C++: /home/runner/work/x25-airplay-receiver/x25-airplay-receiver/app/.cxx/RelWithDebInfo/416841uv/x86_64/<command line>:30:9: warning: '__ANDROID_API__' macro redefined [-Wmacro-redefined]
C/C++:    30 | #define __ANDROID_API__ 24
C/C++:       |         ^
C/C++: /home/runner/work/x25-airplay-receiver/x25-airplay-receiver/app/.cxx/RelWithDebInfo/416841uv/x86_64/<built-in>:391:9: note: previous definition is here
C/C++:   391 | #define __ANDROID_API__ __ANDROID_MIN_SDK_VERSION__
C/C++:       |         ^
C/C++: In file included from /home/runner/work/x25-airplay-receiver/x25-airplay-receiver/app/.cxx/RelWithDebInfo/416841uv/x86_64/<built-in>:399:
C/C++: /home/runner/work/x25-airplay-receiver/x25-airplay-receiver/app/.cxx/RelWithDebInfo/416841uv/x86_64/<command line>:30:9: warning: '__ANDROID_API__' macro redefined [-Wmacro-redefined]
C/C++:    30 | #define __ANDROID_API__ 24
C/C++:       |         ^
C/C++: /home/runner/work/x25-airplay-receiver/x25-airplay-receiver/app/.cxx/RelWithDebInfo/416841uv/x86_64/<built-in>:391:9: note: previous definition is here
C/C++:   391 | #define __ANDROID_API__ __ANDROID_MIN_SDK_VERSION__
C/C++:       |         ^
C/C++: 1 warning generated.
C/C++: In file included from /home/runner/work/x25-airplay-receiver/x25-airplay-receiver/app/.cxx/RelWithDebInfo/416841uv/x86_64/<built-in>:399:
C/C++: /home/runner/work/x25-airplay-receiver/x25-airplay-receiver/app/.cxx/RelWithDebInfo/416841uv/x86_64/<command line>:30:9: warning: '__ANDROID_API__' macro redefined [-Wmacro-redefined]
C/C++:    30 | #define __ANDROID_API__ 24
C/C++:       |         ^
C/C++: /home/runner/work/x25-airplay-receiver/x25-airplay-receiver/app/.cxx/RelWithDebInfo/416841uv/x86_64/<built-in>:391:9: note: previous definition is here
C/C++:   391 | #define __AIn file included from <built-in>:399:
C/C++: <command line>NDROID_API__ __ANDROID_MIN_SDK_VERSION__
C/C++:       |         ^
C/C++: :30:9: warning: '__ANDROID_API__' macro redefined [-Wmacro-redefined]
C/C++:    30 | #define __ANDROID_API__ 24
C/C++:       |         ^
C/C++: /home/runner/work/x25-airplay-receiver/x25-airplay-receiver/app/.cxx/RelWithDebInfo/416841uv/x86_64/<built-in>:391:9: note: previous definition is here
C/C++:   391 | #define __ANDROID_API__ __ANDROID_MIN_SDK_VERSION__
C/C++:       |         ^
C/C++: 1 warning generated.
C/C++: In file included from /home/runner/work/x25-airplay-receiver/x25-airplay-receiver/app/.cxx/RelWithDebInfo/416841uv/x86_64/<built-in>:399:
C/C++: /home/runner/work/x25-airplay-receiver/x25-airplay-receiver/app/.cxx/RelWithDebInfo/416841uv/x86_64/<command line>:30:9: warning: '__ANDROID_API__' macro redefined [-Wmacro-redefined]
C/C++:    30 | #define __ANDROID_API__ 24
C/C++:       |         ^
C/C++: /home/runner/work/x25-airplay-receiver/x25-airplay-receiver/app/.cxx/RelWithDebInfo/416841uv/x86_64/<built-in>:391:9: note: previous definition is here
C/C++:   391 | #define __ANDROID_API__ __ANDROID_MIN_SDK_VERSION__
C/C++:       |         ^
C/C++: In file included from /home/runner/work/x25-airplay-receiver/x25-airplay-receiver/app/.cxx/RelWithDebInfo/416841uv/x86_64/<built-in>:399:
C/C++: /home/runner/work/x25-airplay-receiver/x25-airplay-receiver/app/.cxx/RelWithDebInfo/416841uv/x86_64/<command line>:30:9: warning: '__ANDROID_API__' macro redefined [-Wmacro-redefined]
C/C++:    30 | #define __AN1DRO warningI generatedD.
C/C++: _API__ 24
C/C++:       |         ^
C/C++: /home/runner/work/x25-airplay-receiver/x25-airplay-receiver/app/.cxx/RelWithDebInfo/416841uv/x86_64/<built-in>:391:9: note: previous definition is here
C/C++:   391 | #define __ANDROID_API__ __ANDROID_MIN_SDK_VERSION__
C/C++:       |         ^
C/C++: x86_64-linux-android24-clang  -I. -Iinclude -Iproviders/common/include -Iproviders/implementations/include  -DAES_ASM -DBSAES_ASM -DECP_NISTZ256_ASM -DGHASH_ASM -DKECCAK1600_ASM -DMD5_ASM -DOPENSSL_BN_ASM_GF2m -DOPENSSL_BN_ASM_MONT -DOPENSSL_BN_ASM_MONT5 -DOPENSSL_CPUID_OBJ -DOPENSSL_IA32_SSE2 -DPOLY1305_ASM -DSHA1_ASM -DSHA256_ASM -DSHA512_ASM -DSTATIC_LEGACY -DVPAES_ASM -DWHIRLPOOL_ASM -DX25519_ASM -fPIC -pthread -Wa,--noexecstack -Qunused-arguments -g -DANDROID -fdata-sections -ffunction-sections -funwind-tables -fstack-protector-strong -no-canonical-prefixes -D__BIONIC_NO_PAGE_SIZE_MACRO -D_FORTIFY_SOURCE=2 -Wformat -Werror=format-security  -ffile-prefix-map=/home/runner/work/x25-airplay-receiver/x25-airplay-receiver/app/src/main/cpp=. -ffile-prefix-map=/home/runner/work/x25-airplay-receiver/x25-airplay-receiver/app/.cxx/RelWithDebInfo/416841uv/x86_64=. -ffile-prefix-map=/usr/local/lib/android/sdk/ndk/27.0.12077973=. -Qunused-arguments -DOPENSSL_USE_NODELETE -DOPENSSL_PIC -DOPENSSLDIR="\"/usr/local/ssl\"" -DENGINESDIR="\"/usr/local/lib/engines-3\"" -DMODULESDIR="\"/usr/local/lib/ossl-modules\"" -DOPENSSL_BUILDING_OPENSSL -DNDEBUG -D__ANDROID_API__=24 -g -DANDROID -fdata-sections -ffunction-sections -funwind-tables -fstack-protector-strong -no-canonical-prefixes -D__BIONIC_NO_PAGE_SIZE_MACRO -D_FORTIFY_SOURCE=2 -Wformat -Werror=format-security   -ffile-prefix-map=/home/runner/work/x25-airplay-receiver/x25-airplay-receiver/app/src/main/cpp=. -ffile-prefix-map=/home/runner/work/x25-airplay-receiver/x25-airplay-receiver/app/.cxx/RelWithDebInfo/416841uv/x86_64=. -ffile-prefix-map=/usr/local/lib/android/sdk/ndk/27.0.12077973=. -Qunused-arguments -MMD -MF crypto/dh/libcrypto-shlib-dh_backend.d.tmp -c -o crypto/dh/libcrypto-shlib-dh_backend.o crypto/dh/dh_backend.c
C/C++: x86_64-linux-android24-clang  -I. -Iinclude -Iproviders/common/include -Iproviders/implementations/include  -DAES_ASM -DBSAES_ASM -DECP_NISTZ256_ASM -DGHASH_ASM -DKECCAK1600_ASM -DMD5_ASM -DOPENSSL_BN_ASM_GF2m -DOPENSSL_BN_ASM_MONT -DOPENSSL_BN_ASM_MONT5 -DOPENSSL_CPUID_OBJ -DOPENSSL_IA32_SSE2 -DPOLY1305_ASM -DSHA1_ASM -DSHA256_ASM -DSHA512_ASM -DSTATIC_LEGACY -DVPAES_ASM -DWHIRLPOOL_ASM -DX25519_ASM -fPIC -pthread -Wa,--noexecstack -Qunused-arguments -g -DANDROID -fdata-sections -ffunction-sections -funwind-tables -fstack-protector-strong -no-canonical-prefixes -D__BIONIC_NO_PAGE_SIZE_MACRO -D_FORTIFY_SOURCE=2 -Wformat -Werror=format-security  -ffile-prefix-map=/home/runner/work/x25-airplay-receiver/x25-airplay-receiver/app/src/main/cpp=. -ffile-prefix-map=/home/runner/work/x25-airplay-receiver/x25-airplay-receiver/app/.cxx/RelWithDebInfo/416841uv/x86_64=. -ffile-prefix-map=/usr/local/lib/android/sdk/ndk/27.0.12077973=. -Qunused-arguments -DOPENSSL_USE_NODELETE -DOPENSSL_PIC -DOPENSSLDIR="\"/usr/local/ssl\"" -DENGINESDIR="\"/usr/local/lib/engines-3\"" -DMODULESDIR="\"/usr/local/lib/ossl-modules\"" -DOPENSSL_BUILDING_OPENSSL -DNDEBUG -D__ANDROID_API__=24 -g -DANDROID -fdata-sections -ffunction-sections -funwind-tables -fstack-protector-strong -no-canonical-prefixes -D__BIONIC_NO_PAGE_SIZE_MACRO -D_FORTIFY_SOURCE=2 -Wformat -Werror=format-security   -ffile-prefix-map=/home/runner/work/x25-airplay-receiver/x25-airplay-receiver/app/src/main/cpp=. -ffile-prefix-map=/home/runner/work/x25-airplay-receiver/x25-airplay-receiver/app/.cxx/RelWithDebInfo/416841uv/x86_64=. -ffile-prefix-map=/usr/local/lib/android/sdk/ndk/27.0.12077973=. -Qunused-arguments -MMD -MF crypto/dh/libcrypto-shlib-dh_check.d.tmp -c -o crypto/dh/libcrypto-shlib-dh_check.o crypto/dh/dh_check.c
C/C++: In file included from /home/runner/work/x25-airplay-receiver/x25-airplay-receiver/app/.cxx/RelWithDebInfo/416841uv/x86_64/<built-in>:399:
C/C++: /home/runner/work/x25-airplay-receiver/x25-airplay-receiver/app/.cxx/RelWithDebInfo/416841uv/x86_64/<command line>:30:9: warning: '__ANDROID_API__' macro redefined [-Wmacro-redefined]
C/C++:    30 | #define __ANDROID_API__ 24
C/C++:       |         ^
C/C++: /home/runner/work/x25-airplay-receiver/x25-airplay-receiver/app/.cxx/RelWithDebInfo/416841uv/x86_64/<built-in>:391:9: note: previous definition is here
C/C++:   391 | #define __ANDROID_API__ __ANDROID_MIN_SDK_VERSION__
C/C++:       |         ^
C/C++: In file included from /home/runner/work/x25-airplay-receiver/x25-airplay-receiver/app/.cxx/RelWithDebInfo/416841uv/x86_64/<built-in>:399:
C/C++: /home/runner/work/x25-airplay-receiver/x25-airplay-receiver/app/.cxx/RelWithDebInfo/416841uv/x86_64/<command line>:30:9: warning: '__ANDROID_API__' macro redefined [-Wmacro-redefined]
C/C++:    30 | #define __ANDROID_API__ 24
C/C++:       |         ^
C/C++: /home/runner/work/x25-airplay-receiver/x25-airplay-receiver/app/.cxx/RelWithDebInfo/416841uv/x86_64/<built-in>:391:9: note: previous definition is here
C/C++:   391 | #define __ANDROID_API__ __ANDROID_MIN_SDK_VERSION__
C/C++:       |         ^
C/C++: 1 warning generated.
C/C++: In file included from /home/runner/work/x25-airplay-receiver/x25-airplay-receiver/app/.cxx/RelWithDebInfo/416841uv/x86_64/<built-in>:399:
C/C++: /home/runner/work/x25-airplay-receiver/x25-airplay-receiver/app/.cxx/RelWithDebInfo/416841uv/x86_64/<command line>:30:9: warning: '__ANDROID_API__' macro redefined [-Wmacro-redefined]
C/C++:    30 | #define __ANDROID_API__ 24
C/C++:       |         ^
C/C++: /home/runner/work/x25-airplay-receiver/x25-airplay-receiver/app/.cxx/RelWithDebInfo/416841uv/x86_64/<built-in>:391:9: note: previous definition is here
C/C++:   391 | #define __ANDROID_API__ __ANDROID_MIN_SDK_VERSION__
C/C++:       |         ^
C/C++: 1 warning generated.
C/C++: In file included from /home/runner/work/x25-airplay-receiver/x25-airplay-receiver/app/.cxx/RelWithDebInfo/416841uv/x86_64/<built-in>:399:
C/C++: /home/runner/work/x25-airplay-receiver/x25-airplay-receiver/app/.cxx/RelWithDebInfo/416841uv/x86_64/<command line>:30:9: warning: '__ANDROID_API__' macro redefined [-Wmacro-redefined]
C/C++:    30 | #define __ANDROID_API__ 24
C/C++:       |         ^
C/C++: /home/runner/work/x25-airplay-receiver/x25-airplay-receiver/app/.cxx/RelWithDebInfo/416841uv/x86_64/<built-in>:391:9: note: previous definition is here
C/C++:   391 | #define __ANDROID_API__ __ANDROID_MIN_SDK_VERSION__
C/C++:       | x86_64-linux-android24-clang  -I. -Iinclude -Iproviders/common/include -Iproviders/implementations/include  -DAES_ASM -DBSAES_ASM -DECP_NISTZ256_ASM -DGHASH_ASM -DKECCAK1600_ASM -DMD5_ASM -DOPENSSL_BN_ASM_GF2m -DOPENSSL_BN_ASM_MONT -DOPENSSL_BN_ASM_MONT5 -DOPENSSL_CPUID_OBJ -DOPENSSL_IA32_SSE2 -DPOLY1305_ASM -DSHA1_ASM -DSHA256_ASM -DSHA512_ASM -DSTATIC_LEGACY -DVPAES_ASM -DWHIRLPOOL_ASM -DX25519_ASM -fPIC -pthread -Wa,--noexecstack -Qunused-arguments -g -DANDROID -fdata-sections -ffunction-sections -funwind-tables -fstack-protector-strong -no-canonical-prefixes -D__BIONIC_NO_PAGE_SIZE_MACRO -D_FORTIFY_SOURCE=2 -Wformat -Werror=format-security  -ffile-prefix-map=/home/runner/work/x25-airplay-receiver/x25-airplay-receiver/app/src/main/cpp=. -ffile-prefix-map=/home/runner/work/x25-airplay-receiver/x25-airplay-receiver/app/.cxx/RelWithDebInfo/416841uv/x86_64=. -ffile-prefix-map=/usr/local/lib/android/sdk/ndk/27.0.12077973=. -Qunused-arguments -DOPENSSL_USE_NODELETE -DOPENSSL_PIC -DOPENSSLDIR="\"/usr/local/ssl\"" -DENGINESDIR="\"/usr/local/lib/engines-3\"" -DMODULESDIR="\"/usr/local/lib/ossl-modules\"" -DOPENSSL_BUILDING_OPENSSL -DNDEBUG -D__ANDROID_API__=24 -g -DANDROID -fdata-sections -ffunction-sections -funwind-tables -fstack-protector-strong -no-canonical-prefixes -D__BIONIC_NO_PAGE_SIZE_MACRO -D_FORTIFY_SOURCE=2 -Wformat -Werror=format-security   -ffile-prefix-map=/home/runner/work/x25-airplay-receiver/x25-airplay-receiver/app/src/main/cpp=. -ffile-prefix-map=/home/runner/work/x25-airplay-receiver/x25-airplay-receiver/app/.cxx/RelWithDebInfo/416841uv/x86_64=. -ffile-prefix-map=/usr/local/lib/android/sdk/ndk/27.0.12077973=. -Qunused-arguments -MMD -MF crypto/dh/libcrypto-shlib-dh_kdf.d.tmp -c -o crypto/dh/libcrypto-shlib-dh_kdf.o crypto/dh/dh_kdf.c
C/C++:         ^
C/C++: 1 warning generated.
C/C++: In file included from /home/runner/work/x25-airplay-receiver/x25-airplay-receiver/app/.cxx/RelWithDebInfo/416841uv/x86_64/<built-in>:399:
C/C++: /home/runner/work/x25-airplay-receiver/x25-airplay-receiver/app/.cxx/RelWithDebInfo/416841uv/x86_64/<command line>:30:9: warning: '__ANDROID_API__' macro redefined [-Wmacro-redefined]
C/C++:    30 | #define __ANDROID_API__ 24
C/C++:       |         ^
C/C++: /home/runner/work/x25-airplay-receiver/x25-airplay-receiver/app/.cxx/RelWithDebInfo/416841uv/x86_64/<built-in>:391:9: note: previous definition is here
C/C++:   391 | #define __ANDROID_API__ __ANDROID_MIN_SDK_VERSION__
C/C++:       |         ^
C/C++: In file included from /home/runner/work/x25-airplay-receiver/x25-airplay-receiver/app/.cxx/RelWithDebInfo/416841uv/x86_64/<built-in>:399:
C/C++: /home/runner/work/x25-airplay-receiver/x25-airplay-receiver/app/.cxx/RelWithDebInfo/416841uv/x86_64/<command line>:30:9: warning: '__ANDROID_API__' macro redefined [-Wmacro-redefined]
C/C++:    30 | #define __ANDROID_API__ 24
C/C++:       |         ^
C/C++: /home/runner/work/x25-airplay-receiver/x25-airplay-receiver/app/.cxx/RelWithDebInfo/416841uv/x86_64/<built-in>:391:9: note: previous definition is here
C/C++:   391 | #define __ANDROID_API__ __ANDROID_MIN_SDK_VERSION__
C/C++:       |         ^
C/C++: In file included from /home/runner/work/x25-airplay-receiver/x25-airplay-receiver/app/.cxx/RelWithDebInfo/416841uv/x86_64/<built-in>:399:
C/C++: /home/runner/work/x25-airplay-receiver/x25-airplay-receiver/app/.cxx/RelWithDebInfo/416841uv/x86_64/<command line>:30:9: warning: '__ANDROID_API__' macro redefined [-Wmacro-redefined]
C/C++:    30 | #define __ANDROID_API__ 24
C/C++:       |         ^
C/C++: /home/runner/work/x25-airplay-receiver/x25-airplay-receiver/app/.cxx/RelWithDebInfo/416841uv/x86_64/<built-in>:391:9: note: previous definition is here
C/C++:   391 | #define __ANDROID_API__ __ANDROID_MIN_SDK_VERSION__
C/C++:       |         ^
C/C++: 1 warning generated.
C/C++: In file included from /home/runner/work/x25-airplay-receiver/x25-airplay-receiver/app/.cxx/RelWithDebInfo/416841uv/x86_64/<built-in>:399:
C/C++: /home/runner/work/x25-airplay-receiver/x25-airplay-receiver/app/.cxx/RelWithDebInfo/416841uv/x86_64/<command line>:30:9: warning: '__ANDROID_API__' macro redefined [-Wmacro-redefined]
C/C++:    30 | #define __ANDROID_API__ 24
C/C++:       |         ^
C/C++: /home/runner/work/x25-airplay-receiver/x25-airplay-receiver/app/.cxx/RelWithDebInfo/416841uv/x86_64/<built-in>:391:9: note: previous definition is here
C/C++:   391 | #define __ANDROID_API__ __ANDROID_MIN_SDK_VERSION__
C/C++:       |         ^
C/C++: In file included from /home/runner/work/x25-airplay-receiver/x25-airplay-receiver/app/.cxx/RelWithDebInfo/416841uv/x86_64/<built-in>:399:
C/C++: /home/runner/work/x25-airplay-receiver/x25-airplay-receiver/app/.cxx/RelWithDebInfo/416841uv/x86_64/<command line>:30:9: warning: '__ANDROID_API__' macro redefined [-Wmacro-redefined]
C/C++:    30 | #define __ANDROID_API__ 24
C/C++:       |         ^
C/C++: /home/runner/work/x25-airplay-receiver/x25-airplay-receiver/app/.cxx/RelWithDebInfo/416841uv/x86_64/<built-in>:391:9: note: previous definition is here
C/C++:   391 | #define __ANDROID_API__ __ANDROID_MIN_SDK_VERSION__
C/C++:       |         ^
C/C++: 1 warning generated.
C/C++: In file included from /home/runner/work/x25-airplay-receiver/x25-airplay-receiver/app/.cxx/RelWithDebInfo/416841uv/x86_64/<built-in>:399:
C/C++: /home/runner/work/x25-airplay-receiver/x25-airplay-receiver/app/.cxx/RelWithDebInfo/416841uv/x86_64/<command line>:30:9: warning: '__ANDROID_API__' macro redefined [-Wmacro-redefined]
C/C++:    30 | #define __ANDROID_API__ 24
C/C++:       |         ^
C/C++: /home/runner/work/x25-airplay-receiver/x25-airplay-receiver/app/.cxx/RelWithDebInfo/416841uv/x86_64/<built-in>:391:9: note: previous definition is here
C/C++:   391 | #define __ANDROID_API__ __ANDROID_MIN_SDK_VERSION__
C/C++:       |         ^
C/C++: x86_64-linux-android24-clang  -I. -Iinclude -Iproviders/common/include -Iproviders/implementations/include  -DAES_ASM -DBSAES_ASM -DECP_NISTZ256_ASM -DGHASH_ASM -DKECCAK1600_ASM -DMD5_ASM -DOPENSSL_BN_ASM_GF2m -DOPENSSL_BN_ASM_MONT -DOPENSSL_BN_ASM_MONT5 -DOPENSSL_CPUID_OBJ -DOPENSSL_IA32_SSE2 -DPOLY1305_ASM -DSHA1_ASM -DSHA256_ASM -DSHA512_ASM -DSTATIC_LEGACY -DVPAES_ASM -DWHIRLPOOL_ASM -DX25519_ASM -fPIC -pthread -Wa,--noexecstack -Qunused-arguments -g -DANDROID -fdata-sections -ffunction-sections -funwind-tables -fstack-protector-strong -no-canonical-prefixes -D__BIONIC_NO_PAGE_SIZE_MACRO -D_FORTIFY_SOURCE=2 -Wformat -Werror=format-security  -ffile-prefix-map=/home/runner/work/x25-airplay-receiver/x25-airplay-receiver/app/src/main/cpp=. -ffile-prefix-map=/home/runner/work/x25-airplay-receiver/x25-airplay-receiver/app/.cxx/RelWithDebInfo/416841uv/x86_64=. -ffile-prefix-map=/usr/local/lib/android/sdk/ndk/27.0.12077973=. -Qunused-arguments -DOPENSSL_USE_NODELETE -DOPENSSL_PIC -DOPENSSLDIR="\"/usr/local/ssl\"" -DENGINESDIR="\"/usr/local/lib/engines-3\"" -DMODULESDIR="\"/usr/local/lib/ossl-modules\"" -DOPENSSL_BUILDING_OPENSSL -DNDEBUG -D__ANDROID_API__=24 -g -DANDROID -fdata-sections -ffunction-sections -funwind-tables -fstack-protector-strong -no-canonical-prefixes -D__BIONIC_NO_PAGE_SIZE_MACRO -D_FORTIFY_SOURCE=2 -Wformat -Werror=format-security   -ffile-prefix-map=/home/runner/work/x25-airplay-receiver/x25-airplay-receiver/app/src/main/cpp=. -ffile-prefix-map=/home/runner/work/x25-airplay-receiver/x25-airplay-receiver/app/.cxx/RelWithDebInfo/416841uv/x86_64=. -ffile-prefix-map=/usr/local/lib/android/sdk/ndk/27.0.12077973=. -Qunused-arguments -MMD -MF crypto/dh/libcrypto-shlib-dh_prn.d.tmp -c -o crypto/dh/libcrypto-shlib-dh_prn.o crypto/dh/dh_prn.c
C/C++: In file included from /home/runner/work/x25-airplay-receiver/x25-airplay-receiver/app/.cxx/RelWithDebInfo/416841uv/x86_64/<built-in>:399:
C/C++: /home/runner/work/x25-airplay-receiver/x25-airplay-receiver/app/.cxx/RelWithDebInfo/416841uv/x86_64/<command line>:30:9: warning: '__ANDROID_API__' macro redefined [-Wmacro-redefined]
C/C++:    30 | #define __ANDROID_API__ 24
C/C++:       |         ^
C/C++: /home/runner/work/x25-airplay-receiver/x25-airplay-receiver/app/.cxx/RelWithDebInfo/416841uv/x86_64/<built-in>:391:9: note: previous definition is here
C/C++:   391 | #define __ANDROID_API__ __ANDROID_MIN_SDK_VERSION__
C/C++:       |         ^
C/C++: 1 warning generated.
C/C++: In file included from /home/runner/work/x25-airplay-receiver/x25-airplay-receiver/app/.cxx/RelWithDebInfo/416841uv/x86_64/<built-in>:399:
C/C++: /home/runner/work/x25-airplay-receiver/x25-airplay-receiver/app/.cxx/RelWithDebInfo/416841uv/x86_64/<command line>:30:9: warning: '__ANDROID_API__' macro redefined [-Wmacro-redefined]
C/C++:    30 | #define __ANDROID_API__ 24
C/C++:       |         ^
C/C++: /home/runner/work/x25-airplay-receiver/x25-airplay-receiver/app/.cxx/RelWithDebInfo/416841uv/x86_64/<built-in>:391:9: note: previous definition is here
C/C++:   391 | #define __ANDROID_API__ __ANDROID_MIN_SDK_VERSION__
C/C++:       |         ^
C/C++: 1 warning generated.
C/C++: In file included from /home/runner/work/x25-airplay-receiver/x25-airplay-receiver/app/.cxx/RelWithDebInfo/416841uv/x86_64/<built-in>:399:
C/C++: /home/runner/work/x25-airplay-receiver/x25-airplay-receiver/app/.cxx/RelWithDebInfo/416841uv/x86_64/<command line>:30:9: warning: '__ANDROID_API__' macro redefined [-Wmacro-redefined]
C/C++:    30 | #define __ANDROID_API__ 24
C/C++:       |         ^
C/C++: /home/runner/work/x25-airplay-receiver/x25-airplay-receiver/app/.cxx/RelWithDebInfo/416841uv/x86_64/<built-in>:391:9: note: previous definition is here
C/C++:   391 | #define __ANDROID_API__ __ANDROID_MIN_SDK_VERSION__
C/C++:       |         ^
C/C++: 1 warning generated.
C/C++: In file included from /home/runner/work/x25-airplay-receiver/x25-airplay-receiver/app/.cxx/RelWithDebInfo/416841uv/x86_64/<built-in>:399:
C/C++: /home/runner/work/x25-airplay-receiver/x25-airplay-receiver/app/.cxx/RelWithDebInfo/416841uv/x86_64/<command line>:30:9: warning: '__ANDROID_API__' macro redefined [-Wmacro-redefined]
C/C++:    30 | #define __ANDROID_API__ 24
C/C++:       |         ^
C/C++: /home/runner/work/x25-airplay-receiver/x25-airplay-receiver/app/.cxx/RelWithDebInfo/416841uv/x86_64/<built-in>:391:9: note: previous definition is here
C/C++:   391 | #define __ANDROID_API__ __ANDROID_MIN_SDK_VERSION__
C/C++:       |         ^
C/C++: In file included from /home/runner/work/x25-airplay-receiver/x25-airplay-receiver/app/.cxx/RelWithDebInfo/416841uv/x86_64/<built-in>:399:
C/C++: /home/runner/work/x25-airplay-receiver/x25-airplay-receiver/app/.cxx/RelWithDebInfo/416841uv/x86_64/<command line>:30:9: warning: '__ANDROID_API__' macro redefined [-Wmacro-redefined]
C/C++:    30 | #define __ANDROID_API__ 24
C/C++:       |         ^
C/C++: /home/runner/work/x25-airplay-receiver/x25-airplay-receiver/app/.cxx/RelWithDebInfo/416841uv/x86_64/<built-in>:391:9: note: previous definition is here
C/C++:   391 | #define __ANDROID_API__ __ANDROID_MIN_SDK_VERSION__
C/C++:       |         ^
C/C++: 1 warning generated.
C/C++: In file included from /home/runner/work/x25-airplay-receiver/x25-airplay-receiver/app/.cxx/RelWithDebInfo/416841uv/x86_64/<built-in>:399:
C/C++: /home/runner/work/x25-airplay-receiver/x25-airplay-receiver/app/.cxx/RelWithDebInfo/416841uv/x86_64/<command line>:30:9: warning: '__ANDROID_API__' macro redefined [-Wmacro-redefined]
C/C++:    30 | #define __ANDROID_API__ 24
C/C++:       |         ^
C/C++: /home/runner/work/x25-airplay-receiver/x25-airplay-receiver/app/.cxx/RelWithDebInfo/416841uv/x86_64/<built-in>:391:9: note: previous definition is here
C/C++:   391 | #define __ANDROID_API__ __ANDROID_MIN_SDK_VERSION__
C/C++:       |         ^
C/C++: x86_64-linux-android24-clang  -I. -Iinclude -Iproviders/common/include -Iproviders/implementations/include  -DAES_ASM -DBSAES_ASM -DECP_NISTZ256_ASM -DGHASH_ASM -DKECCAK1600_ASM -DMD5_ASM -DOPENSSL_BN_ASM_GF2m -DOPENSSL_BN_ASM_MONT -DOPENSSL_BN_ASM_MONT5 -DOPENSSL_CPUID_OBJ -DOPENSSL_IA32_SSE2 -DPOLY1305_ASM -DSHA1_ASM -DSHA256_ASM -DSHA512_ASM -DSTATIC_LEGACY -DVPAES_ASM -DWHIRLPOOL_ASM -DX25519_ASM -fPIC -pthread -Wa,--noexecstack -Qunused-arguments -g -DANDROID -fdata-sections -ffunction-sections -funwind-tables -fstack-protector-strong -no-canonical-prefixes -D__BIONIC_NO_PAGE_SIZE_MACRO -D_FORTIFY_SOURCE=2 -Wformat -Werror=format-security  -ffile-prefix-map=/home/runner/work/x25-airplay-receiver/x25-airplay-receiver/app/src/main/cpp=. -ffile-prefix-map=/home/runner/work/x25-airplay-receiver/x25-airplay-receiver/app/.cxx/RelWithDebInfo/416841uv/x86_64=. -ffile-prefix-map=/usr/local/lib/android/sdk/ndk/27.0.12077973=. -Qunused-arguments -DOPENSSL_USE_NODELETE -DOPENSSL_PIC -DOPENSSLDIR="\"/usr/local/ssl\"" -DENGINESDIR="\"/usr/local/lib/engines-3\"" -DMODULESDIR="\"/usr/local/lib/ossl-modules\"" -DOPENSSL_BUILDING_OPENSSL -DNDEBUG -D__ANDROID_API__=24 -g -DANDROID -fdata-sections -ffunction-sections -funwind-tables -fstack-protector-strong -no-canonical-prefixes -D__BIONIC_NO_PAGE_SIZE_MACRO -D_FORTIFY_SOURCE=2 -Wformat -Werror=format-security   -ffile-prefix-map=/home/runner/work/x25-airplay-receiver/x25-airplay-receiver/app/src/main/cpp=. -ffile-prefix-map=/home/runner/work/x25-airplay-receiver/x25-airplay-receiver/app/.cxx/RelWithDebInfo/416841uv/x86_64=. -ffile-prefix-map=/usr/local/lib/android/sdk/ndk/27.0.12077973=. -Qunused-arguments -MMD -MF crypto/dso/libcrypto-shlib-dso_vms.d.tmp -c -o crypto/dso/libcrypto-shlib-dso_vms.o crypto/dso/dso_vms.c
C/C++: x86_64-linux-android24-clang  -I. -Iinclude -Iproviders/common/include -Iproviders/implementations/include  -DAES_ASM -DBSAES_ASM -DECP_NISTZ256_ASM -DGHASH_ASM -DKECCAK1600_ASM -DMD5_ASM -DOPENSSL_BN_ASM_GF2m -DOPENSSL_BN_ASM_MONT -DOPENSSL_BN_ASM_MONT5 -DOPENSSL_CPUID_OBJ -DOPENSSL_IA32_SSE2 -DPOLY1305_ASM -DSHA1_ASM -DSHA256_ASM -DSHA512_ASM -DSTATIC_LEGACY -DVPAES_ASM -DWHIRLPOOL_ASM -DX25519_ASM -fPIC -pthread -Wa,--noexecstack -Qunused-arguments -g -DANDROID -fdata-sections -ffunction-sections -funwind-tables -fstack-protector-strong -no-canonical-prefixes -D__BIONIC_NO_PAGE_SIZE_MACRO -D_FORTIFY_SOURCE=2 -Wformat -Werror=format-security  -ffile-prefix-map=/home/runner/work/x25-airplay-receiver/x25-airplay-receiver/app/src/main/cpp=. -ffile-prefix-map=/home/runner/work/x25-airplay-receiver/x25-airplay-receiver/app/.cxx/RelWithDebInfo/416841uv/x86_64=. -ffile-prefix-map=/usr/local/lib/android/sdk/ndk/27.0.12077973=. -Qunused-arguments -DOPENSSL_USE_NODELETE -DOPENSSL_PIC -DOPENSSLDIR="\"/usr/local/ssl\"" -DENGINESDIR="\"/usr/local/lib/engines-3\"" -DMODULESDIR="\"/usr/local/lib/ossl-modules\"" -DOPENSSL_BUILDING_OPENSSL -DNDEBUG -D__ANDROID_API__=24 -g -DANDROID -fdata-sections -ffunction-sections -funwind-tables -fstack-protector-strong -no-canonical-prefixes -D__BIONIC_NO_PAGE_SIZE_MACRO -D_FORTIFY_SOURCE=2 -Wformat -Werror=format-security   -ffile-prefix-map=/home/runner/work/x25-airplay-receiver/x25-airplay-receiver/app/src/main/cpp=. -ffile-prefix-map=/home/runner/work/x25-airplay-receiver/x25-airplay-receiver/app/.cxx/RelWithDebInfo/416841uv/x86_64=. -ffile-prefix-map=/usr/local/lib/android/sdk/ndk/27.0.12077973=. -Qunused-arguments -MMD -MF crypto/dso/libcrypto-shlib-dso_win32.d.tmp -c -o crypto/dso/libcrypto-shlib-dso_win32.o crypto/dso/dso_win32.c
C/C++: In file included from /home/runner/work/x25-airplay-receiver/x25-airplay-receiver/app/.cxx/RelWithDebInfo/416841uv/x86_64/<built-in>:399:
C/C++: /home/runner/work/x25-airplay-receiver/x25-airplay-receiver/app/.cxx/RelWithDebInfo/416841uv/x86_64/<command line>:30:9: warning: '__ANDROID_API__' macro redefined [-Wmacro-redefined]
C/C++:    30 | #define __ANDROID_API__ 24
C/C++:       |         ^
C/C++: /home/runner/work/x25-airplay-receiver/x25-airplay-receiver/app/.cxx/RelWithDebInfo/416841uv/x86_64/<built-in>:391:9: note: previous definition is here
C/C++:   391 | #define __ANDROID_API__ __ANDROID_MIN_SDK_VERSION__
C/C++:       |         ^
C/C++: In file included from /home/runner/work/x25-airplay-receiver/x25-airplay-receiver/app/.cxx/RelWithDebInfo/416841uv/x86_64/<built-in>:399:
C/C++: /home/runner/work/x25-airplay-receiver/x25-airplay-receiver/app/.cxx/RelWithDebInfo/416841uv/x86_64/<command line>:30:9: warning: '__ANDROID_API__' macro redefined [-Wmacro-redefined]
C/C++:    In file included from <built-in>:399:
C/C++: /home/runner/work/x25-airplay-receiver/x25-airplay-receiver/app/.cxx/RelWithDebInfo/416841uv/x86_64/<command line>:30:9: warning: '__ANDROID_API__' macro redefined [-Wmacro-redefined]
C/C++: 30 | #d   30 | #define __ANDROID_API__ 24
C/C++:       |         ^
C/C++: /home/runner/work/x25-airplay-receiver/x25-airplay-receiver/app/.cxx/RelWithDebInfo/416841uv/x86_64/e<built-in>:391:9: note: previous definition is here
C/C++: f  391 | #define __ANDROID_API__ __ANDROID_MIN_SDK_VERSION__
C/C++:       |         ^
C/C++: ine __ANDROID_API__ 24
C/C++:       |         ^
C/C++: /home/runner/work/x25-airplay-receiver/x25-airplay-receiver/app/.cxx/RelWithDebInfo/416841uv/x86_64/<built-in>:391:9: note: previous definition is here
C/C++:   391 | #define __ANDROID_API__ __ANDROID_MIN_SDK_VERSION__
C/C++:       |         ^
C/C++: 1 warning generated.
C/C++: In file included from /home/runner/work/x25-airplay-receiver/x25-airplay-receiver/app/.cxx/RelWithDebInfo/416841uv/x86_64/<built-in>:399:
C/C++: /home/runner/work/x25-airplay-receiver/x25-airplay-receiver/app/.cxx/RelWithDebInfo/416841uv/x86_64/<command line>:30:9: warning: '__ANDROID_API__' macro redefined [-Wmacro-redefined]
C/C++:    30 | #define __ANDROID_API__ 24
C/C++:       |         ^
C/C++: /home/runner/work/x25-airplay-receiver/x25-airplay-receiver/app/.cxx/RelWithDebInfo/416841uv/x86_64/<built-in>:391:9: note: previous definition is here
C/C++:   391 | #define __ANDROID_API__ __ANDROID_MIN_SDK_VERSION__
C/C++:       |         ^
C/C++: In file included from In file included from <built-in><built-in>::399399:
C/C++: /home/runner/work/x25-airplay-receiver/x25-airplay-receiver/app/.cxx/RelWithDebInfo/416841uv/x86_64/30<built-in>:391:9: note: previous definition is here
C/C++:  |   391 | #define __ANDROID_API__ __ANDROID_MIN_SDK_VERSION__
C/C++:       |         ^
C/C++: #define __ANDROID_API__ 24
C/C++:       |         ^
C/C++: /home/runner/work/x25-airplay-receiver/x25-airplay-receiver/app/.cxx/RelWithDebInfo/416841uv/x86_64/<built-in>:391:9: note: previous definition is here
C/C++:   391 | #define __ANDROID_API__ __ANDROID_MIN_SDK_VERSION__
C/C++:       |         ^
C/C++: In file included from /home/runner/work/x25-airplay-receiver/x25-airplay-receiver/app/.cxx/RelWithDebInfo/416841uv/x86_64/<built-in>:399:
C/C++: /home/runner/work/x25-airplay-receiver/x25-airplay-receiver/app/.cxx/RelWithDebInfo/416841uv/x86_64/<command line>:30:9: warning: '__ANDROID_API__' macro redefined [-Wmacro-redefined]
C/C++:    30 | #define __ANDROID_API__ 24
C/C++:       |         ^
C/C++: /home/runner/work/x25-airplay-receiver/x25-airplay-receiver/app/.cxx/RelWithDebInfo/416841uv/x86_64/<built-in>:391:9: note: previous definition is here
C/C++:   391 | #define __ANDROID_API__ __ANDROID_MIN_SDK_VERSION__
C/C++:       |         ^
C/C++: 1 warning generated.
C/C++: In file included from /home/runner/work/x25-airplay-receiver/x25-airplay-receiver/app/.cxx/RelWithDebInfo/416841uv/x86_64/<built-in>:399:
C/C++: /home/runner/work/x25-airplay-receiver/x25-airplay-receiver/app/.cxx/RelWithDebInfo/416841uv/x86_64/<command line>:30:9: warning: '__ANDROID_API__' macro redefined [-Wmacro-redefined]
C/C++:    30 | #define __ANDROID_API__ 24
C/C++:       |         ^
C/C++: /home/runner/work/x25-airplay-receiver/x25-airplay-receiver/app/.cxx/RelWithDebInfo/416841uv/x86_64/<built-in>:391:9: note: previous definition is here
C/C++:   391 | #define __ANDROID_API__ __ANDROID_MIN_SDK_VERSION__
C/C++:       |         ^
C/C++: In file included from /home/runner/work/x25-airplay-receiver/x25-airplay-receiver/app/.cxx/RelWithDebInfo/416841uv/x86_64/<built-in>:399:
C/C++: /home/runner/work/x25-airplay-receiver/x25-airplay-receiver/app/.cxx/RelWithDebInfo/416841uv/x86_64/<command line>:30:9: warning: '__ANDROID_API__' macro redefined [-Wmacro-redefined]
C/C++:    30 | #define __ANDROI1 warning generated.
C/C++: D_API__ 24
C/C++:       |         ^
C/C++: /home/runner/work/x25-airplay-receiver/x25-airplay-receiver/app/.cxx/RelWithDebInfo/416841uv/x86_64/<built-in>:391:9: note: previous definition is here
C/C++:   391 | #define __ANDROID_API__ __ANDROID_MIN_SDK_VERSION__
C/C++:       |         ^
C/C++: x86_64-linux-android24-clang  -I. -Iinclude -Iproviders/common/include -Iproviders/implementations/include  -DAES_ASM -DBSAES_ASM -DECP_NISTZ256_ASM -DGHASH_ASM -DKECCAK1600_ASM -DMD5_ASM -DOPENSSL_BN_ASM_GF2m -DOPENSSL_BN_ASM_MONT -DOPENSSL_BN_ASM_MONT5 -DOPENSSL_CPUID_OBJ -DOPENSSL_IA32_SSE2 -DPOLY1305_ASM -DSHA1_ASM -DSHA256_ASM -DSHA512_ASM -DSTATIC_LEGACY -DVPAES_ASM -DWHIRLPOOL_ASM -DX25519_ASM -fPIC -pthread -Wa,--noexecstack -Qunused-arguments -g -DANDROID -fdata-sections -ffunction-sections -funwind-tables -fstack-protector-strong -no-canonical-prefixes -D__BIONIC_NO_PAGE_SIZE_MACRO -D_FORTIFY_SOURCE=2 -Wformat -Werror=format-security  -ffile-prefix-map=/home/runner/work/x25-airplay-receiver/x25-airplay-receiver/app/src/main/cpp=. -ffile-prefix-map=/home/runner/work/x25-airplay-receiver/x25-airplay-receiver/app/.cxx/RelWithDebInfo/416841uv/x86_64=. -ffile-prefix-map=/usr/local/lib/android/sdk/ndk/27.0.12077973=. -Qunused-arguments -DOPENSSL_USE_NODELETE -DOPENSSL_PIC -DOPENSSLDIR="\"/usr/local/ssl\"" -DENGINESDIR="\"/usr/local/lib/engines-3\"" -DMODULESDIR="\"/usr/local/lib/ossl-modules\"" -DOPENSSL_BUILDING_OPENSSL -DNDEBUG -D__ANDROID_API__=24 -g -DANDROID -fdata-sections -ffunction-sections -funwind-tables -fstack-protector-strong -no-canonical-prefixes -D__BIONIC_NO_PAGE_SIZE_MACRO -D_FORTIFY_SOURCE=2 -Wformat -Werror=format-security   -ffile-prefix-map=/home/runner/work/x25-airplay-receiver/x25-airplay-receiver/app/src/main/cpp=. -ffile-prefix-map=/home/runner/work/x25-airplay-receiver/x25-airplay-receiver/app/.cxx/RelWithDebInfo/416841uv/x86_64=. -ffile-prefix-map=/usr/local/lib/android/sdk/ndk/27.0.12077973=. -Qunused-arguments -MMD -MF crypto/ec/curve448/libcrypto-shlib-scalar.d.tmp -c -o crypto/ec/curve448/libcrypto-shlib-scalar.o crypto/ec/curve448/scalar.c
C/C++: In file included from /home/runner/work/x25-airplay-receiver/x25-airplay-receiver/app/.cxx/RelWithDebInfo/416841uv/x86_64/<built-in>:399:
C/C++: /home/runner/work/x25-airplay-receiver/x25-airplay-receiver/app/.cxx/RelWithDebInfo/416841uv/x86_64/<command line>:30:9: warning: '__ANDROID_API__' macro redefined [-Wmacro-redefined]
C/C++:    30 | #define __ANDROID_API__ 24
C/C++:       |         ^
C/C++: /home/runner/work/x25-airplay-receiver/x25-airplay-receiver/app/.cxx/RelWithDebInfo/416841uv/x86_64/<built-in>:391:9: note: previous definition is here
C/C++:   391 | #define __ANDROID_API__ __ANDROID_MIN_SDK_VERSION__
C/C++:       |         ^
C/C++: 1 warning generated.
C/C++: In file included from /home/runner/work/x25-airplay-receiver/x25-airplay-receiver/app/.cxx/RelWithDebInfo/416841uv/x86_64/<built-in>:399:
C/C++: /home/runner/work/x25-airplay-receiver/x25-airplay-receiver/app/.cxx/RelWithDebInfo/416841uv/x86_64/<command line>:30:9: warning: '__ANDROID_API__' macro redefined [-Wmacro-redefined]
C/C++:    30 | #define __ANDROID_API__ 24
C/C++:       |         ^
C/C++: /home/runner/work/x25-airplay-receiver/x25-airplay-receiver/app/.cxx/RelWithDebInfo/416841uv/x86_64/<built-in>:391:9: note: previous definition is here
C/C++:   391 | #define __ANDROID_API__ __ANDROID_MIN_SDK_VERSION__
C/C++:       |         ^
C/C++: In file included from /home/runner/work/x25-airplay-receiver/x25-airplay-receiver/app/.cxx/RelWithDebInfo/416841uv/x86_64/<built-in>:399:
C/C++: /home/runner/work/x25-airplay-receiver/x25-airplay-receiver/app/.cxx/RelWithDebInfo/416841uv/x86_64/<command line>:30:9: warning: '__ANDROID_API__' macro redefined [-Wmacro-redefined]
C/C++:    30 | #define __ANDROID_API__ 24
C/C++:       |         ^
C/C++: /home/runner/work/x25-airplay-receiver/x25-airplay-receiver/app/.cxx/RelWithDebInfo/416841uv/x86_64/<built-in>:391:9: note: previous definition is here
C/C++:   391 | #define __ANDROID_API__ __ANDROID_MIN_SDK_VERSION__
C/C++:       |         ^
C/C++: 1 warning generated.
C/C++: In file included from /home/runner/work/x25-airplay-receiver/x25-airplay-receiver/app/.cxx/RelWithDebInfo/416841uv/x86_64/<built-in>:399:
C/C++: /home/runner/work/x25-airplay-receiver/x25-airplay-receiver/app/.cxx/RelWithDebInfo/416841uv/x86_64/<command line>:30:9: warning: '__ANDROID_API__' macro redefined [-Wmacro-redefined]
C/C++:    30 | #define __ANDROID_API__ 24
C/C++:       |         ^
C/C++: /home/runner/work/x25-airplay-receiver/x25-airplay-receiver/app/.cxx/RelWithDebInfo/416841uv/x86_64/<built-in>:391:9: note: previous definition is here
C/C++:   391 | #define __ANDROID_API__ __ANDROID_MIN_SDK_VERSION__
C/C++:       |         ^
C/C++: In file included from /home/runner/work/x25-airplay-receiver/x25-airplay-receiver/app/.cxx/RelWithDebInfo/416841uv/x86_64/<built-in>:399:
C/C++: /home/runner/work/x25-airplay-receiver/x25-airplay-receiver/app/.cxx/RelWithDebInfo/416841uv/x86_64/<command line>:30:9: warning: '__ANDROID_API__' macro redefined [-Wmacro-redefined]
C/C++:    30 | #define __ANDROID_API__ 24
C/C++:       |         ^
C/C++: /home/runner/work/x25-airplay-receiver/x25-airplay-receiver/app/.cxx/RelWithDebInfo/416841uv/x86_64/<built-in>:391:9: note: previous definition is here
C/C++:   391 | #define __ANDROID_API__ __ANDROID_MIN_SDK_VERSION__
C/C++:       |         ^
C/C++: 1 warning generated.
C/C++: In file included from /home/runner/work/x25-airplay-receiver/x25-airplay-receiver/app/.cxx/RelWithDebInfo/416841uv/x86_64/<built-in>:399:
C/C++: /home/runner/work/x25-airplay-receiver/x25-airplay-receiver/app/.cxx/RelWithDebInfo/416841uv/x86_64/<command line>:30:9: warning: '__ANDROID_API__' macro redefined [-Wmacro-redefined]
C/C++:    30 | #define __ANDROID_API__ 24
C/C++:       |         ^
C/C++: /home/runner/work/x25-airplay-receiver/x25-airplay-receiver/app/.cxx/RelWithDebInfo/416841uv/x86_64/<built-in>:391:9: note: previous definition is here
C/C++:   391 | #define __ANDROID_API__ __ANDROID_MIN_SDK_VERSION__
C/C++:       |         ^
C/C++: 1 warning generated.
C/C++: In file included from /home/runner/work/x25-airplay-receiver/x25-airplay-receiver/app/.cxx/RelWithDebInfo/416841uv/x86_64/<built-in>:399:
C/C++: /home/runner/work/x25-airplay-receiver/x25-airplay-receiver/app/.cxx/RelWithDebInfo/416841uv/x86_64/<command line>:30:9: warning: '__ANDROID_API__' macro redefined [-Wmacro-redefined]
C/C++:    30 | #define __ANDROID_API__ 24
C/C++:       |         ^
C/C++: /home/runner/work/x25-airplay-receiver/x25-airplay-receiver/app/.cxx/RelWithDebInfo/416841uv/x86_64/<built-in>:391:9: note: previous definition is here
C/C++:   391 | #define __ANDROID_API__ __ANDROID_MIN_SDK_VERSION__
C/C++:       |         ^
C/C++: 1 warning generated.
C/C++: In file included from /home/runner/work/x25-airplay-receiver/x25-airplay-receiver/app/.cxx/RelWithDebInfo/416841uv/x86_64/<built-in>:399:
C/C++: /home/runner/work/x25-airplay-receiver/x25-airplay-receiver/app/.cxx/RelWithDebInfo/416841uv/x86_64/<command line>:30:9: warning: '__ANDROID_API__' macro redefined [-Wmacro-redefined]
C/C++:    30 | #define __ANDROID_API__ 24
C/C++:       |         ^
C/C++: /home/runner/work/x25-airplay-receiver/x25-airplay-receiver/app/.cxx/RelWithDebInfo/416841uv/x86_64/<built-in>:391:9: note: previous definition is here
C/C++:   391 | #define __ANDROID_API__ __ANDROID_MIN_SDK_VERSION__
C/C++:       |         ^
C/C++: 1 warning generated.
C/C++: In file included from /home/runner/work/x25-airplay-receiver/x25-airplay-receiver/app/.cxx/RelWithDebInfo/416841uv/x86_64/<built-in>:399:
C/C++: /home/runner/work/x25-airplay-receiver/x25-airplay-receiver/app/.cxx/RelWithDebInfo/416841uv/x86_64/<command line>:30:9: warning: '__ANDROID_API__' macro redefined [-Wmacro-redefined]
C/C++:    30 | #define __ANDROID_API__ 24
C/C++:       1 warning generated.
C/C++: |         ^
C/C++: /home/runner/work/x25-airplay-receiver/x25-airplay-receiver/app/.cxx/RelWithDebInfo/416841uv/x86_64/<built-in>:391:9: note: previous definition is here
C/C++:   391 | #define __ANDROID_API__ __ANDROID_MIN_SDK_VERSION__
C/C++:       |         ^
C/C++: x86_64-linux-android24-clang  -I. -Iinclude -Iproviders/common/include -Iproviders/implementations/include  -DAES_ASM -DBSAES_ASM -DECP_NISTZ256_ASM -DGHASH_ASM -DKECCAK1600_ASM -DMD5_ASM -DOPENSSL_BN_ASM_GF2m -DOPENSSL_BN_ASM_MONT -DOPENSSL_BN_ASM_MONT5 -DOPENSSL_CPUID_OBJ -DOPENSSL_IA32_SSE2 -DPOLY1305_ASM -DSHA1_ASM -DSHA256_ASM -DSHA512_ASM -DSTATIC_LEGACY -DVPAES_ASM -DWHIRLPOOL_ASM -DX25519_ASM -fPIC -pthread -Wa,--noexecstack -Qunused-arguments -g -DANDROID -fdata-sections -ffunction-sections -funwind-tables -fstack-protector-strong -no-canonical-prefixes -D__BIONIC_NO_PAGE_SIZE_MACRO -D_FORTIFY_SOURCE=2 -Wformat -Werror=format-security  -ffile-prefix-map=/home/runner/work/x25-airplay-receiver/x25-airplay-receiver/app/src/main/cpp=. -ffile-prefix-map=/home/runner/work/x25-airplay-receiver/x25-airplay-receiver/app/.cxx/RelWithDebInfo/416841uv/x86_64=. -ffile-prefix-map=/usr/local/lib/android/sdk/ndk/27.0.12077973=. -Qunused-arguments -DOPENSSL_USE_NODELETE -DOPENSSL_PIC -DOPENSSLDIR="\"/usr/local/ssl\"" -DENGINESDIR="\"/usr/local/lib/engines-3\"" -DMODULESDIR="\"/usr/local/lib/ossl-modules\"" -DOPENSSL_BUILDING_OPENSSL -DNDEBUG -D__ANDROID_API__=24 -g -DANDROID -fdata-sections -ffunction-sections -funwind-tables -fstack-protector-strong -no-canonical-prefixes -D__BIONIC_NO_PAGE_SIZE_MACRO -D_FORTIFY_SOURCE=2 -Wformat -Werror=format-security   -ffile-prefix-map=/home/runner/work/x25-airplay-receiver/x25-airplay-receiver/app/src/main/cpp=. -ffile-prefix-map=/home/runner/work/x25-airplay-receiver/x25-airplay-receiver/app/.cxx/RelWithDebInfo/416841uv/x86_64=. -ffile-prefix-map=/usr/local/lib/android/sdk/ndk/27.0.12077973=. -Qunused-arguments -MMD -MF crypto/ec/libcrypto-shlib-ec_cvt.d.tmp -c -o crypto/ec/libcrypto-shlib-ec_cvt.o crypto/ec/ec_cvt.c
C/C++: In file included from /home/runner/work/x25-airplay-receiver/x25-airplay-receiver/app/.cxx/RelWithDebInfo/416841uv/x86_64/<built-in>:399:
C/C++: /home/runner/work/x25-airplay-receiver/x25-airplay-receiver/app/.cxx/RelWithDebInfo/416841uv/x86_64/<command line>:30:9: warning: '__ANDROID_API__' macro redefined [-Wmacro-redefined]
C/C++:    30 | #define __ANDROID_API__ 24
C/C++:       |         ^
C/C++: /home/runner/work/x25-airplay-receiver/x25-airplay-receiver/app/.cxx/RelWithDebInfo/416841uv/x86_64/<built-in>:391:9: note: previous definition is here
C/C++:   391 | #define __ANDROID_API__ __ANDROID_MIN_SDK_VERSION__
C/C++:       |         ^
C/C++: 1 warning generated.
C/C++: In file included from /home/runner/work/x25-airplay-receiver/x25-airplay-receiver/app/.cxx/RelWithDebInfo/416841uv/x86_64/<built-in>:399:
C/C++: /home/runner/work/x25-airplay-receiver/x25-airplay-receiver/app/.cxx/RelWithDebInfo/416841uv/x86_64/<command line>:30:9: warning: '__ANDROID_API__' macro redefined [-Wmacro-redefined]
C/C++:    30 | #define __ANDROID_API__ 24
C/C++:       |         ^
C/C++: /home/runner/work/x25-airplay-receiver/x25-airplay-receiver/app/.cxx/RelWithDebInfo/416841uv/x86_64/<built-in>:391:9: note: previous definition is here
C/C++:   391 | #define __ANDROID_API__ __ANDROID_MIN_SDK_VERSION__
C/C++:       |         ^
C/C++: x86_64-linux-android24-clang  -I. -Iinclude -Iproviders/common/include -Iproviders/implementations/include  -DAES_ASM -DBSAES_ASM -DECP_NISTZ256_ASM -DGHASH_ASM -DKECCAK1600_ASM -DMD5_ASM -DOPENSSL_BN_ASM_GF2m -DOPENSSL_BN_ASM_MONT -DOPENSSL_BN_ASM_MONT5 -DOPENSSL_CPUID_OBJ -DOPENSSL_IA32_SSE2 -DPOLY1305_ASM -DSHA1_ASM -DSHA256_ASM -DSHA512_ASM -DSTATIC_LEGACY -DVPAES_ASM -DWHIRLPOOL_ASM -DX25519_ASM -fPIC -pthread -Wa,--noexecstack -Qunused-arguments -g -DANDROID -fdata-sections -ffunction-sections -funwind-tables -fstack-protector-strong -no-canonical-prefixes -D__BIONIC_NO_PAGE_SIZE_MACRO -D_FORTIFY_SOURCE=2 -Wformat -Werror=format-security  -ffile-prefix-map=/home/runner/work/x25-airplay-receiver/x25-airplay-receiver/app/src/main/cpp=. -ffile-prefix-map=/home/runner/work/x25-airplay-receiver/x25-airplay-receiver/app/.cxx/RelWithDebInfo/416841uv/x86_64=. -ffile-prefix-map=/usr/local/lib/android/sdk/ndk/27.0.12077973=. -Qunused-arguments -DOPENSSL_USE_NODELETE -DOPENSSL_PIC -DOPENSSLDIR="\"/usr/local/ssl\"" -DENGINESDIR="\"/usr/local/lib/engines-3\"" -DMODULESDIR="\"/usr/local/lib/ossl-modules\"" -DOPENSSL_BUILDING_OPENSSL -DNDEBUG -D__ANDROID_API__=24 -g -DANDROID -fdata-sections -ffunction-sections -funwind-tables -fstack-protector-strong -no-canonical-prefixes -D__BIONIC_NO_PAGE_SIZE_MACRO -D_FORTIFY_SOURCE=2 -Wformat -Werror=format-security   -ffile-prefix-map=/home/runner/work/x25-airplay-receiver/x25-airplay-receiver/app/src/main/cpp=. -ffile-prefix-map=/home/runner/work/x25-airplay-receiver/x25-airplay-receiver/app/.cxx/RelWithDebInfo/416841uv/x86_64=. -ffile-prefix-map=/usr/local/lib/android/sdk/ndk/27.0.12077973=. -Qunused-arguments -MMD -MF crypto/ec/libcrypto-shlib-ec_err.d.tmp -c -o crypto/ec/libcrypto-shlib-ec_err.o crypto/ec/ec_err.c
C/C++: In file included from /home/runner/work/x25-airplay-receiver/x25-airplay-receiver/app/.cxx/RelWithDebInfo/416841uv/x86_64/<built-in>:399:
C/C++: /home/runner/work/x25-airplay-receiver/x25-airplay-receiver/app/.cxx/RelWithDebInfo/416841uv/x86_64/<command line>:30:9: warning: '__ANDROID_API__' macro redefined [-Wmacro-redefined]
C/C++:    30 | #define __ANDROID_API__ 24
C/C++:       |         ^
C/C++: /home/runner/work/x25-airplay-receiver/x25-airplay-receiver/app/.cxx/RelWithDebInfo/416841uv/x86_64/<built-in>:391:9: note: previous definition is here
C/C++:   391 | #define __ANDROID_API__ __ANDROID_MIN_SDK_VERSION__
C/C++:       |         ^
C/C++: 1 warning generated.
C/C++: In file included from /home/runner/work/x25-airplay-receiver/x25-airplay-receiver/app/.cxx/RelWithDebInfo/416841uv/x86_64/<built-in>:399:
C/C++: /home/runner/work/x25-airplay-receiver/x25-airplay-receiver/app/.cxx/RelWithDebInfo/416841uv/x86_64/<command line>:30:9: warning: '__ANDROID_API__' macro redefined [-Wmacro-redefined]
C/C++:    30 | #define __ANDROID_API__ 24
C/C++:       |         ^
C/C++: /home/runner/work/x25-airplay-receiver/x25-airplay-receiver/app/.cxx/RelWithDebInfo/416841uv/x86_64/<built-in>:391:9: note: previous definition is here
C/C++:   391 | #define __ANDROID_API__ __ANDROID_MIN_SDK_VERSION__
C/C++:       |         ^
C/C++: 1 warning generated.
C/C++: In file included from /home/runner/work/x25-airplay-receiver/x25-airplay-receiver/app/.cxx/RelWithDebInfo/416841uv/x86_64/<built-in>:399:
C/C++: /home/runner/work/x25-airplay-receiver/x25-airplay-receiver/app/.cxx/RelWithDebInfo/416841uv/x86_64/<command line>:30:9: warning: '__ANDROID_API__' macro redefined [-Wmacro-redefined]
C/C++:    30 | #define __ANDROID_API__ 24
C/C++:       |         ^
C/C++: /home/runner/work/x25-airplay-receiver/x25-airplay-receiver/app/.cxx/RelWithDebInfo/416841uv/x86_64/<built-in>:391:9: note: previous definition is here
C/C++:   391 | #define __ANDROID_API__ __ANDROID_MIN_SDK_VERSION__
C/C++:       |         ^
C/C++: x86_64-linux-android24-clang  -I. -Iinclude -Iproviders/common/include -Iproviders/implementations/include  -DAES_ASM -DBSAES_ASM -DECP_NISTZ256_ASM -DGHASH_ASM -DKECCAK1600_ASM -DMD5_ASM -DOPENSSL_BN_ASM_GF2m -DOPENSSL_BN_ASM_MONT -DOPENSSL_BN_ASM_MONT5 -DOPENSSL_CPUID_OBJ -DOPENSSL_IA32_SSE2 -DPOLY1305_ASM -DSHA1_ASM -DSHA256_ASM -DSHA512_ASM -DSTATIC_LEGACY -DVPAES_ASM -DWHIRLPOOL_ASM -DX25519_ASM -fPIC -pthread -Wa,--noexecstack -Qunused-arguments -g -DANDROID -fdata-sections -ffunction-sections -funwind-tables -fstack-protector-strong -no-canonical-prefixes -D__BIONIC_NO_PAGE_SIZE_MACRO -D_FORTIFY_SOURCE=2 -Wformat -Werror=format-security  -ffile-prefix-map=/home/runner/work/x25-airplay-receiver/x25-airplay-receiver/app/src/main/cpp=. -ffile-prefix-map=/home/runner/work/x25-airplay-receiver/x25-airplay-receiver/app/.cxx/RelWithDebInfo/416841uv/x86_64=. -ffile-prefix-map=/usr/local/lib/android/sdk/ndk/27.0.12077973=. -Qunused-arguments -DOPENSSL_USE_NODELETE -DOPENSSL_PIC -DOPENSSLDIR="\"/usr/local/ssl\"" -DENGINESDIR="\"/usr/local/lib/engines-3\"" -DMODULESDIR="\"/usr/local/lib/ossl-modules\"" -DOPENSSL_BUILDING_OPENSSL -DNDEBUG -D__ANDROID_API__=24 -g -DANDROID -fdata-sections -ffunction-sections -funwind-tables -fstack-protector-strong -no-canonical-prefixes -D__BIONIC_NO_PAGE_SIZE_MACRO -D_FORTIFY_SOURCE=2 -Wformat -Werror=format-security   -ffile-prefix-map=/home/runner/work/x25-airplay-receiver/x25-airplay-receiver/app/src/main/cpp=. -ffile-prefix-map=/home/runner/work/x25-airplay-receiver/x25-airplay-receiver/app/.cxx/RelWithDebInfo/416841uv/x86_64=. -ffile-prefix-map=/usr/local/lib/android/sdk/ndk/27.0.12077973=. -Qunused-arguments -MMD -MF crypto/ec/libcrypto-shlib-ec_mult.d.tmp -c -o crypto/ec/libcrypto-shlib-ec_mult.o crypto/ec/ec_mult.c
C/C++: In file included from /home/runner/work/x25-airplay-receiver/x25-airplay-receiver/app/.cxx/RelWithDebInfo/416841uv/x86_64/<built-in>:399:
C/C++: /home/runner/work/x25-airplay-receiver/x25-airplay-receiver/app/.cxx/RelWithDebInfo/416841uv/x86_64/<command line>:30:9: warning: '__ANDROID_API__' macro redefined [-Wmacro-redefined]
C/C++:    30 | #define __ANDROID_API__ 24
C/C++:       |         ^
C/C++: /home/runner/work/x25-airplay-receiver/x25-airplay-receiver/app/.cxx/RelWithDebInfo/416841uv/x86_64/<built-in>:391:9: note: previous definition is here
C/C++:   391 | #define __ANDROID_API__ __ANDROID_MIN_SDK_VERSION__
C/C++:       |         ^
C/C++: In file included from /home/runner/work/x25-airplay-receiver/x25-airplay-receiver/app/.cxx/RelWithDebInfo/416841uv/x86_64/<built-in>:399:
C/C++: /home/runner/work/x25-airplay-receiver/x25-airplay-receiver/app/.cxx/RelWithDebInfo/416841uv/x86_64/<command line>:30:9: warning: '__ANDROID_API__' macro redefined [-Wmacro-redefined]
C/C++:    30 | #define __ANDROID_API__ 24
C/C++:       |         ^
C/C++: /home/runner/work/x25-airplay-receiver/x25-airplay-receiver/app/.cxx/RelWithDebInfo/416841uv/x86_64/<built-in>:391:9: note: previous definition is here
C/C++:   391 | #define __ANDROID_API__ __ANDROID_MIN_SDK_VERSION__
C/C++:       |         ^
C/C++: 1 warning generated.
C/C++: In file included from /home/runner/work/x25-airplay-receiver/x25-airplay-receiver/app/.cxx/RelWithDebInfo/416841uv/x86_64/<built-in>:399:
C/C++: /home/runner/work/x25-airplay-receiver/x25-airplay-receiver/app/.cxx/RelWithDebInfo/416841uv/x86_64/<command line>:30:9: warning: '__ANDROID_API__' macro redefined [-Wmacro-redefined]
C/C++:    30 | #define __ANDROID_API__ 24
C/C++:       |         ^
C/C++: /home/runner/work/x25-airplay-receiver/x25-airplay-receiver/app/.cxx/RelWithDebInfo/416841uv/x86_64/<built-in>:391:9: note: previous definition is here
C/C++:   391 | #define __ANDROID_API__ __ANDROID_MIN_SDK_VERSION__
C/C++:       |         ^
C/C++: 1 warning generated.
C/C++: In file included from /home/runner/work/x25-airplay-receiver/x25-airplay-receiver/app/.cxx/RelWithDebInfo/416841uv/x86_64/<built-in>:399:
C/C++: /home/runner/work/x25-airplay-receiver/x25-airplay-receiver/app/.cxx/RelWithDebInfo/416841uv/x86_64/<command line>:30:9: warning: '__ANDROID_API__' macro redefined [-Wmacro-redefined]
C/C++:    30 | #define __ANDROID_API__ 24
C/C++:       |         ^
C/C++: /home/runner/work/x25-airplay-receiver/x25-airplay-receiver/app/.cxx/RelWithDebInfo/416841uv/x86_64/<built-in>:391:9: note: previous definition is here
C/C++:   391 | #define __ANDROID_API__ __ANDROID_MIN_SDK_VERSION__
C/C++:       |         ^
C/C++: 1 warning generated.
C/C++: In file included from /home/runner/work/x25-airplay-receiver/x25-airplay-receiver/app/.cxx/RelWithDebInfo/416841uv/x86_64/<built-in>:399:
C/C++: 30:9: warning: '__ANDROID_API__' macro redefined [-Wmacro-redefined]
C/C++:    30 | #define __ANDROID_API__ 24
C/C++:       |         ^
C/C++: /home/runner/work/x25-airplay-receiver/x25-airplay-receiver/app/.cxx/RelWithDebInfo/416841uv/x86_64/<built-in>:391:9: note: previous definition is here
C/C++:   391 | #define __ANDROID_API__ __ANDROID_MIN_SDK_VERSION__
C/C++:       |         ^
C/C++: In file included from /home/runner/work/x25-airplay-receiver/x25-airplay-receiver/app/.cxx/RelWithDebInfo/416841uv/x86_64/<built-in>:399:
C/C++: /home/runner/work/x25-airplay-receiver/x25-airplay-receiver/app/.cxx/RelWithDebInfo/416841uv/x86_64/<command line>:30:9: warning: '__ANDROID_API__' macro redefined [-Wmacro-redefined]
C/C++:    30 | #define __ANDROID_API__ 24
C/C++:       |         ^
C/C++: /home/runner/work/x25-airplay-receiver/x25-airplay-receiver/app/.cxx/RelWithDebInfo/416841uv/x86_64/<built-in>:391:9: note: previous definition is here
C/C++:   391 | #define __ANDROID_API__ __ANDROID_MIN_SDK_VERSION__
C/C++:       |         ^
C/C++: 1 warning generated.
C/C++: In file included from /home/runner/work/x25-airplay-receiver/x25-airplay-receiver/app/.cxx/RelWithDebInfo/416841uv/x86_64/<built-in>:399:
C/C++: /home/runner/work/x25-airplay-receiver/x25-airplay-receiver/app/.cxx/RelWithDebInfo/416841uv/x86_64/<command line>:30:9: warning: '__ANDROID_API__' macro redefined [-Wmacro-redefined]
C/C++:    30 | #define __ANDROID_API__ 24
C/C++:       |         ^
C/C++: /home/runner/work/x25-airplay-receiver/x25-airplay-receiver/app/.cxx/RelWithDebInfo/416841uv/x86_64/<built-in>:391:9: note: previous definition is here
C/C++:   391 | #define __ANDROID_API__ __ANDROID_MIN_SDK_VERSION__
C/C++:       |         ^
C/C++: 1 warning generated.
C/C++: In file included from /home/runner/work/x25-airplay-receiver/x25-airplay-receiver/app/.cxx/RelWithDebInfo/416841uv/x86_64/<built-in>:399:
C/C++: /home/runner/work/x25-airplay-receiver/x25-airplay-receiver/app/.cxx/RelWithDebInfo/416841uv/x86_64/<command line>:30:9: warning: '__ANDROID_API__' macro redefined [-Wmacro-redefined]
C/C++:    30 | #define __ANDROID_API__ 24
C/C++:       |         ^
C/C++: /home/runner/work/x25-airplay-receiver/x25-airplay-receiver/app/.cxx/RelWithDebInfo/416841uv/x86_64/<built-in>:391:9: note: previous definition is here
C/C++:   391 | #define __ANDROID_API__ __ANDROID_MIN_SDK_VERSION__
C/C++:       |         ^
C/C++: In file included from /home/runner/work/x25-airplay-receiver/x25-airplay-receiver/app/.cxx/RelWithDebInfo/416841uv/x86_64/<built-in>:399:
C/C++: /home/runner/work/x25-airplay-receiver/x25-airplay-receiver/app/.cxx/RelWithDebInfo/416841uv/x86_64/<command line>:30:9: warning: '__ANDROID_API__' macro redefined [-Wmacro-redefined]
C/C++:    30 | #define __ANDROID_API__ 24
C/C++:       |         ^
C/C++: /home/runner/work/x25-airplay-receiver/x25-airplay-receiver/app/.cxx/RelWithDebInfo/416841uv/x86_64/<built-in>:391:9: note: previous definition is here
C/C++:   391 | #define __ANDROID_API__ __ANDROID_MIN_SDK_VERSION__
C/C++:       |         ^
C/C++: 1 warning generated.
C/C++: In file included from /home/runner/work/x25-airplay-receiver/x25-airplay-receiver/app/.cxx/RelWithDebInfo/416841uv/x86_64/<built-in>:399:
C/C++: /home/runner/work/x25-airplay-receiver/x25-airplay-receiver/app/.cxx/RelWithDebInfo/416841uv/x86_64/<command line>:30:9: warning: '__ANDROID_API__' macro redefined [-Wmacro-redefined]
C/C++:    30 | #define __ANDROID1 warning generated.
C/C++: _API__ 24
C/C++:       |         ^
C/C++: /home/runner/work/x25-airplay-receiver/x25-airplay-receiver/app/.cxx/RelWithDebInfo/416841uv/x86_64/<built-in>:391:9: note: previous definition is here
C/C++:   391 | #define __ANDROID_API__ __ANDROID_MIN_SDK_VERSION__
C/C++:       |         ^
C/C++: x86_64-linux-android24-clang  -I. -Iinclude -Iproviders/common/include -Iproviders/implementations/include  -DAES_ASM -DBSAES_ASM -DECP_NISTZ256_ASM -DGHASH_ASM -DKECCAK1600_ASM -DMD5_ASM -DOPENSSL_BN_ASM_GF2m -DOPENSSL_BN_ASM_MONT -DOPENSSL_BN_ASM_MONT5 -DOPENSSL_CPUID_OBJ -DOPENSSL_IA32_SSE2 -DPOLY1305_ASM -DSHA1_ASM -DSHA256_ASM -DSHA512_ASM -DSTATIC_LEGACY -DVPAES_ASM -DWHIRLPOOL_ASM -DX25519_ASM -fPIC -pthread -Wa,--noexecstack -Qunused-arguments -g -DANDROID -fdata-sections -ffunction-sections -funwind-tables -fstack-protector-strong -no-canonical-prefixes -D__BIONIC_NO_PAGE_SIZE_MACRO -D_FORTIFY_SOURCE=2 -Wformat -Werror=format-security  -ffile-prefix-map=/home/runner/work/x25-airplay-receiver/x25-airplay-receiver/app/src/main/cpp=. -ffile-prefix-map=/home/runner/work/x25-airplay-receiver/x25-airplay-receiver/app/.cxx/RelWithDebInfo/416841uv/x86_64=. -ffile-prefix-map=/usr/local/lib/android/sdk/ndk/27.0.12077973=. -Qunused-arguments -DOPENSSL_USE_NODELETE -DOPENSSL_PIC -DOPENSSLDIR="\"/usr/local/ssl\"" -DENGINESDIR="\"/usr/local/lib/engines-3\"" -DMODULESDIR="\"/usr/local/lib/ossl-modules\"" -DOPENSSL_BUILDING_OPENSSL -DNDEBUG -D__ANDROID_API__=24 -g -DANDROID -fdata-sections -ffunction-sections -funwind-tables -fstack-protector-strong -no-canonical-prefixes -D__BIONIC_NO_PAGE_SIZE_MACRO -D_FORTIFY_SOURCE=2 -Wformat -Werror=format-security   -ffile-prefix-map=/home/runner/work/x25-airplay-receiver/x25-airplay-receiver/app/src/main/cpp=. -ffile-prefix-map=/home/runner/work/x25-airplay-receiver/x25-airplay-receiver/app/.cxx/RelWithDebInfo/416841uv/x86_64=. -ffile-prefix-map=/usr/local/lib/android/sdk/ndk/27.0.12077973=. -Qunused-arguments -MMD -MF crypto/ec/libcrypto-shlib-eck_prn.d.tmp -c -o crypto/ec/libcrypto-shlib-eck_prn.o crypto/ec/eck_prn.c
C/C++: In file included from /home/runner/work/x25-airplay-receiver/x25-airplay-receiver/app/.cxx/RelWithDebInfo/416841uv/x86_64/<built-in>:399:
C/C++: /home/runner/work/x25-airplay-receiver/x25-airplay-receiver/app/.cxx/RelWithDebInfo/416841uv/x86_64/<command line>:30:9: warning: '__ANDROID_API__' macro redefined [-Wmacro-redefined]
C/C++:    30 | #define __ANDROID_API__ 24
C/C++:       |         ^
C/C++: /home/runner/work/x25-airplay-receiver/x25-airplay-receiver/app/.cxx/RelWithDebInfo/416841uv/x86_64/<built-in>:391:9: note: previous definition is here
C/C++:   391 | #define __ANDROID_API__ __ANDROID_MIN_SDK_VERSION__
C/C++:       |         ^
C/C++: 1 warning generated.
C/C++: In file included from /home/runner/work/x25-airplay-receiver/x25-airplay-receiver/app/.cxx/RelWithDebInfo/416841uv/x86_64/<built-in>:399:
C/C++: /home/runner/work/x25-airplay-receiver/x25-airplay-receiver/app/.cxx/RelWithDebInfo/416841uv/x86_64/<command line>:30:9: warning: '__ANDROID_API__' macro redefined [-Wmacro-redefined]
C/C++:    30 | #define __ANDROID_API__ 24
C/C++:       |         ^
C/C++: /home/runner/work/x25-airplay-receiver/x25-airplay-receiver/app/.cxx/RelWithDebInfo/416841uv/x86_64/<built-in>:391:9: note: previous definition is here
C/C++:   391 | #define __ANDROID_API__ __ANDROID_MIN_SDK_VERSION__
C/C++:       |         ^
C/C++: 1 warning generated.
C/C++: In file included from /home/runner/work/x25-airplay-receiver/x25-airplay-receiver/app/.cxx/RelWithDebInfo/416841uv/x86_64/<built-in>:399:
C/C++: /home/runner/work/x25-airplay-receiver/x25-airplay-receiver/app/.cxx/RelWithDebInfo/416841uv/x86_64/<command line>:30:9: warning: '__ANDROID_API__' macro redefined [-Wmacro-redefined]
C/C++:    30 | #define __ANDROID_API__ 24
C/C++:       |         ^
C/C++: /home/runner/work/x25-airplay-receiver/x25-airplay-receiver/app/.cxx/RelWithDebInfo/416841uv/x86_64/<built-in>:391:9: note: previous definition is here
C/C++:   391 | #define __ANDROID_API__ __ANDROID_MIN_SDK_VERSION__
C/C++:       |         ^
C/C++: x86_64-linux-android24-clang -fPIC -pthread -Wa,--noexecstack -Qunused-arguments -g -DANDROID -fdata-sections -ffunction-sections -funwind-tables -fstack-protector-strong -no-canonical-prefixes -D__BIONIC_NO_PAGE_SIZE_MACRO -D_FORTIFY_SOURCE=2 -Wformat -Werror=format-security  -ffile-prefix-map=/home/runner/work/x25-airplay-receiver/x25-airplay-receiver/app/src/main/cpp=. -ffile-prefix-map=/home/runner/work/x25-airplay-receiver/x25-airplay-receiver/app/.cxx/RelWithDebInfo/416841uv/x86_64=. -ffile-prefix-map=/usr/local/lib/android/sdk/ndk/27.0.12077973=. -Qunused-arguments -DOPENSSL_USE_NODELETE -DOPENSSL_PIC -DOPENSSLDIR="\"/usr/local/ssl\"" -DENGINESDIR="\"/usr/local/lib/engines-3\"" -DMODULESDIR="\"/usr/local/lib/ossl-modules\"" -DOPENSSL_BUILDING_OPENSSL -DNDEBUG -D__ANDROID_API__=24 -g -DANDROID -fdata-sections -ffunction-sections -funwind-tables -fstack-protector-strong -no-canonical-prefixes -D__BIONIC_NO_PAGE_SIZE_MACRO -D_FORTIFY_SOURCE=2 -Wformat -Werror=format-security   -ffile-prefix-map=/home/runner/work/x25-airplay-receiver/x25-airplay-receiver/app/src/main/cpp=. -ffile-prefix-map=/home/runner/work/x25-airplay-receiver/x25-airplay-receiver/app/.cxx/RelWithDebInfo/416841uv/x86_64=. -ffile-prefix-map=/usr/local/lib/android/sdk/ndk/27.0.12077973=. -Qunused-arguments -c -o crypto/ec/libcrypto-shlib-ecp_nistz256-x86_64.o crypto/ec/ecp_nistz256-x86_64.s
C/C++: 1 warning generated.
C/C++: In file included from /home/runner/work/x25-airplay-receiver/x25-airplay-receiver/app/.cxx/RelWithDebInfo/416841uv/x86_64/<built-in>:399:
C/C++: /home/runner/work/x25-airplay-receiver/x25-airplay-receiver/app/.cxx/RelWithDebInfo/416841uv/x86_64/<command line>:30:9: warning: '__ANDROID_API__' macro redefined [-Wmacro-redefined]
C/C++:    30 | #define __ANDROID_API__ 24
C/C++:       |         ^
C/C++: /home/runner/work/x25-airplay-receiver/x25-airplay-receiver/app/.cxx/RelWithDebInfo/416841uv/x86_64/<built-in>:391:9: note: previous definition is here
C/C++:   391 | #define __ANDROID_API__ __ANDROID_MIN_SDK_VERSION__
C/C++:       |         ^
C/C++: x86_64-linux-android24-clang  -I. -Iinclude -Iproviders/common/include -Iproviders/implementations/include  -DAES_ASM -DBSAES_ASM -DECP_NISTZ256_ASM -DGHASH_ASM -DKECCAK1600_ASM -DMD5_ASM -DOPENSSL_BN_ASM_GF2m -DOPENSSL_BN_ASM_MONT -DOPENSSL_BN_ASM_MONT5 -DOPENSSL_CPUID_OBJ -DOPENSSL_IA32_SSE2 -DPOLY1305_ASM -DSHA1_ASM -DSHA256_ASM -DSHA512_ASM -DSTATIC_LEGACY -DVPAES_ASM -DWHIRLPOOL_ASM -DX25519_ASM -fPIC -pthread -Wa,--noexecstack -Qunused-arguments -g -DANDROID -fdata-sections -ffunction-sections -funwind-tables -fstack-protector-strong -no-canonical-prefixes -D__BIONIC_NO_PAGE_SIZE_MACRO -D_FORTIFY_SOURCE=2 -Wformat -Werror=format-security  -ffile-prefix-map=/home/runner/work/x25-airplay-receiver/x25-airplay-receiver/app/src/main/cpp=. -ffile-prefix-map=/home/runner/work/x25-airplay-receiver/x25-airplay-receiver/app/.cxx/RelWithDebInfo/416841uv/x86_64=. -ffile-prefix-map=/usr/local/lib/android/sdk/ndk/27.0.12077973=. -Qunused-arguments -DOPENSSL_USE_NODELETE -DOPENSSL_PIC -DOPENSSLDIR="\"/usr/local/ssl\"" -DENGINESDIR="\"/usr/local/lib/engines-3\"" -DMODULESDIR="\"/usr/local/lib/ossl-modules\"" -DOPENSSL_BUILDING_OPENSSL -DNDEBUG -D__ANDROID_API__=24 -g -DANDROID -fdata-sections -ffunction-sections -funwind-tables -fstack-protector-strong -no-canonical-prefixes -D__BIONIC_NO_PAGE_SIZE_MACRO -D_FORTIFY_SOURCE=2 -Wformat -Werror=format-security   -ffile-prefix-map=/home/runner/work/x25-airplay-receiver/x25-airplay-receiver/app/src/main/cpp=. -ffile-prefix-map=/home/runner/work/x25-airplay-receiver/x25-airplay-receiver/app/.cxx/RelWithDebInfo/416841uv/x86_64=. -ffile-prefix-map=/usr/local/lib/android/sdk/ndk/27.0.12077973=. -Qunused-arguments -MMD -MF crypto/ec/libcrypto-shlib-ecp_oct.d.tmp -c -o crypto/ec/libcrypto-shlib-ecp_oct.o crypto/ec/ecp_oct.c
C/C++: 1 warning generated.
C/C++: In file included from /home/runner/work/x25-airplay-receiver/x25-airplay-receiver/app/.cxx/RelWithDebInfo/416841uv/x86_64/<built-in>:399:
C/C++: /home/runner/work/x25-airplay-receiver/x25-airplay-receiver/app/.cxx/RelWithDebInfo/416841uv/x86_64/<command line>:30:9: warning: '__ANDROID_API__' macro redefined [-Wmacro-redefined]
C/C++:    30 | #define __ANDROID_API__ 24
C/C++:       |         ^
C/C++: /home/runner/work/x25-airplay-receiver/x25-airplay-receiver/app/.cxx/RelWithDebInfo/416841uv/x86_64/<built-in>:391:9: note: previous definition is here
C/C++:   391 | #define __ANDROID_API__ __ANDROID_MIN_SDK_VERSION__
C/C++:       |         ^
C/C++: 1 warning generated.
C/C++: In file included from /home/runner/work/x25-airplay-receiver/x25-airplay-receiver/app/.cxx/RelWithDebInfo/416841uv/x86_64/<built-in>:399:
C/C++: /home/runner/work/x25-airplay-receiver/x25-airplay-receiver/app/.cxx/RelWithDebInfo/416841uv/x86_64/<command line>:30:9: warning: '__ANDROID_API__' macro redefined [-Wmacro-redefined]
C/C++:    30 | #define __ANDROID_API__ 24
C/C++:       |         ^
C/C++: /home/runner/work/x25-airplay-receiver/x25-airplay-receiver/app/.cxx/RelWithDebInfo/416841uv/x86_64/<built-in>:391:9: note: previous definition is here
C/C++:   391 | #define __ANDROID_API__ __ANDROID_MIN_SDK_VERSION__
C/C++:       |         ^
C/C++: In file included from /home/runner/work/x25-airplay-receiver/x25-airplay-receiver/app/.cxx/RelWithDebInfo/416841uv/x86_64/<built-in>:399:
C/C++: /home/runner/work/x25-airplay-receiver/x25-airplay-receiver/app/.cxx/RelWithDebInfo/416841uv/x86_64/<command line>:30:9: warning: '__ANDROID_API__' macro redefined [-Wmacro-redefined]
C/C++:    30 | #define __ANDROID_API__ 24
C/C++:       |         ^
C/C++: /home/runner/work/x25-airplay-receiver/x25-airplay-receiver/app/.cxx/RelWithDebInfo/416841uv/x86_64/<built-in>:391:9: note: previous definition is here
C/C++:   391 | #define __ANDROID_API__ __ANDROID_MIN_SDK_VERSION__
C/C++:       |         ^
C/C++: 1 warning generated.
C/C++: In file included from /home/runner/work/x25-airplay-receiver/x25-airplay-receiver/app/.cxx/RelWithDebInfo/416841uv/x86_64/<built-in>:399:
C/C++: /home/runner/work/x25-airplay-receiver/x25-airplay-receiver/app/.cxx/RelWithDebInfo/416841uv/x86_64/<command line>:30:9: warning: '__ANDROID_API__' macro redefined [-Wmacro-redefined]
C/C++:    30 | #define __ANDROID_API__ 24
C/C++:       |         ^
C/C++: /home/runner/work/x25-airplay-receiver/x25-airplay-receiver/app/.cxx/RelWithDebInfo/416841uv/x86_64/<built-in>:391:9: note: previous definition is here
C/C++:   391 | #define __ANDROID_API__ __ANDROID_MIN_SDK_VERSION__
C/C++:       |         ^
C/C++: 1 warning generated.
C/C++: In file included from /home/runner/work/x25-airplay-receiver/x25-airplay-receiver/app/.cxx/RelWithDebInfo/416841uv/x86_64/<built-in>:399:
C/C++: /home/runner/work/x25-airplay-receiver/x25-airplay-receiver/app/.cxx/RelWithDebInfo/416841uv/x86_64/<command line>:30:9: warning: '__ANDROID_API__' macro redefined [-Wmacro-redefined]
C/C++:    30 | #define __ANDROID_API__ 24
C/C++:       |         ^
C/C++: /home/runner/work/x25-airplay-receiver/x25-airplay-receiver/app/.cxx/RelWithDebInfo/416841uv/x86_64/<built-in>:391:9: note: previous definition is here
C/C++:   391 | #define __ANDROID_API__ __ANDROID_MIN_SDK_VERSION__
C/C++:       |         ^
C/C++: x86_64-linux-android24-clang  -I. -Iinclude -Iproviders/common/include -Iproviders/implementations/include  -DAES_ASM -DBSAES_ASM -DECP_NISTZ256_ASM -DGHASH_ASM -DKECCAK1600_ASM -DMD5_ASM -DOPENSSL_BN_ASM_GF2m -DOPENSSL_BN_ASM_MONT -DOPENSSL_BN_ASM_MONT5 -DOPENSSL_CPUID_OBJ -DOPENSSL_IA32_SSE2 -DPOLY1305_ASM -DSHA1_ASM -DSHA256_ASM -DSHA512_ASM -DSTATIC_LEGACY -DVPAES_ASM -DWHIRLPOOL_ASM -DX25519_ASM -fPIC -pthread -Wa,--noexecstack -Qunused-arguments -g -DANDROID -fdata-sections -ffunction-sections -funwind-tables -fstack-protector-strong -no-canonical-prefixes -D__BIONIC_NO_PAGE_SIZE_MACRO -D_FORTIFY_SOURCE=2 -Wformat -Werror=format-security  -ffile-prefix-map=/home/runner/work/x25-airplay-receiver/x25-airplay-receiver/app/src/main/cpp=. -ffile-prefix-map=/home/runner/work/x25-airplay-receiver/x25-airplay-receiver/app/.cxx/RelWithDebInfo/416841uv/x86_64=. -ffile-prefix-map=/usr/local/lib/android/sdk/ndk/27.0.12077973=. -Qunused-arguments -DOPENSSL_USE_NODELETE -DOPENSSL_PIC -DOPENSSLDIR="\"/usr/local/ssl\"" -DENGINESDIR="\"/usr/local/lib/engines-3\"" -DMODULESDIR="\"/usr/local/lib/ossl-modules\"" -DOPENSSL_BUILDING_OPENSSL -DNDEBUG -D__ANDROID_API__=24 -g -DANDROID -fdata-sections -ffunction-sections -funwind-tables -fstack-protector-strong -no-canonical-prefixes -D__BIONIC_NO_PAGE_SIZE_MACRO -D_FORTIFY_SOURCE=2 -Wformat -Werror=format-security   -ffile-prefix-map=/home/runner/work/x25-airplay-receiver/x25-airplay-receiver/app/src/main/cpp=. -ffile-prefix-map=/home/runner/work/x25-airplay-receiver/x25-airplay-receiver/app/.cxx/RelWithDebInfo/416841uv/x86_64=. -ffile-prefix-map=/usr/local/lib/android/sdk/ndk/27.0.12077973=. -Qunused-arguments -MMD -MF crypto/encode_decode/libcrypto-shlib-decoder_err.d.tmp -c -o crypto/encode_decode/libcrypto-shlib-decoder_err.o crypto/encode_decode/decoder_err.c
C/C++: 1 warning generated.
C/C++: In file included from /home/runner/work/x25-airplay-receiver/x25-airplay-receiver/app/.cxx/RelWithDebInfo/416841uv/x86_64/<built-in>:399:
C/C++: /home/runner/work/x25-airplay-receiver/x25-airplay-receiver/app/.cxx/RelWithDebInfo/416841uv/x86_64/<command line>:30:9: warning: '__ANDROID_API__' macro redefined [-Wmacro-redefined]
C/C++:    30 | #define __ANDROID_API__ 24
C/C++:       |         ^
C/C++: /home/runner/work/x25-airplay-receiver/x25-airplay-receiver/app/.cxx/RelWithDebInfo/416841uv/x86_64/<built-in>:391:9: note: previous definition is here
C/C++:   391 | #define __ANDROID_API__ __ANDROID_MIN_SDK_VERSION__
C/C++:       |         ^
C/C++: x86_64-linux-android24-clang  -I. -Iinclude -Iproviders/common/include -Iproviders/implementations/include  -DAES_ASM -DBSAES_ASM -DECP_NISTZ256_ASM -DGHASH_ASM -DKECCAK1600_ASM -DMD5_ASM -DOPENSSL_BN_ASM_GF2m -DOPENSSL_BN_ASM_MONT -DOPENSSL_BN_ASM_MONT5 -DOPENSSL_CPUID_OBJ -DOPENSSL_IA32_SSE2 -DPOLY1305_ASM -DSHA1_ASM -DSHA256_ASM -DSHA512_ASM -DSTATIC_LEGACY -DVPAES_ASM -DWHIRLPOOL_ASM -DX25519_ASM -fPIC -pthread -Wa,--noexecstack -Qunused-arguments -g -DANDROID -fdata-sections -ffunction-sections -funwind-tables -fstack-protector-strong -no-canonical-prefixes -D__BIONIC_NO_PAGE_SIZE_MACRO -D_FORTIFY_SOURCE=2 -Wformat -Werror=format-security  -ffile-prefix-map=/home/runner/work/x25-airplay-receiver/x25-airplay-receiver/app/src/main/cpp=. -ffile-prefix-map=/home/runner/work/x25-airplay-receiver/x25-airplay-receiver/app/.cxx/RelWithDebInfo/416841uv/x86_64=. -ffile-prefix-map=/usr/local/lib/android/sdk/ndk/27.0.12077973=. -Qunused-arguments -DOPENSSL_USE_NODELETE -DOPENSSL_PIC -DOPENSSLDIR="\"/usr/local/ssl\"" -DENGINESDIR="\"/usr/local/lib/engines-3\"" -DMODULESDIR="\"/usr/local/lib/ossl-modules\"" -DOPENSSL_BUILDING_OPENSSL -DNDEBUG -D__ANDROID_API__=24 -g -DANDROID -fdata-sections -ffunction-sections -funwind-tables -fstack-protector-strong -no-canonical-prefixes -D__BIONIC_NO_PAGE_SIZE_MACRO -D_FORTIFY_SOURCE=2 -Wformat -Werror=format-security   -ffile-prefix-map=/home/runner/work/x25-airplay-receiver/x25-airplay-receiver/app/src/main/cpp=. -ffile-prefix-map=/home/runner/work/x25-airplay-receiver/x25-airplay-receiver/app/.cxx/RelWithDebInfo/416841uv/x86_64=. -ffile-prefix-map=/usr/local/lib/android/sdk/ndk/27.0.12077973=. -Qunused-arguments -MMD -MF crypto/encode_decode/libcrypto-shlib-decoder_meth.d.tmp -c -o crypto/encode_decode/libcrypto-shlib-decoder_meth.o crypto/encode_decode/decoder_meth.c
C/C++: In file included from /home/runner/work/x25-airplay-receiver/x25-airplay-receiver/app/.cxx/RelWithDebInfo/416841uv/x86_64/<built-in>:399:
C/C++: /home/runner/work/x25-airplay-receiver/x25-airplay-receiver/app/.cxx/RelWithDebInfo/416841uv/x86_64/<command line>:30:9: warning: '__ANDROID_API__' macro redefined [-Wmacro-redefined]
C/C++:    30 | #define __ANDROID_API__ 24
C/C++:       |         ^
C/C++: /home/runner/work/x25-airplay-receiver/x25-airplay-receiver/app/.cxx/RelWithDebInfo/416841uv/x86_64/<built-in>:391:9: note: previous definition is here
C/C++:   391 | #define __ANDROID_API__ __ANDROID_MIN_SDK_VERSION__
C/C++:       |         ^
C/C++: In file included from /home/runner/work/x25-airplay-receiver/x25-airplay-receiver/app/.cxx/RelWithDebInfo/416841uv/x86_64/<built-in>:399:
C/C++: /home/runner/work/x25-airplay-receiver/x25-airplay-receiver/app/.cxx/RelWithDebInfo/416841uv/x86_64/<command line>:30:9: warning: '__ANDROID_API__' macro redefined [-Wmacro-redefined]
C/C++:    30 | #define __ANDROID_API__ 24
C/C++:       |         ^
C/C++: /home/runner/work/x25-airplay-receiver/x25-airplay-receiver/app/.cxx/RelWithDebInfo/416841uv/x86_64/<built-in>:391:9: note: previous definition is here
C/C++:   391 | #define __ANDROID_API__ __ANDROID_MIN_SDK_VERSION__
C/C++:       |         ^
C/C++: 1 warning generated.
C/C++: In file included from /home/runner/work/x25-airplay-receiver/x25-airplay-receiver/app/.cxx/RelWithDebInfo/416841uv/x86_64/<built-in>:399:
C/C++: /home/runner/work/x25-airplay-receiver/x25-airplay-receiver/app/.cxx/RelWithDebInfo/416841uv/x86_64/<command line>:30:9: warning: '__ANDROID_API__' macro redefined [-Wmacro-redefined]
C/C++:    30 | #define __ANDROID_API__ 24
C/C++:       |         ^
C/C++: /home/runner/work/x25-airplay-receiver/x25-airplay-receiver/app/.cxx/RelWithDebInfo/416841uv/x86_64/<built-in>:391:9: note: previous definition is here
C/C++:   391 | #define __ANDROID_API__ __ANDROID_MIN_SDK_VERSION__
C/C++:       |         ^
C/C++: 1 warning generated.
C/C++: In file included from /home/runner/work/x25-airplay-receiver/x25-airplay-receiver/app/.cxx/RelWithDebInfo/416841uv/x86_64/<built-in>:399:
C/C++: /home/runner/work/x25-airplay-receiver/x25-airplay-receiver/app/.cxx/RelWithDebInfo/416841uv/x86_64/<command line>:30:9: warning: '__ANDROID_API__' macro redefined [-Wmacro-redefined]
C/C++:    30 | #define __ANDROID_API__ 24
C/C++:       |         ^
C/C++: /home/runner/work/x25-airplay-receiver/x25-airplay-receiver/app/.cxx/RelWithDebInfo/416841uv/x86_64/<built-in>:391:9: note: previous definition is here
C/C++:   391 | #define __ANDROID_API__ __ANDROID_MIN_SDK_VERSION__
C/C++:       |         ^
C/C++: In file included from /home/runner/work/x25-airplay-receiver/x25-airplay-receiver/app/.cxx/RelWithDebInfo/416841uv/x86_64/<built-in>:399:
C/C++: /home/runner/work/x25-airplay-receiver/x25-airplay-receiver/app/.cxx/RelWithDebInfo/416841uv/x86_64/<command line>:30:9: warning: '__ANDROID_API__' macro redefined [-Wmacro-redefined]
C/C++:    30 | #define __ANDROID_API__ 24
C/C++:       |         ^
C/C++: /home/runner/work/x25-airplay-receiver/x25-airplay-receiver/app/.cxx/RelWithDebInfo/416841uv/x86_64/<built-in>:391:9: note: previous definition is here
C/C++:   391 | #define __ANDROID_API__ __ANDROID_MIN_SDK_VERSION__
C/C++:       |         ^
C/C++: 1 warning generated.
C/C++: In file included from /home/runner/work/x25-airplay-receiver/x25-airplay-receiver/app/.cxx/RelWithDebInfo/416841uv/x86_64/<built-in>:399:
C/C++: /home/runner/work/x25-airplay-receiver/x25-airplay-receiver/app/.cxx/RelWithDebInfo/416841uv/x86_64/<command line>:30:9: warning: '__ANDROID_API__' macro redefined [-Wmacro-redefined]
C/C++:    30 | #define __ANDROID_API__ 24
C/C++:       |         ^
C/C++: /home/runner/work/x25-airplay-receiver/x25-airplay-receiver/app/.cxx/RelWithDebInfo/416841uv/x86_64/<built-in>:391:9: note: previous definition is here
C/C++:   391 | #define __ANDROID_API__ __ANDROID_MIN_SDK_VERSION__
C/C++:       |         ^
C/C++: 1 warning generated.
C/C++: In file included from /home/runner/work/x25-airplay-receiver/x25-airplay-receiver/app/.cxx/RelWithDebInfo/416841uv/x86_64/<built-in>:399:
C/C++: /home/runner/work/x25-airplay-receiver/x25-airplay-receiver/app/.cxx/RelWithDebInfo/416841uv/x86_64/<command line>:30:9: warning: '__ANDROID_API__' macro redefined [-Wmacro-redefined]
C/C++:    30 | #define __ANDROID_API__ 24
C/C++:       |         ^
C/C++: /home/runner/work/x25-airplay-receiver/x25-airplay-receiver/app/.cxx/RelWithDebInfo/416841uv/x86_64/<built-in>:391:9: note: previous definition is here
C/C++:   391 | #define __ANDROID_API__ __ANDROID_MIN_SDK_VERSION__
C/C++:       |         ^
C/C++: x86_64-linux-android24-clang  -I. -Iinclude -Iproviders/common/include -Iproviders/implementations/include  -DAES_ASM -DBSAES_ASM -DECP_NISTZ256_ASM -DGHASH_ASM -DKECCAK1600_ASM -DMD5_ASM -DOPENSSL_BN_ASM_GF2m -DOPENSSL_BN_ASM_MONT -DOPENSSL_BN_ASM_MONT5 -DOPENSSL_CPUID_OBJ -DOPENSSL_IA32_SSE2 -DPOLY1305_ASM -DSHA1_ASM -DSHA256_ASM -DSHA512_ASM -DSTATIC_LEGACY -DVPAES_ASM -DWHIRLPOOL_ASM -DX25519_ASM -fPIC -pthread -Wa,--noexecstack -Qunused-arguments -g -DANDROID -fdata-sections -ffunction-sections -funwind-tables -fstack-protector-strong -no-canonical-prefixes -D__BIONIC_NO_PAGE_SIZE_MACRO -D_FORTIFY_SOURCE=2 -Wformat -Werror=format-security  -ffile-prefix-map=/home/runner/work/x25-airplay-receiver/x25-airplay-receiver/app/src/main/cpp=. -ffile-prefix-map=/home/runner/work/x25-airplay-receiver/x25-airplay-receiver/app/.cxx/RelWithDebInfo/416841uv/x86_64=. -ffile-prefix-map=/usr/local/lib/android/sdk/ndk/27.0.12077973=. -Qunused-arguments -DOPENSSL_USE_NODELETE -DOPENSSL_PIC -DOPENSSLDIR="\"/usr/local/ssl\"" -DENGINESDIR="\"/usr/local/lib/engines-3\"" -DMODULESDIR="\"/usr/local/lib/ossl-modules\"" -DOPENSSL_BUILDING_OPENSSL -DNDEBUG -D__ANDROID_API__=24 -g -DANDROID -fdata-sections -ffunction-sections -funwind-tables -fstack-protector-strong -no-canonical-prefixes -D__BIONIC_NO_PAGE_SIZE_MACRO -D_FORTIFY_SOURCE=2 -Wformat -Werror=format-security   -ffile-prefix-map=/home/runner/work/x25-airplay-receiver/x25-airplay-receiver/app/src/main/cpp=. -ffile-prefix-map=/home/runner/work/x25-airplay-receiver/x25-airplay-receiver/app/.cxx/RelWithDebInfo/416841uv/x86_64=. -ffile-prefix-map=/usr/local/lib/android/sdk/ndk/27.0.12077973=. -Qunused-arguments -MMD -MF crypto/err/libcrypto-shlib-err.d.tmp -c -o crypto/err/libcrypto-shlib-err.o crypto/err/err.c
C/C++: In file included from /home/runner/work/x25-airplay-receiver/x25-airplay-receiver/app/.cxx/RelWithDebInfo/416841uv/x86_64/<built-in>:399:
C/C++: /home/runner/work/x25-airplay-receiver/x25-airplay-receiver/app/.cxx/RelWithDebInfo/416841uv/x86_64/<command line>:30:9: warning: '__ANDROID_API__' macro redefined [-Wmacro-redefined]
C/C++:    30 | #define __ANDROID_API__ 24
C/C++:       |         ^
C/C++: /home/runner/work/x25-airplay-receiver/x25-airplay-receiver/app/.cxx/RelWithDebInfo/416841uv/x86_64/<built-in>:391:9: note: previous definition is here
C/C++:   391 | #define __ANDROID_API__ __ANDROID_MIN_SDK_VERSION__
C/C++:       |         ^
C/C++: 1 warning generated.
C/C++: In file included from /home/runner/work/x25-airplay-receiver/x25-airplay-receiver/app/.cxx/RelWithDebInfo/416841uv/x86_64/<built-in>:399:
C/C++: /home/runner/work/x25-airplay-receiver/x25-airplay-receiver/app/.cxx/RelWithDebInfo/416841uv/x86_64/<command line>:30:9: warning: '__ANDROID_API__' macro redefined [-Wmacro-redefined]
C/C++:    30 | #define __ANDROID_API__ 24
C/C++:       |         ^
C/C++: /home/runner/work/x25-airplay-receiver/x25-airplay-receiver/app/.cxx/RelWithDebInfo/416841uv/x86_64/<built-in>:391:9: note: previous definition is here
C/C++:   391 | #define __ANDROID_API__ __ANDROID_MIN_SDK_VERSION__
C/C++:       |         ^
C/C++: 1 warning generated.
C/C++: In file included from /home/runner/work/x25-airplay-receiver/x25-airplay-receiver/app/.cxx/RelWithDebInfo/416841uv/x86_64/<built-in>:399:
C/C++: /home/runner/work/x25-airplay-receiver/x25-airplay-receiver/app/.cxx/RelWithDebInfo/416841uv/x86_64/<command line>:30:9: warning: '__ANDROID_API__' macro redefined [-Wmacro-redefined]
C/C++:    30 | #define __ANDROID_API__ 24
C/C++:       |         ^
C/C++: /home/runner/work/x25-airplay-receiver/x25-airplay-receiver/app/.cxx/RelWithDebInfo/416841uv/x86_64/<built-in>:391:9: note: previous definition is here
C/C++:   391 | #define __ANDROID_API__ __ANDROID_MIN_SDK_VERSION__
C/C++:       |         ^
C/C++: x86_64-linux-android24-clang  -I. -Iinclude -Iproviders/common/include -Iproviders/implementations/include  -DAES_ASM -DBSAES_ASM -DECP_NISTZ256_ASM -DGHASH_ASM -DKECCAK1600_ASM -DMD5_ASM -DOPENSSL_BN_ASM_GF2m -DOPENSSL_BN_ASM_MONT -DOPENSSL_BN_ASM_MONT5 -DOPENSSL_CPUID_OBJ -DOPENSSL_IA32_SSE2 -DPOLY1305_ASM -DSHA1_ASM -DSHA256_ASM -DSHA512_ASM -DSTATIC_LEGACY -DVPAES_ASM -DWHIRLPOOL_ASM -DX25519_ASM -fPIC -pthread -Wa,--noexecstack -Qunused-arguments -g -DANDROID -fdata-sections -ffunction-sections -funwind-tables -fstack-protector-strong -no-canonical-prefixes -D__BIONIC_NO_PAGE_SIZE_MACRO -D_FORTIFY_SOURCE=2 -Wformat -Werror=format-security  -ffile-prefix-map=/home/runner/work/x25-airplay-receiver/x25-airplay-receiver/app/src/main/cpp=. -ffile-prefix-map=/home/runner/work/x25-airplay-receiver/x25-airplay-receiver/app/.cxx/RelWithDebInfo/416841uv/x86_64=. -ffile-prefix-map=/usr/local/lib/android/sdk/ndk/27.0.12077973=. -Qunused-arguments -DOPENSSL_USE_NODELETE -DOPENSSL_PIC -DOPENSSLDIR="\"/usr/local/ssl\"" -DENGINESDIR="\"/usr/local/lib/engines-3\"" -DMODULESDIR="\"/usr/local/lib/ossl-modules\"" -DOPENSSL_BUILDING_OPENSSL -DNDEBUG -D__ANDROID_API__=24 -g -DANDROID -fdata-sections -ffunction-sections -funwind-tables -fstack-protector-strong -no-canonical-prefixes -D__BIONIC_NO_PAGE_SIZE_MACRO -D_FORTIFY_SOURCE=2 -Wformat -Werror=format-security   -ffile-prefix-map=/home/runner/work/x25-airplay-receiver/x25-airplay-receiver/app/src/main/cpp=. -ffile-prefix-map=/home/runner/work/x25-airplay-receiver/x25-airplay-receiver/app/.cxx/RelWithDebInfo/416841uv/x86_64=. -ffile-prefix-map=/usr/local/lib/android/sdk/ndk/27.0.12077973=. -Qunused-arguments -MMD -MF crypto/err/libcrypto-shlib-err_prn.d.tmp -c -o crypto/err/libcrypto-shlib-err_prn.o crypto/err/err_prn.c
C/C++: 1 warning generated.
C/C++: In file included from /home/runner/work/x25-airplay-receiver/x25-airplay-receiver/app/.cxx/RelWithDebInfo/416841uv/x86_64/<built-in>:399:
C/C++: /home/runner/work/x25-airplay-receiver/x25-airplay-receiver/app/.cxx/RelWithDebInfo/416841uv/x86_64/<command line>:30:9: warning: '__ANDROID_API__' macro redefined [-Wmacro-redefined]
C/C++:    30 | #define __ANDROID_API__ 24
C/C++:       |         ^
C/C++: /home/runner/work/x25-airplay-receiver/x25-airplay-receiver/app/.cxx/RelWithDebInfo/416841uv/x86_64/<built-in>:391:9: note: previous definition is here
C/C++:   391 | #define __ANDROID_API__ __ANDROID_MIN_SDK_VERSION__
C/C++:       |         ^
C/C++: In file included from /home/runner/work/x25-airplay-receiver/x25-airplay-receiver/app/.cxx/RelWithDebInfo/416841uv/x86_64/<built-in>:399:
C/C++: /home/runner/work/x25-airplay-receiver/x25-airplay-receiver/app/.cxx/RelWithDebInfo/416841uv/x86_64/<command line>:30:9: warning: '__ANDROID_API__' macro redefined [-Wmacro-redefined]
C/C++:    30 | #define __ANDROID_API__ 24
C/C++:       |         ^
C/C++: /home/runner/work/x25-airplay-receiver/x25-airplay-receiver/app/.cxx/RelWithDebInfo/416841uv/x86_64/<built-in>:391:9: note: previous definition is here
C/C++:   391 | #define __ANDROID_API__ __ANDROID_MIN_SDK_VERSION__
C/C++:       |         ^
C/C++: x86_64-linux-android24-clang  -I. -Iinclude -Iproviders/common/include -Iproviders/implementations/include  -DAES_ASM -DBSAES_ASM -DECP_NISTZ256_ASM -DGHASH_ASM -DKECCAK1600_ASM -DMD5_ASM -DOPENSSL_BN_ASM_GF2m -DOPENSSL_BN_ASM_MONT -DOPENSSL_BN_ASM_MONT5 -DOPENSSL_CPUID_OBJ -DOPENSSL_IA32_SSE2 -DPOLY1305_ASM -DSHA1_ASM -DSHA256_ASM -DSHA512_ASM -DSTATIC_LEGACY -DVPAES_ASM -DWHIRLPOOL_ASM -DX25519_ASM -fPIC -pthread -Wa,--noexecstack -Qunused-arguments -g -DANDROID -fdata-sections -ffunction-sections -funwind-tables -fstack-protector-strong -no-canonical-prefixes -D__BIONIC_NO_PAGE_SIZE_MACRO -D_FORTIFY_SOURCE=2 -Wformat -Werror=format-security  -ffile-prefix-map=/home/runner/work/x25-airplay-receiver/x25-airplay-receiver/app/src/main/cpp=. -ffile-prefix-map=/home/runner/work/x25-airplay-receiver/x25-airplay-receiver/app/.cxx/RelWithDebInfo/416841uv/x86_64=. -ffile-prefix-map=/usr/local/lib/android/sdk/ndk/27.0.12077973=. -Qunused-arguments -DOPENSSL_USE_NODELETE -DOPENSSL_PIC -DOPENSSLDIR="\"/usr/local/ssl\"" -DENGINESDIR="\"/usr/local/lib/engines-3\"" -DMODULESDIR="\"/usr/local/lib/ossl-modules\"" -DOPENSSL_BUILDING_OPENSSL -DNDEBUG -D__ANDROID_API__=24 -g -DANDROID -fdata-sections -ffunction-sections -funwind-tables -fstack-protector-strong -no-canonical-prefixes -D__BIONIC_NO_PAGE_SIZE_MACRO -D_FORTIFY_SOURCE=2 -Wformat -Werror=format-security   -ffile-prefix-map=/home/runner/work/x25-airplay-receiver/x25-airplay-receiver/app/src/main/cpp=. -ffile-prefix-map=/home/runner/work/x25-airplay-receiver/x25-airplay-receiver/app/.cxx/RelWithDebInfo/416841uv/x86_64=. -ffile-prefix-map=/usr/local/lib/android/sdk/ndk/27.0.12077973=. -Qunused-arguments -MMD -MF crypto/err/libcrypto-shlib-err_save.d.tmp -c -o crypto/err/libcrypto-shlib-err_save.o crypto/err/err_save.c
C/C++: In file included from /home/runner/work/x25-airplay-receiver/x25-airplay-receiver/app/.cxx/RelWithDebInfo/416841uv/x86_64/<built-in>:399:
C/C++: /home/runner/work/x25-airplay-receiver/x25-airplay-receiver/app/.cxx/RelWithDebInfo/416841uv/x86_64/<command line>:30:9: warning: '__ANDROID_API__' macro redefined [-Wmacro-redefined]
C/C++:    30 | #define __ANDROID_API__ 24
C/C++:       |         ^
C/C++: /home/runner/work/x25-airplay-receiver/x25-airplay-receiver/app/.cxx/RelWithDebInfo/416841uv/x86_64/<built-in>:391:9: note: previous definition is here
C/C++:   391 | #define __ANDROID_API__ __ANDROID_MIN_SDK_VERSION__
C/C++:       |         ^
C/C++: In file included from /home/runner/work/x25-airplay-receiver/x25-airplay-receiver/app/.cxx/RelWithDebInfo/416841uv/x86_64/<built-in>:399:
C/C++: /home/runner/work/x25-airplay-receiver/x25-airplay-receiver/app/.cxx/RelWithDebInfo/416841uv/x86_64/<command line>:30:9: warning: '__ANDROID_API__' macro redefined [-Wmacro-redefined]
C/C++:    30 | #define __ANDROID_API__ 24
C/C++:       |         ^
C/C++: /home/runner/work/x25-airplay-receiver/x25-airplay-receiver/app/.cxx/RelWithDebInfo/416841uv/x86_64/<built-in>:391:9: note: previous definition is here
C/C++:   391 | #define __ANDROID_API__ __ANDROID_MIN_SDK_VERSION__
C/C++:       |         ^
C/C++: 1 warning generated.
C/C++: In file included from /home/runner/work/x25-airplay-receiver/x25-airplay-receiver/app/.cxx/RelWithDebInfo/416841uv/x86_64/<built-in>:399:
C/C++: /home/runner/work/x25-airplay-receiver/x25-airplay-receiver/app/.cxx/RelWithDebInfo/416841uv/x86_64/<command line>:30:9: warning: In file included from '__ANDROID_API__' macro redefined [-Wmacro-redefined]
C/C++: <built-in>:   30 | #define __ANDROID_API__ 24
C/C++:       |         ^
C/C++: /home/runner/work/x25-airplay-receiver/x25-airplay-receiver/app/.cxx/RelWithDebInfo/416841uv/x86_64/399<built-in>:391:9: note: previous definition is here
C/C++: :
C/C++:   391 | #define __ANDROID_API__ __ANDROID_MIN_SDK_VERSION__
C/C++:       |         ^
C/C++: /home/runner/work/x25-airplay-receiver/x25-airplay-receiver/app/.cxx/RelWithDebInfo/416841uv/x86_64/<command line>:30:9: warning: '__ANDROID_API__' macro redefined [-Wmacro-redefined]
C/C++:    30 | #define __ANDROID_API__ 24
C/C++:       |         ^
C/C++: /home/runner/work/x25-airplay-receiver/x25-airplay-receiver/app/.cxx/RelWithDebInfo/416841uv/x86_64/<built-in>:391:9: note: previous definition is here
C/C++:   391 | #define __ANDROID_API__ __ANDROID_MIN_SDK_VERSION__
C/C++:       |         ^
C/C++: 1 warning generated.
C/C++: In file included from /home/runner/work/x25-airplay-receiver/x25-airplay-receiver/app/.cxx/RelWithDebInfo/416841uv/x86_64/<built-in>:399:
C/C++: /home/runner/work/x25-airplay-receiver/x25-airplay-receiver/app/.cxx/RelWithDebInfo/416841uv/x86_64/<command line>:30:9: warning: '__ANDROID_API__' macro redefined [-Wmacro-redefined]
C/C++:    30 | #define __ANDROID_API__ 24
C/C++:       |         ^
C/C++: /home/runner/work/x25-airplay-receiver/x25-airplay-receiver/app/.cxx/RelWithDebInfo/416841uv/x86_64/<built-in>:391:9: note: previous definition is here
C/C++:   391 | #define __ANDROID_API__ __ANDROID_MIN_SDK_VERSION__
C/C++:       |         ^
C/C++: 1 warning generated.
C/C++: In file included from /home/runner/work/x25-airplay-receiver/x25-airplay-receiver/app/.cxx/RelWithDebInfo/416841uv/x86_64/<built-in>:399:
C/C++: /home/runner/work/x25-airplay-receiver/x25-airplay-receiver/app/.cxx/RelWithDebInfo/416841uv/x86_64/<command line>:30:9: warning: '__ANDROID_API__' macro redefined [-Wmacro-redefined]
C/C++:    30 | #define __ANDROID_API__ 24
C/C++:       |         ^
C/C++: /home/runner/work/x25-airplay-receiver/x25-airplay-receiver/app/.cxx/RelWithDebInfo/416841uv/x86_64/<built-in>:391:9: note: previous definition is here
C/C++:   391 | #define __ANDROID_API__ __ANDROID_MIN_SDK_VERSION__
C/C++:       |         ^
C/C++: x86_64-linux-android24-clang  -I. -Iinclude -Iproviders/common/include -Iproviders/implementations/include  -DAES_ASM -DBSAES_ASM -DECP_NISTZ256_ASM -DGHASH_ASM -DKECCAK1600_ASM -DMD5_ASM -DOPENSSL_BN_ASM_GF2m -DOPENSSL_BN_ASM_MONT -DOPENSSL_BN_ASM_MONT5 -DOPENSSL_CPUID_OBJ -DOPENSSL_IA32_SSE2 -DPOLY1305_ASM -DSHA1_ASM -DSHA256_ASM -DSHA512_ASM -DSTATIC_LEGACY -DVPAES_ASM -DWHIRLPOOL_ASM -DX25519_ASM -fPIC -pthread -Wa,--noexecstack -Qunused-arguments -g -DANDROID -fdata-sections -ffunction-sections -funwind-tables -fstack-protector-strong -no-canonical-prefixes -D__BIONIC_NO_PAGE_SIZE_MACRO -D_FORTIFY_SOURCE=2 -Wformat -Werror=format-security  -ffile-prefix-map=/home/runner/work/x25-airplay-receiver/x25-airplay-receiver/app/src/main/cpp=. -ffile-prefix-map=/home/runner/work/x25-airplay-receiver/x25-airplay-receiver/app/.cxx/RelWithDebInfo/416841uv/x86_64=. -ffile-prefix-map=/usr/local/lib/android/sdk/ndk/27.0.12077973=. -Qunused-arguments -DOPENSSL_USE_NODELETE -DOPENSSL_PIC -DOPENSSLDIR="\"/usr/local/ssl\"" -DENGINESDIR="\"/usr/local/lib/engines-3\"" -DMODULESDIR="\"/usr/local/lib/ossl-modules\"" -DOPENSSL_BUILDING_OPENSSL -DNDEBUG -D__ANDROID_API__=24 -g -DANDROID -fdata-sections -ffunction-sections -funwind-tables -fstack-protector-strong -no-canonical-prefixes -D__BIONIC_NO_PAGE_SIZE_MACRO -D_FORTIFY_SOURCE=2 -Wformat -Werror=format-security   -ffile-prefix-map=/home/runner/work/x25-airplay-receiver/x25-airplay-receiver/app/src/main/cpp=. -ffile-prefix-map=/home/runner/work/x25-airplay-receiver/x25-airplay-receiver/app/.cxx/RelWithDebInfo/416841uv/x86_64=. -ffile-prefix-map=/usr/local/lib/android/sdk/ndk/27.0.12077973=. -Qunused-arguments -MMD -MF crypto/evp/libcrypto-shlib-bio_b64.d.tmp -c -o crypto/evp/libcrypto-shlib-bio_b64.o crypto/evp/bio_b64.c
C/C++: In file included from /home/runner/work/x25-airplay-receiver/x25-airplay-receiver/app/.cxx/RelWithDebInfo/416841uv/x86_64/<built-in>:399:
C/C++: /home/runner/work/x25-airplay-receiver/x25-airplay-receiver/app/.cxx/RelWithDebInfo/416841uv/x86_64/<command line>:30:9: warning: '__ANDROID_API__' macro redefined [-Wmacro-redefined]
C/C++:    30 | #define __ANDROID_API__ 24
C/C++:       |         ^
C/C++: /home/runner/work/x25-airplay-receiver/x25-airplay-receiver/app/.cxx/RelWithDebInfo/416841uv/x86_64/<built-in>:391:9: note: previous definition is here
C/C++:   391 | #define __ANDROID_API__ __ANDROID_MIN_SDK_VERSION__
C/C++:       |         ^
C/C++: 1 warning generated.
C/C++: In file included from /home/runner/work/x25-airplay-receiver/x25-airplay-receiver/app/.cxx/RelWithDebInfo/416841uv/x86_64/<built-in>:399:
C/C++: /home/runner/work/x25-airplay-receiver/x25-airplay-receiver/app/.cxx/RelWithDebInfo/416841uv/x86_64/<command line>:30:9: warning: '__ANDROID_API__' macro redefined [-Wmacro-redefined]
C/C++:    30 | #define __ANDROID_API__ 24
C/C++:       |         ^
C/C++: /home/runner/work/x25-airplay-receiver/x25-airplay-receiver/app/.cxx/RelWithDebInfo/416841uv/x86_64/<built-in>:391:9: note: previous definition is here
C/C++:   391 | #define __ANDROID_API__ __ANDROID_MIN_SDK_VERSION__
C/C++:       |         ^
C/C++: 1 warning generated.
C/C++: In file included from /home/runner/work/x25-airplay-receiver/x25-airplay-receiver/app/.cxx/RelWithDebInfo/416841uv/x86_64/<built-in>:399:
C/C++: /home/runner/work/x25-airplay-receiver/x25-airplay-receiver/app/.cxx/RelWithDebInfo/416841uv/x86_64/<command line>:30:9: warning: '__ANDROID_API__' macro redefined [-Wmacro-redefined]
C/C++:    30 | #define __ANDROID_API__ 24
C/C++:       |         ^
C/C++: /home/runner/work/x25-airplay-receiver/x25-airplay-receiver/app/.cxx/RelWithDebInfo/416841uv/x86_64/<built-in>:391:9: note: previous definition is here
C/C++:   391 | #define __ANDROID_API__ __ANDROID_MIN_SDK_VERSION__
C/C++:       |         ^
C/C++: In file included from /home/runner/work/x25-airplay-receiver/x25-airplay-receiver/app/.cxx/RelWithDebInfo/416841uv/x86_64/<built-in>:399:
C/C++: /home/runner/work/x25-airplay-receiver/x25-airplay-receiver/app/.cxx/RelWithDebInfo/416841uv/x86_64/<command line>:30:9: warning: '__ANDROID_API__' macro redefined [-Wmacro-redefined]
C/C++:    30 | #define __ANDROID_API__ 24
C/C++: In file included from       |         ^
C/C++: /home/runner/work/x25-airplay-receiver/x25-airplay-receiver/app/.cxx/RelWithDebInfo/416841uv/x86_64/<built-in>:391:9: note: previous definition is here
C/C++:   <built-in>:399:
C/C++: /home/runner/work/x25-airplay-receiver/x25-airplay-receiver/app/.cxx/RelWithDebInfo/416841uv/x86_64/<command line>:30:9: warning: '__ANDROID_API__' macro redefined [-Wmacro-redefined]
C/C++: 391 | #d   efine __ANDROID_API__ __ANDROID_MIN_SDK_VERSION__
C/C++:       |         ^
C/C++: 30 | #define __ANDROID_API__ 24
C/C++:       |         ^
C/C++: /home/runner/work/x25-airplay-receiver/x25-airplay-receiver/app/.cxx/RelWithDebInfo/416841uv/x86_64/<built-in>:391:9: note: previous definition is here
C/C++:   391 | #define __ANDROID_API__ __ANDROID_MIN_SDK_VERSION__
C/C++:       |         ^
C/C++: 1 warning generated.
C/C++: In file included from /home/runner/work/x25-airplay-receiver/x25-airplay-receiver/app/.cxx/RelWithDebInfo/416841uv/x86_64/<built-in>:399:
C/C++: /home/runner/work/x25-airplay-receiver/x25-airplay-receiver/app/.cxx/RelWithDebInfo/416841uv/x86_64/<command line>:30:9: warning: '__ANDROID_API__' macro redefined [-Wmacro-redefined]
C/C++:    30 | #define __ANDROID_API__ 24
C/C++:       |         ^
C/C++: /home/runner/work/x25-airplay-receiver/x25-airplay-receiver/app/.cxx/RelWithDebInfo/416841uv/x86_64/<built-in>:391:9: note: previous definition is here
C/C++:   391 | #define __ANDROID_API__ __ANDROID_MIN_SDK_VERSION__
C/C++:       In file included from <built-in>:399:
C/C++: /home/runner/work/x25-airplay-receiver/x25-airplay-receiver/app/.cxx/RelWithDebInfo/416841uv/x86_64/<command line>:30:9: warning: '__ANDROID_API__' macro redefined [-Wmacro-redefined]
C/C++: |         ^
C/C++:    30 | #define __ANDROID_API__ 24
C/C++:       |         ^
C/C++: /home/runner/work/x25-airplay-receiver/x25-airplay-receiver/app/.cxx/RelWithDebInfo/416841uv/x86_64/<built-in>:391:9: note: previous definition is here
C/C++:   391 | #define __ANDROID_API__ __ANDROID_MIN_SDK_VERSION__
C/C++:       |         ^
C/C++: 1 warning generated.
C/C++: In file included from /home/runner/work/x25-airplay-receiver/x25-airplay-receiver/app/.cxx/RelWithDebInfo/416841uv/x86_64/<built-in>:399:
C/C++: /home/runner/work/x25-airplay-receiver/x25-airplay-receiver/app/.cxx/RelWithDebInfo/416841uv/x86_64/<command line>:30:9: warning: '__ANDROID_API__' macro redefined [-Wmacro-redefined]
C/C++:    30 | #define __ANDROID_API__ 24
C/C++:       |         ^
C/C++: /home/runner/work/x25-airplay-receiver/x25-airplay-receiver/app/.cxx/RelWithDebInfo/416841uv/x86_64/<built-in>:391:9: note: previous definition is here
C/C++:   391 | #define __ANDROID_API__ __ANDROID_MIN_SDK_VERSION__
C/C++:       |         ^
C/C++: In file included from /home/runner/work/x25-airplay-receiver/x25-airplay-receiver/app/.cxx/RelWithDebInfo/416841uv/x86_64/<built-in>:399:
C/C++: /home/runner/work/x25-airplay-receiver/x25-airplay-receiver/app/.cxx/RelWithDebInfo/416841uv/x86_64/<command line>:30:9: warning: '__ANDROID_API__' macro redefined [-Wmacro-redefined]
C/C++:    30 | #define __ANDROID_API__ 24
C/C++:       |         ^
C/C++: /home/runner/work/x25-airplay-receiver/x25-airplay-receiver/app/.cxx/RelWithDebInfo/416841uv/x86_64/<built-in>:391:9: note: previous definition is here
C/C++:   391 | #define __ANDROID_API__ __ANDROID_MIN_SDK_VERSION__
C/C++:       |         ^
C/C++: 1 warning generated.
C/C++: In file included from /home/runner/work/x25-airplay-receiver/x25-airplay-receiver/app/.cxx/RelWithDebInfo/416841uv/x86_64/<built-in>:399:
C/C++: /home/runner/work/x25-airplay-receiver/x25-airplay-receiver/app/.cxx/RelWithDebInfo/416841uv/x86_64/<command line>:30:9: warning: '__ANDROID_API__' macro redefined [-Wmacro-redefined]
C/C++:    30 | #define __ANDROID_API__ 24
C/C++:       |         ^
C/C++: /home/runner/work/x25-airplay-receiver/x25-airplay-receiver/app/.cxx/RelWithDebInfo/416841uv/x86_64/<built-in>:391:9: note: previous definition is here
C/C++:   391 | #define __ANDROID_API__ __ANDROID_MIN_SDK_VERSION__
C/C++:       |         ^
C/C++: In file included from /home/runner/work/x25-airplay-receiver/x25-airplay-receiver/app/.cxx/RelWithDebInfo/416841uv/x86_64/<built-in>:399:
C/C++: /home/runner/work/x25-airplay-receiver/x25-airplay-receiver/app/.cxx/RelWithDebInfo/416841uv/x86_64/<command line>:30:9: warning: '__ANDROID_API__' macro redefined [-Wmacro-redefined]
C/C++:    30 | #define __ANDROID_API__ 24
C/C++:       |         ^
C/C++: /home/runner/work/x25-airplay-receiver/x25-airplay-receiver/app/.cxx/RelWithDebInfo/416841uv/x86_64/<built-in>:391:9: note: previous definition is here
C/C++:   391 | #define __ANDROID_API__ __ANDROID_MIN_SDK_VERSION__
C/C++:       |         ^
C/C++: 1 warning generated.
C/C++: In file included from /home/runner/work/x25-airplay-receiver/x25-airplay-receiver/app/.cxx/RelWithDebInfo/416841uv/x86_64/<built-in>:399:
C/C++: /home/runner/work/x25-airplay-receiver/x25-airplay-receiver/app/.cxx/RelWithDebInfo/416841uv/x86_64/<command line>:30:9: warning: '__ANDROID_API__' macro redefined [-Wmacro-redefined]
C/C++:    30 | #define __ANDROID_API__ 24
C/C++:       |         ^
C/C++: /home/runner/work/x25-airplay-receiver/x25-airplay-receiver/app/.cxx/RelWithDebInfo/416841uv/x86_64/<built-in>:391:9: note: previous definition is here
C/C++:   391 | #define __ANDROID_API__ __ANDROID_MIN_SDK_VERSION__
C/C++:       |         ^
C/C++: 1 warning generated.
C/C++: In file included from /home/runner/work/x25-airplay-receiver/x25-airplay-receiver/app/.cxx/RelWithDebInfo/416841uv/x86_64/<built-in>:399:
C/C++: /home/runner/work/x25-airplay-receiver/x25-airplay-receiver/app/.cxx/RelWithDebInfo/416841uv/x86_64/<command line>:30:9: warning: '__ANDROID_API__' macro redefined [-Wmacro-redefined]
C/C++:    30 | #define __ANDROID_API__ 24
C/C++:       |         ^
C/C++: /home/runner/work/x25-airplay-receiver/x25-airplay-receiver/app/.cxx/RelWithDebInfo/416841uv/x86_64/<built-in>:391:9: note: previous definition is here
C/C++:   391 | #define __ANDROID_API__ __ANDROID_MIN_SDK_VERSION__
C/C++:       |         ^
C/C++: 1 warning generated.
C/C++: In file included from /home/runner/work/x25-airplay-receiver/x25-airplay-receiver/app/.cxx/RelWithDebInfo/416841uv/x86_64/<built-in>:399:
C/C++: /home/runner/work/x25-airplay-receiver/x25-airplay-receiver/app/.cxx/RelWithDebInfo/416841uv/x86_64/<command line>:30:9: warning: '__ANDROID_API__' macro redefined [-Wmacro-redefined]
C/C++:    30 | #define __ANDROID_API__ 24
C/C++:       |         ^
C/C++: /home/runner/work/x25-airplay-receiver/x25-airplay-receiver/app/.cxx/RelWithDebInfo/416841uv/x86_64/<built-in>:391:9: note: previous definition is here
C/C++:   391 | #define __ANDROID_API__ __ANDROID_MIN_SDK_VERSION__
C/C++:       In file included from |         ^<built-in>
C/C++: :399:
C/C++: /home/runner/work/x25-airplay-receiver/x25-airplay-receiver/app/.cxx/RelWithDebInfo/416841uv/x86_64/<command line>:30:9: warning: '__ANDROID_API__' macro redefined [-Wmacro-redefined]
C/C++:    30 | #define __ANDROID_API__ 24
C/C++:       |         ^
C/C++: /home/runner/work/x25-airplay-receiver/x25-airplay-receiver/app/.cxx/RelWithDebInfo/416841uv/x86_64/<built-in>:391:9: note: previous definition is here
C/C++:   391 | #define __ANDROID_API__ __ANDROID_MIN_SDK_VERSION__
C/C++:       |         ^
C/C++: 1 warning generated.
C/C++: In file included from /home/runner/work/x25-airplay-receiver/x25-airplay-receiver/app/.cxx/RelWithDebInfo/416841uv/x86_64/<built-in>:399:
C/C++: /home/runner/work/x25-airplay-receiver/x25-airplay-receiver/app/.cxx/RelWithDebInfo/416841uv/x86_64/<command line>:30:9: warning: '__ANDROID_API__' macro redefined [-Wmacro-redefined]
C/C++:    30 | #define __ANDROID_API__ 24
C/C++:       |         ^
C/C++: /home/runner/work/x25-airplay-receiver/x25-airplay-receiver/app/.cxx/RelWithDebInfo/416841uv/x86_64/<built-in>:391:9: note: previous definition is here
C/C++:   391 | #define __ANDROID_API__ __ANDROID_MIN_SDK_VERSION__
C/C++:       |         ^
C/C++: 1 warning generated.
C/C++: In file included from /home/runner/work/x25-airplay-receiver/x25-airplay-receiver/app/.cxx/RelWithDebInfo/416841uv/x86_64/<built-in>:399:
C/C++: /home/runner/work/x25-airplay-receiver/x25-airplay-receiver/app/.cxx/RelWithDebInfo/416841uv/x86_64/<command line>:30:9: warning: '__ANDROID_API__' macro redefined [-Wmacro-redefined]
C/C++:    30 | #define __ANDROID_API__ 24
C/C++:       |         ^
C/C++: /home/runner/work/x25-airplay-receiver/x25-airplay-receiver/app/.cxx/RelWithDebInfo/416841uv/x86_64/<built-in>:391:9: note: previous definition is here
C/C++:   391 | #define __ANDROID_API__ __ANDROID_MIN_SDK_VERSION__
C/C++:       |         ^
C/C++: In file included from /home/runner/work/x25-airplay-receiver/x25-airplay-receiver/app/.cxx/RelWithDebInfo/416841uv/x86_64/<built-in>:399:
C/C++: /home/runner/work/x25-airplay-receiver/x25-airplay-receiver/app/.cxx/RelWithDebInfo/416841uv/x86_64/<command line>:30:9: warning: '__ANDROID_API__' macro redefined [-Wmacro-redefined]
C/C++:    30 | #define __ANDROID_API__ 24
C/C++:       |         ^
C/C++: /home/runner/work/x25-airplay-receiver/x25-airplay-receiver/app/.cxx/RelWithDebInfo/416841uv/x86_64/<built-in>:391:9: note: previous definition is here
C/C++:   391 | #define __ANDROID_API__ __ANDROID_MIN_SDK_VERSION__
C/C++:       |         ^
C/C++: In file included from /home/runner/work/x25-airplay-receiver/x25-airplay-receiver/app/.cxx/RelWithDebInfo/416841uv/x86_64/<built-in>:399:
C/C++: /home/runner/work/x25-airplay-receiver/x25-airplay-receiver/app/.cxx/RelWithDebInfo/416841uv/x86_64/<command line>:30:9: warning: '__ANDROID_API__' macro redefined [-Wmacro-redefined]
C/C++:    30 | #define __ANDROID_API__ 24
C/C++:       |         ^
C/C++: /home/runner/work/x25-airplay-receiver/x25-airplay-receiver/app/.cxx/RelWithDebInfo/416841uv/x86_64/<built-in>:391:9: note: previous definition is here
C/C++:   391 | #define __ANDROID_API__ __ANDROID_MIN_SDK_VERSION__
C/C++:       |         ^
C/C++: 1 warning generated.
C/C++: In file included from /home/runner/work/x25-airplay-receiver/x25-airplay-receiver/app/.cxx/RelWithDebInfo/416841uv/x86_64/<built-in>:399:
C/C++: /home/runner/work/x25-airplay-receiver/x25-airplay-receiver/app/.cxx/RelWithDebInfo/416841uv/x86_64/<command line>:30:9: warning: '__ANDROID_API__' macro redefined [-Wmacro-redefined]
C/C++:    30 | #define __ANDROID_API__ 24
C/C++:       |         ^
C/C++: /home/runner/work/x25-airplay-receiver/x25-airplay-receiver/app/.cxx/RelWithDebInfo/416841uv/x86_64/<built-in>:391:9: note: previous definition is here
C/C++:   391 | #define __ANDROID_API__ __ANDROID_MIN_SDK_VERSION__
C/C++:       |         ^
C/C++: In file included from /home/runner/work/x25-airplay-receiver/x25-airplay-receiver/app/.cxx/RelWithDebInfo/416841uv/x86_64/<built-in>:399:
C/C++: /home/runner/work/x25-airplay-receiver/x25-airplay-receiver/app/.cxx/RelWithDebInfo/416841uv/x86_64/<command line>:30:9: warning: '__ANDROID_API__' macro redefined [-Wmacro-redefined]
C/C++:    30 | #define __ANDROID_API__ 24
C/C++:       |         ^
C/C++: /home/runner/work/x25-airplay-receiver/x25-airplay-receiver/app/.cxx/RelWithDebInfo/416841uv/x86_64/<built-in>:391:9: note: previous definition is here
C/C++:   391 | #define __ANDROID_API__ __ANDROID_MIN_SDK_VERSION__
C/C++:       |         ^
C/C++: 1 warning generated.
C/C++: In file included from /home/runner/work/x25-airplay-receiver/x25-airplay-receiver/app/.cxx/RelWithDebInfo/416841uv/x86_64/<built-in>:399:
C/C++: /home/runner/work/x25-airplay-receiver/x25-airplay-receiver/app/.cxx/RelWithDebInfo/416841uv/x86_64/<command line>:30:9: warning: '__ANDROID_API__' macro redefined [-Wmacro-redefined]
C/C++:    30 | #define __ANDROID_API__ 24
C/C++:       |         ^
C/C++: /home/runner/work/x25-airplay-receiver/x25-airplay-receiver/app/.cxx/RelWithDebInfo/416841uv/x86_64/<built-in>:391:9: note: previous definition is here
C/C++:   391 | #define __ANDROID_API__ __ANDROID_MIN_SDK_VERSION__
C/C++:       |         ^
C/C++: 1 warning generated.
C/C++: In file included from /home/runner/work/x25-airplay-receiver/x25-airplay-receiver/app/.cxx/RelWithDebInfo/416841uv/x86_64/<built-in>:399:
C/C++: /home/runner/work/x25-airplay-receiver/x25-airplay-receiver/app/.cxx/RelWithDebInfo/416841uv/x86_64/<command line>:30:9: warning: '__ANDROID_API__' macro redefined [-Wmacro-redefined]
C/C++:    30 | #define __ANDROID_API__ 24
C/C++:       |         ^
C/C++: /home/runner/work/x25-airplay-receiver/x25-airplay-receiver/app/.cxx/RelWithDebInfo/416841uv/x86_64/<built-in>:391:9: note: previous definition is here
C/C++:   391 | #define __ANDROID_API__ __ANDROID_MIN_SDK_VERSION__
C/C++:       |         ^
C/C++: x86_64-linux-android24-clang  -I. -Iinclude -Iproviders/common/include -Iproviders/implementations/include  -DAES_ASM -DBSAES_ASM -DECP_NISTZ256_ASM -DGHASH_ASM -DKECCAK1600_ASM -DMD5_ASM -DOPENSSL_BN_ASM_GF2m -DOPENSSL_BN_ASM_MONT -DOPENSSL_BN_ASM_MONT5 -DOPENSSL_CPUID_OBJ -DOPENSSL_IA32_SSE2 -DPOLY1305_ASM -DSHA1_ASM -DSHA256_ASM -DSHA512_ASM -DSTATIC_LEGACY -DVPAES_ASM -DWHIRLPOOL_ASM -DX25519_ASM -fPIC -pthread -Wa,--noexecstack -Qunused-arguments -g -DANDROID -fdata-sections -ffunction-sections -funwind-tables -fstack-protector-strong -no-canonical-prefixes -D__BIONIC_NO_PAGE_SIZE_MACRO -D_FORTIFY_SOURCE=2 -Wformat -Werror=format-security  -ffile-prefix-map=/home/runner/work/x25-airplay-receiver/x25-airplay-receiver/app/src/main/cpp=. -ffile-prefix-map=/home/runner/work/x25-airplay-receiver/x25-airplay-receiver/app/.cxx/RelWithDebInfo/416841uv/x86_64=. -ffile-prefix-map=/usr/local/lib/android/sdk/ndk/27.0.12077973=. -Qunused-arguments -DOPENSSL_USE_NODELETE -DOPENSSL_PIC -DOPENSSLDIR="\"/usr/local/ssl\"" -DENGINESDIR="\"/usr/local/lib/engines-3\"" -DMODULESDIR="\"/usr/local/lib/ossl-modules\"" -DOPENSSL_BUILDING_OPENSSL -DNDEBUG -D__ANDROID_API__=24 -g -DANDROID -fdata-sections -ffunction-sections -funwind-tables -fstack-protector-strong -no-canonical-prefixes -D__BIONIC_NO_PAGE_SIZE_MACRO -D_FORTIFY_SOURCE=2 -Wformat -Werror=format-security   -ffile-prefix-map=/home/runner/work/x25-airplay-receiver/x25-airplay-receiver/app/src/main/cpp=. -ffile-prefix-map=/home/runner/work/x25-airplay-receiver/x25-airplay-receiver/app/.cxx/RelWithDebInfo/416841uv/x86_64=. -ffile-prefix-map=/usr/local/lib/android/sdk/ndk/27.0.12077973=. -Qunused-arguments -MMD -MF crypto/evp/libcrypto-shlib-e_rc4.d.tmp -c -o crypto/evp/libcrypto-shlib-e_rc4.o crypto/evp/e_rc4.c
C/C++: In file included from /home/runner/work/x25-airplay-receiver/x25-airplay-receiver/app/.cxx/RelWithDebInfo/416841uv/x86_64/<built-in>:399:
C/C++: /home/runner/work/x25-airplay-receiver/x25-airplay-receiver/app/.cxx/RelWithDebInfo/416841uv/x86_64/<command line>:30:9: warning: '__ANDROID_API__' macro redefined [-Wmacro-redefined]
C/C++:    30 | #define __ANDROID_API__ 24
C/C++:       |         ^
C/C++: /home/runner/work/x25-airplay-receiver/x25-airplay-receiver/app/.cxx/RelWithDebInfo/416841uv/x86_64/<built-in>:391:9: note: previous definition is here
C/C++:   391 | #define __ANDROID_API__ __ANDROID_MIN_SDK_VERSION__
C/C++:       |         ^
C/C++: In file included from /home/runner/work/x25-airplay-receiver/x25-airplay-receiver/app/.cxx/RelWithDebInfo/416841uv/x86_64/<built-in>:399:
C/C++: /home/runner/work/x25-airplay-receiver/x25-airplay-receiver/app/.cxx/RelWithDebInfo/416841uv/x86_64/<command line>:30:9: warning: '__ANDROID_API__' macro redefined [-Wmacro-redefined]
C/C++:    30 | #define __ANDROID_API__ 24
C/C++:       |         ^
C/C++: /home/runner/work/x25-airplay-receiver/x25-airplay-receiver/app/.cxx/RelWithDebInfo/416841uv/x86_64/<built-in>:391:9: note: previous definition is here
C/C++:   391 | #define __ANDROID_API__ __ANDROID_MIN_SDK_VERSION__
C/C++:       |         ^
C/C++: 1 warning generated.
C/C++: In file included from /home/runner/work/x25-airplay-receiver/x25-airplay-receiver/app/.cxx/RelWithDebInfo/416841uv/x86_64/<built-in>:399:
C/C++: /home/runner/work/x25-airplay-receiver/x25-airplay-receiver/app/.cxx/RelWithDebInfo/416841uv/x86_64/<command line>:30:9: warning: '__ANDROID_API__' macro redefined [-Wmacro-redefined]
C/C++:    30 | #define __ANDROID_API__ 24
C/C++:       |         ^
C/C++: /home/runner/work/x25-airplay-receiver/x25-airplay-receiver/app/.cxx/RelWithDebInfo/416841uv/x86_64/<built-in>:391:9: note: previous definition is here
C/C++:   391 | #define __ANDROID_API__ __ANDROID_MIN_SDK_VERSION__
C/C++:       |         ^
C/C++: 1 warning generated.
C/C++: In file included from /home/runner/work/x25-airplay-receiver/x25-airplay-receiver/app/.cxx/RelWithDebInfo/416841uv/x86_64/<built-in>:399:
C/C++: /home/runner/work/x25-airplay-receiver/x25-airplay-receiver/app/.cxx/RelWithDebInfo/416841uv/x86_64/<command line>:30:9: warning: '__ANDROID_API__' macro redefined [-Wmacro-redefined]
C/C++:    30 | #define __ANDROID_API__ 24
C/C++:       |         ^
C/C++: /home/runner/work/x25-airplay-receiver/x25-airplay-receiver/app/.cxx/RelWithDebInfo/416841uv/x86_64/<built-in>:391:9: note: previous definition is here
C/C++:   391 | #define __ANDROx86_64-linux-android24-clang  -I. -Iinclude -Iproviders/common/include -Iproviders/implementations/include  -DAES_ASM -DBSAES_ASM -DECP_NISTZ256_ASM -DGHASH_ASM -DKECCAK1600_ASM -DMD5_ASM -DOPENSSL_BN_ASM_GF2m -DOPENSSL_BN_ASM_MONT -DOPENSSL_BN_ASM_MONT5 -DOPENSSL_CPUID_OBJ -DOPENSSL_IA32_SSE2 -DPOLY1305_ASM -DSHA1_ASM -DSHA256_ASM -DSHA512_ASM -DSTATIC_LEGACY -DVPAES_ASM -DWHIRLPOOL_ASM -DX25519_ASM -fPIC -pthread -Wa,--noexecstack -Qunused-arguments -g -DANDROID -fdata-sections -ffunction-sections -funwind-tables -fstack-protector-strong -no-canonical-prefixes -D__BIONIC_NO_PAGE_SIZE_MACRO -D_FORTIFY_SOURCE=2 -Wformat -Werror=format-security  -ffile-prefix-map=/home/runner/work/x25-airplay-receiver/x25-airplay-receiver/app/src/main/cpp=. -ffile-prefix-map=/home/runner/work/x25-airplay-receiver/x25-airplay-receiver/app/.cxx/RelWithDebInfo/416841uv/x86_64=. -ffile-prefix-map=/usr/local/lib/android/sdk/ndk/27.0.12077973=. -Qunused-arguments -DOPENSSL_USE_NODELETE -DOPENSSL_PIC -DOPENSSLDIR="\"/usr/local/ssl\"" -DENGINESDIR="\"/usr/local/lib/engines-3\"" -DMODULESDIR="\"/usr/local/lib/ossl-modules\"" -DOPENSSL_BUILDING_OPENSSL -DNDEBUG -D__ANDROID_API__=24 -g -DANDROID -fdata-sections -ffunction-sections -funwind-tables -fstack-protector-strong -no-canonical-prefixes -D__BIONIC_NO_PAGE_SIZE_MACRO -D_FORTIFY_SOURCE=2 -Wformat -Werror=format-security   -ffile-prefix-map=/home/runner/work/x25-airplay-receiver/x25-airplay-receiver/app/src/main/cpp=. -ffile-prefix-map=/home/runner/work/x25-airplay-receiver/x25-airplay-receiver/app/.cxx/RelWithDebInfo/416841uv/x86_64=. -ffile-prefix-map=/usr/local/lib/android/sdk/ndk/27.0.12077973=. -Qunused-arguments -MMD -MF crypto/evp/libcrypto-shlib-e_seed.d.tmp -c -o crypto/evp/libcrypto-shlib-e_seed.o crypto/evp/e_seed.c
C/C++: ID_API__ __ANDROID_MIN_SDK_VERSION__
C/C++:       |         ^
C/C++: 1 warning generated.
C/C++: In file included from /home/runner/work/x25-airplay-receiver/x25-airplay-receiver/app/.cxx/RelWithDebInfo/416841uv/x86_64/<built-in>:399:
C/C++: /home/runner/work/x25-airplay-receiver/x25-airplay-receiver/app/.cxx/RelWithDebInfo/416841uv/x86_64/<command line>:30:9: warning: '__ANDROID_API__' macro redefined [-Wmacro-redefined]
C/C++:    30 | #define __ANDROID_API__ 24
C/C++:       |         ^
C/C++: /home/runner/work/x25-airplay-receiver/x25-airplay-receiver/app/.cxx/RelWithDebInfo/416841uv/x86_64/<built-in>:391:9: note: previous definition is here
C/C++:   391 | #define __ANDROID_API__ __ANDROID_MIN_SDK_VERSION__
C/C++:       |         ^
C/C++: In file included from /home/runner/work/x25-airplay-receiver/x25-airplay-receiver/app/.cxx/RelWithDebInfo/416841uv/x86_64/<built-in>:399:
C/C++: /home/runner/work/x25-airplay-receiver/x25-airplay-receiver/app/.cxx/RelWithDebInfo/416841uv/x86_64/<command line>:30:9: warning: '__ANDROID_API__' macro redefined [-Wmacro-redefined]
C/C++:    30 | #define __ANDROID_API__ 24
C/C++:       |         ^
C/C++: /home/runner/work/x25-airplay-receiver/x25-airplay-receiver/app/.cxx/RelWithDebInfo/416841uv/x86_64/<built-in>:391:9: note: previous definition is here
C/C++:   391 | #define __ANDROID_API__ __ANDROID_MIN_SDK_VERSION__
C/C++:       |         ^
C/C++: 1 warning generated.
C/C++: In file included from /home/runner/work/x25-airplay-receiver/x25-airplay-receiver/app/.cxx/RelWithDebInfo/416841uv/x86_64/<built-in>:399:
C/C++: /home/runner/work/x25-airplay-receiver/x25-airplay-receiver/app/.cxx/RelWithDebInfo/416841uv/x86_64/<command line>:30:9: warning: '__ANDROID_API__' macro redefined [-Wmacro-redefined]
C/C++:    30 | #define __ANDROID_API__ 24
C/C++:       |         ^
C/C++: /home/runner/work/x25-airplay-receiver/x25-airplay-receiver/app/.cxx/RelWithDebInfo/416841uv/x86_64/<built-in>:391:9: note: previous definition is here
C/C++:   391 | #define __ANDROID_API__ __ANDROID_MIN_SDK_VERSION__
C/C++:       |         ^
C/C++: In file included from /home/runner/work/x25-airplay-receiver/x25-airplay-receiver/app/.cxx/RelWithDebInfo/416841uv/x86_64/<built-in>:399:
C/C++: /home/runner/work/x25-airplay-receiver/x25-airplay-receiver/app/.cxx/RelWithDebInfo/416841uv/x86_64/<command line>:30:9: warning: '__ANDROID_API__' macro redefined [-Wmacro-redefined]
C/C++:    30 | #define __ANDROID_API__ 24
C/C++:       |         ^
C/C++: /home/runner/work/x25-airplay-receiver/x25-airplay-receiver/app/.cxx/RelWithDebInfo/416841uv/x86_64/<built-in>:391:9: note: previous definition is here
C/C++:   391 | #define __ANDROID_API__ __ANDROID_MIN_SDK_VERSION__
C/C++:       |         ^
C/C++: 1 warning generated.
C/C++: In file included from /home/runner/work/x25-airplay-receiver/x25-airplay-receiver/app/.cxx/RelWithDebInfo/416841uv/x86_64/<built-in>:399:
C/C++: /home/runner/work/x25-airplay-receiver/x25-airplay-receiver/app/.cxx/RelWithDebInfo/416841uv/x86_64/<command line>:30:9: warning: '__ANDROID_API__' macro redefined [-Wmacro-redefined]
C/C++:    30 | #define __ANDROID_API__ 24
C/C++:       |         ^
C/C++: /home/runner/work/x25-airplay-receiver/x25-airplay-receiver/app/.cxx/RelWithDebInfo/416841uv/x86_64/<built-in>:391:9: note: previous definition is here
C/C++:   391 | #define __ANDROID_API__ __ANDROID_MIN_SDK_VERSION__
C/C++:       |         ^
C/C++: 1 warning generated.
C/C++: In file included from /home/runner/work/x25-airplay-receiver/x25-airplay-receiver/app/.cxx/RelWithDebInfo/416841uv/x86_64/<built-in>:399:
C/C++: /home/runner/work/x25-airplay-receiver/x25-airplay-receiver/app/.cxx/RelWithDebInfo/416841uv/x86_64/<command line>:30:9: warning: '__ANDROID_API__' macro redefined [-Wmacro-redefined]
C/C++:    30 | #define __ANDROID_API__ 24
C/C++:       |         ^
C/C++: /home/runner/work/x25-airplay-receiver/x25-airplay-receiver/app/.cxx/RelWithDebInfo/416841uv/x86_64/<built-in>:391:9: note: previous definition is here
C/C++:   391 | #define __ANDROID_API__ __ANDROID_MIN_SDK_VERSION__
C/C++:       |         ^
C/C++: x86_64-linux-android24-clang  -I. -Iinclude -Iproviders/common/include -Iproviders/implementations/include  -DAES_ASM -DBSAES_ASM -DECP_NISTZ256_ASM -DGHASH_ASM -DKECCAK1600_ASM -DMD5_ASM -DOPENSSL_BN_ASM_GF2m -DOPENSSL_BN_ASM_MONT -DOPENSSL_BN_ASM_MONT5 -DOPENSSL_CPUID_OBJ -DOPENSSL_IA32_SSE2 -DPOLY1305_ASM -DSHA1_ASM -DSHA256_ASM -DSHA512_ASM -DSTATIC_LEGACY -DVPAES_ASM -DWHIRLPOOL_ASM -DX25519_ASM -fPIC -pthread -Wa,--noexecstack -Qunused-arguments -g -DANDROID -fdata-sections -ffunction-sections -funwind-tables -fstack-protector-strong -no-canonical-prefixes -D__BIONIC_NO_PAGE_SIZE_MACRO -D_FORTIFY_SOURCE=2 -Wformat -Werror=format-security  -ffile-prefix-map=/home/runner/work/x25-airplay-receiver/x25-airplay-receiver/app/src/main/cpp=. -ffile-prefix-map=/home/runner/work/x25-airplay-receiver/x25-airplay-receiver/app/.cxx/RelWithDebInfo/416841uv/x86_64=. -ffile-prefix-map=/usr/local/lib/android/sdk/ndk/27.0.12077973=. -Qunused-arguments -DOPENSSL_USE_NODELETE -DOPENSSL_PIC -DOPENSSLDIR="\"/usr/local/ssl\"" -DENGINESDIR="\"/usr/local/lib/engines-3\"" -DMODULESDIR="\"/usr/local/lib/ossl-modules\"" -DOPENSSL_BUILDING_OPENSSL -DNDEBUG -D__ANDROID_API__=24 -g -DANDROID -fdata-sections -ffunction-sections -funwind-tables -fstack-protector-strong -no-canonical-prefixes -D__BIONIC_NO_PAGE_SIZE_MACRO -D_FORTIFY_SOURCE=2 -Wformat -Werror=format-security   -ffile-prefix-map=/home/runner/work/x25-airplay-receiver/x25-airplay-receiver/app/src/main/cpp=. -ffile-prefix-map=/home/runner/work/x25-airplay-receiver/x25-airplay-receiver/app/.cxx/RelWithDebInfo/416841uv/x86_64=. -ffile-prefix-map=/usr/local/lib/android/sdk/ndk/27.0.12077973=. -Qunused-arguments -MMD -MF crypto/evp/libcrypto-shlib-evp_cnf.d.tmp -c -o crypto/evp/libcrypto-shlib-evp_cnf.o crypto/evp/evp_cnf.c
C/C++: In file included from /home/runner/work/x25-airplay-receiver/x25-airplay-receiver/app/.cxx/RelWithDebInfo/416841uv/x86_64/<built-in>:399:
C/C++: /home/runner/work/x25-airplay-receiver/x25-airplay-receiver/app/.cxx/RelWithDebInfo/416841uv/x86_64/<command line>:30:9: warning: '__ANDROID_API__' macro redefined [-Wmacro-redefined]
C/C++:    30 | #define __ANDROID_API__ 24
C/C++:       |         ^
C/C++: /home/runner/work/x25-airplay-receiver/x25-airplay-receiver/app/.cxx/RelWithDebInfo/416841uv/x86_64/<built-in>:391:9: note: previous definition is here
C/C++:   391 | #define __ANDROID_API__ __ANDROID_MIN_SDK_VERSION__
C/C++:       |         ^
C/C++: 1 warning generated.
C/C++: In file included from /home/runner/work/x25-airplay-receiver/x25-airplay-receiver/app/.cxx/RelWithDebInfo/416841uv/x86_64/<built-in>:399:
C/C++: /home/runner/work/x25-airplay-receiver/x25-airplay-receiver/app/.cxx/RelWithDebInfo/416841uv/x86_64/<command line>:30:9: warning: '__ANDROID_API__' macro redefined [-Wmacro-redefined]
C/C++:    30 | #define __ANDROID_API__ 24
C/C++:       |         ^
C/C++: /home/runner/work/x25-airplay-receiver/x25-airplay-receiver/app/.cxx/RelWithDebInfo/416841uv/x86_64/<built-in>:391:9: note: previous definition is here
C/C++:   391 | #define __ANDROID_API__ __ANDROID_MIN_SDK_VERSION__
C/C++:       |         ^
C/C++: 1 warning generated.
C/C++: In file included from /home/runner/work/x25-airplay-receiver/x25-airplay-receiver/app/.cxx/RelWithDebInfo/416841uv/x86_64/<built-in>:399:
C/C++: /home/runner/work/x25-airplay-receiver/x25-airplay-receiver/app/.cxx/RelWithDebInfo/416841uv/x86_64/<command line>:30:9: warning: '__ANDROID_API__' macro redefined [-Wmacro-redefined]
C/C++:    30 | #define __ANDROID_API__ 24
C/C++:       |         ^
C/C++: /home/runner/work/x25-airplay-receiver/x25-airplay-receiver/app/.cxx/RelWithDebInfo/416841uv/x86_64/<built-in>:391:9: note: previous definition is here
C/C++:   391 | #define __ANDROID_API__ __ANDROID_MIN_SDK_VERSION__
C/C++:       |         ^
C/C++: 1 warning generated.
C/C++: In file included from /home/runner/work/x25-airplay-receiver/x25-airplay-receiver/app/.cxx/RelWithDebInfo/416841uv/x86_64/<built-in>:399:
C/C++: /home/runner/work/x25-airplay-receiver/x25-airplay-receiver/app/.cxx/RelWithDebInfo/416841uv/x86_64/<command line>:30:9: warning: '__ANDROID_API__' macro redefined [-Wmacro-redefined]
C/C++:    30 | #define __ANDROID_API__ 24
C/C++:       |         ^
C/C++: /home/runner/work/x25-airplay-receiver/x25-airplay-receiver/app/.cxx/RelWithDebInfo/416841uv/x86_64/<built-in>:391:9: note: previous definition is here
C/C++:   391 | #define __ANDROID_API__ __ANDROID_MIN_SDK_VERSION__
C/C++:       |         ^
C/C++: x86_64-linux-android24-clang  -I. -Iinclude -Iproviders/common/include -Iproviders/implementations/include  -DAES_ASM -DBSAES_ASM -DECP_NISTZ256_ASM -DGHASH_ASM -DKECCAK1600_ASM -DMD5_ASM -DOPENSSL_BN_ASM_GF2m -DOPENSSL_BN_ASM_MONT -DOPENSSL_BN_ASM_MONT5 -DOPENSSL_CPUID_OBJ -DOPENSSL_IA32_SSE2 -DPOLY1305_ASM -DSHA1_ASM -DSHA256_ASM -DSHA512_ASM -DSTATIC_LEGACY -DVPAES_ASM -DWHIRLPOOL_ASM -DX25519_ASM -fPIC -pthread -Wa,--noexecstack -Qunused-arguments -g -DANDROID -fdata-sections -ffunction-sections -funwind-tables -fstack-protector-strong -no-canonical-prefixes -D__BIONIC_NO_PAGE_SIZE_MACRO -D_FORTIFY_SOURCE=2 -Wformat -Werror=format-security  -ffile-prefix-map=/home/runner/work/x25-airplay-receiver/x25-airplay-receiver/app/src/main/cpp=. -ffile-prefix-map=/home/runner/work/x25-airplay-receiver/x25-airplay-receiver/app/.cxx/RelWithDebInfo/416841uv/x86_64=. -ffile-prefix-map=/usr/local/lib/android/sdk/ndk/27.0.12077973=. -Qunused-arguments -DOPENSSL_USE_NODELETE -DOPENSSL_PIC -DOPENSSLDIR="\"/usr/local/ssl\"" -DENGINESDIR="\"/usr/local/lib/engines-3\"" -DMODULESDIR="\"/usr/local/lib/ossl-modules\"" -DOPENSSL_BUILDING_OPENSSL -DNDEBUG -D__ANDROID_API__=24 -g -DANDROID -fdata-sections -ffunction-sections -funwind-tables -fstack-protector-strong -no-canonical-prefixes -D__BIONIC_NO_PAGE_SIZE_MACRO -D_FORTIFY_SOURCE=2 -Wformat -Werror=format-security   -ffile-prefix-map=/home/runner/work/x25-airplay-receiver/x25-airplay-receiver/app/src/main/cpp=. -ffile-prefix-map=/home/runner/work/x25-airplay-receiver/x25-airplay-receiver/app/.cxx/RelWithDebInfo/416841uv/x86_64=. -ffile-prefix-map=/usr/local/lib/android/sdk/ndk/27.0.12077973=. -Qunused-arguments -MMD -MF crypto/evp/libcrypto-shlib-evp_key.d.tmp -c -o crypto/evp/libcrypto-shlib-evp_key.o crypto/evp/evp_key.c
C/C++: 1 warning generated.
C/C++: In file included from /home/runner/work/x25-airplay-receiver/x25-airplay-receiver/app/.cxx/RelWithDebInfo/416841uv/x86_64/<built-in>:399:
C/C++: /home/runner/work/x25-airplay-receiver/x25-airplay-receiver/app/.cxx/RelWithDebInfo/416841uv/x86_64/<command line>:30:9: warning: '__ANDROID_API__' macro redefined [-Wmacro-redefined]
C/C++:    30 | #define __ANDROID_API__ 24
C/C++:       |         ^
C/C++: /home/runner/work/x25-airplay-receiver/x25-airplay-receiver/app/.cxx/RelWithDebInfo/416841uv/x86_64/<built-in>:391:9: note: previous definition is here
C/C++:   391 | #define __ANDROID_API__ __ANDROID_MIN_SDK_VERSION__
C/C++:       |         ^
C/C++: In file included from /home/runner/work/x25-airplay-receiver/x25-airplay-receiver/app/.cxx/RelWithDebInfo/416841uv/x86_64/<built-in>:399:
C/C++: /home/runner/work/x25-airplay-receiver/x25-airplay-receiver/app/.cxx/RelWithDebInfo/416841uv/x86_64/<command line>:30:9: warning: '__ANDROID_API__' macro redefined [-Wmacro-redefined]
C/C++:    30 | #define __ANDROID_API__ 24
C/C++:       |         ^
C/C++: /home/runner/work/x25-airplay-receiver/x25-airplay-receiver/app/.cxx/RelWithDebInfo/416841uv/x86_64/<built-in>:391:9: note: previous definition is here
C/C++:   391 | #define __ANDROID_API__ __ANDROID_MIN_SDK_VERSION__
C/C++:       |         ^
C/C++: 1 warning generated.
C/C++: In file included from /home/runner/work/x25-airplay-receiver/x25-airplay-receiver/app/.cxx/RelWithDebInfo/416841uv/x86_64/<built-in>:399:
C/C++: /home/runner/work/x25-airplay-receiver/x25-airplay-receiver/app/.cxx/RelWithDebInfo/416841uv/x86_64/<command line>:30:9: warning: '__ANDROID_API__' macro redefined [-Wmacro-redefined]
C/C++:    30 | #define __ANDROID_API__ 24
C/C++:       |         ^
C/C++: /home/runner/work/x25-airplay-receiver/x25-airplay-receiver/app/.cxx/RelWithDebInfo/416841uv/x86_64/<built-in>:391:9: note: previous definition is here
C/C++:   391 | #define __ANDROID_API__ __ANDROID_MIN_SDK_VERSION__
C/C++:       |         ^
C/C++: x86_64-linux-android24-clang  -I. -Iinclude -Iproviders/common/include -Iproviders/implementations/include  -DAES_ASM -DBSAES_ASM -DECP_NISTZ256_ASM -DGHASH_ASM -DKECCAK1600_ASM -DMD5_ASM -DOPENSSL_BN_ASM_GF2m -DOPENSSL_BN_ASM_MONT -DOPENSSL_BN_ASM_MONT5 -DOPENSSL_CPUID_OBJ -DOPENSSL_IA32_SSE2 -DPOLY1305_ASM -DSHA1_ASM -DSHA256_ASM -DSHA512_ASM -DSTATIC_LEGACY -DVPAES_ASM -DWHIRLPOOL_ASM -DX25519_ASM -fPIC -pthread -Wa,--noexecstack -Qunused-arguments -g -DANDROID -fdata-sections -ffunction-sections -funwind-tables -fstack-protector-strong -no-canonical-prefixes -D__BIONIC_NO_PAGE_SIZE_MACRO -D_FORTIFY_SOURCE=2 -Wformat -Werror=format-security  -ffile-prefix-map=/home/runner/work/x25-airplay-receiver/x25-airplay-receiver/app/src/main/cpp=. -ffile-prefix-map=/home/runner/work/x25-airplay-receiver/x25-airplay-receiver/app/.cxx/RelWithDebInfo/416841uv/x86_64=. -ffile-prefix-map=/usr/local/lib/android/sdk/ndk/27.0.12077973=. -Qunused-arguments -DOPENSSL_USE_NODELETE -DOPENSSL_PIC -DOPENSSLDIR="\"/usr/local/ssl\"" -DENGINESDIR="\"/usr/local/lib/engines-3\"" -DMODULESDIR="\"/usr/local/lib/ossl-modules\"" -DOPENSSL_BUILDING_OPENSSL -DNDEBUG -D__ANDROID_API__=24 -g -DANDROID -fdata-sections -ffunction-sections -funwind-tables -fstack-protector-strong -no-canonical-prefixes -D__BIONIC_NO_PAGE_SIZE_MACRO -D_FORTIFY_SOURCE=2 -Wformat -Werror=format-security   -ffile-prefix-map=/home/runner/work/x25-airplay-receiver/x25-airplay-receiver/app/src/main/cpp=. -ffile-prefix-map=/home/runner/work/x25-airplay-receiver/x25-airplay-receiver/app/.cxx/RelWithDebInfo/416841uv/x86_64=. -ffile-prefix-map=/usr/local/lib/android/sdk/ndk/27.0.12077973=. -Qunused-arguments -MMD -MF crypto/evp/libcrypto-shlib-evp_rand.d.tmp -c -o crypto/evp/libcrypto-shlib-evp_rand.o crypto/evp/evp_rand.c
C/C++: In file included from /home/runner/work/x25-airplay-receiver/x25-airplay-receiver/app/.cxx/RelWithDebInfo/416841uv/x86_64/<built-in>:399:
C/C++: /home/runner/work/x25-airplay-receiver/x25-airplay-receiver/app/.cxx/RelWithDebInfo/416841uv/x86_64/<command line>:30:9: warning: '__ANDROID_API__' macro redefined [-Wmacro-redefined]
C/C++:    30 | #define __ANDROID_API__ 24
C/C++:       |         ^
C/C++: /home/runner/work/x25-airplay-receiver/x25-airplay-receiver/app/.cxx/RelWithDebInfo/416841uv/x86_64/<built-in>:391:9: note: previous definition is here
C/C++:   391 | #define __ANDROID_API__ __ANDROID_MIN_SDK_VERSION__
C/C++:       |         ^
C/C++: In file included from /home/runner/work/x25-airplay-receiver/x25-airplay-receiver/app/.cxx/RelWithDebInfo/416841uv/x86_64/<built-in>:399:
C/C++: /home/runner/work/x25-airplay-receiver/x25-airplay-receiver/app/.cxx/RelWithDebInfo/416841uv/x86_64/<command line>:30:9: warning: '__ANDROID_API__' macro redefined [-Wmacro-redefined]
C/C++:    30 | #define __ANDROID_API__ 24
C/C++:       |         ^
C/C++: /home/runner/work/x25-airplay-receiver/x25-airplay-receiver/app/.cxx/RelWithDebInfo/416841uv/x86_64/<built-in>:391:9: note: previous definition is here
C/C++:   391 | #define __ANDROID_API__ __ANDROID_MIN_SDK_VERSION__
C/C++:       |         ^
C/C++: 1 warning generated.
C/C++: In file included from /home/runner/work/x25-airplay-receiver/x25-airplay-receiver/app/.cxx/RelWithDebInfo/416841uv/x86_64/<built-in>:399:
C/C++: /home/runner/work/x25-airplay-receiver/x25-airplay-receiver/app/.cxx/RelWithDebInfo/416841uv/x86_64/<command line>:30:9: warning: '__ANDROID_API__' macro redefined [-Wmacro-redefined]
C/C++:    30 | #define __ANDROID_API__ 24
C/C++:       |         ^
C/C++: /home/runner/work/x25-airplay-receiver/x25-airplay-receiver/app/.cxx/RelWithDebInfo/416841uv/x86_64/<built-in>:391:9: note: previous definition is here
C/C++:   391 | #define __ANDROID_API__ __ANDROID_MIN_SDK_VERSION__
C/C++:       |         ^
C/C++: x86_64-linux-android24-clang  -I. -Iinclude -Iproviders/common/include -Iproviders/implementations/include  -DAES_ASM -DBSAES_ASM -DECP_NISTZ256_ASM -DGHASH_ASM -DKECCAK1600_ASM -DMD5_ASM -DOPENSSL_BN_ASM_GF2m -DOPENSSL_BN_ASM_MONT -DOPENSSL_BN_ASM_MONT5 -DOPENSSL_CPUID_OBJ -DOPENSSL_IA32_SSE2 -DPOLY1305_ASM -DSHA1_ASM -DSHA256_ASM -DSHA512_ASM -DSTATIC_LEGACY -DVPAES_ASM -DWHIRLPOOL_ASM -DX25519_ASM -fPIC -pthread -Wa,--noexecstack -Qunused-arguments -g -DANDROID -fdata-sections -ffunction-sections -funwind-tables -fstack-protector-strong -no-canonical-prefixes -D__BIONIC_NO_PAGE_SIZE_MACRO -D_FORTIFY_SOURCE=2 -Wformat -Werror=format-security  -ffile-prefix-map=/home/runner/work/x25-airplay-receiver/x25-airplay-receiver/app/src/main/cpp=. -ffile-prefix-map=/home/runner/work/x25-airplay-receiver/x25-airplay-receiver/app/.cxx/RelWithDebInfo/416841uv/x86_64=. -ffile-prefix-map=/usr/local/lib/android/sdk/ndk/27.0.12077973=. -Qunused-arguments -DOPENSSL_USE_NODELETE -DOPENSSL_PIC -DOPENSSLDIR="\"/usr/local/ssl\"" -DENGINESDIR="\"/usr/local/lib/engines-3\"" -DMODULESDIR="\"/usr/local/lib/ossl-modules\"" -DOPENSSL_BUILDING_OPENSSL -DNDEBUG -D__ANDROID_API__=24 -g -DANDROID -fdata-sections -ffunction-sections -funwind-tables -fstack-protector-strong -no-canonical-prefixes -D__BIONIC_NO_PAGE_SIZE_MACRO -D_FORTIFY_SOURCE=2 -Wformat -Werror=format-security   -ffile-prefix-map=/home/runner/work/x25-airplay-receiver/x25-airplay-receiver/app/src/main/cpp=. -ffile-prefix-map=/home/runner/work/x25-airplay-receiver/x25-airplay-receiver/app/.cxx/RelWithDebInfo/416841uv/x86_64=. -ffile-prefix-map=/usr/local/lib/android/sdk/ndk/27.0.12077973=. -Qunused-arguments -MMD -MF crypto/evp/libcrypto-shlib-kdf_lib.d.tmp -c -o crypto/evp/libcrypto-shlib-kdf_lib.o crypto/evp/kdf_lib.c
C/C++: 1 warning generated.
C/C++: In file included from /home/runner/work/x25-airplay-receiver/x25-airplay-receiver/app/.cxx/RelWithDebInfo/416841uv/x86_64/<built-in>:399:
C/C++: /home/runner/work/x25-airplay-receiver/x25-airplay-receiver/app/.cxx/RelWithDebInfo/416841uv/x86_64/<command line>:30:9: warning: '__ANDROID_API__' macro redefined [-Wmacro-redefined]
C/C++:    30 | #define __ANDROID_API__ 24
C/C++:       |         ^
C/C++: /home/runner/work/x25-airplay-receiver/x25-airplay-receiver/app/.cxx/RelWithDebInfo/416841uv/x86_64/<built-in>:391:9: note: previous definition is here
C/C++:   391 | #define __ANDROID_API__ __ANDROID_MIN_SDK_VERSION__
C/C++:       |         ^
C/C++: In file included from /home/runner/work/x25-airplay-receiver/x25-airplay-receiver/app/.cxx/RelWithDebInfo/416841uv/x86_64/<built-in>:399:
C/C++: /home/runner/work/x25-airplay-receiver/x25-airplay-receiver/app/.cxx/RelWithDebInfo/416841uv/x86_64/<command line>:30:9: warning: '__ANDROID_API__' macro redefined [-Wmacro-redefined]
C/C++:    30 | #define __ANDROID_API__ 24
C/C++:       |         ^
C/C++: /home/runner/work/x25-airplay-receiver/x25-airplay-receiver/app/.cxx/RelWithDebInfo/416841uv/x86_64/<built-in>:391:9: note: previous definition is here
C/C++:   391 | #define __ANDROID_API__ __ANDROID_MIN_SDK_VERSION__
C/C++:       |         ^
C/C++: x86_64-linux-android24-clang  -I. -Iinclude -Iproviders/common/include -Iproviders/implementations/include  -DAES_ASM -DBSAES_ASM -DECP_NISTZ256_ASM -DGHASH_ASM -DKECCAK1600_ASM -DMD5_ASM -DOPENSSL_BN_ASM_GF2m -DOPENSSL_BN_ASM_MONT -DOPENSSL_BN_ASM_MONT5 -DOPENSSL_CPUID_OBJ -DOPENSSL_IA32_SSE2 -DPOLY1305_ASM -DSHA1_ASM -DSHA256_ASM -DSHA512_ASM -DSTATIC_LEGACY -DVPAES_ASM -DWHIRLPOOL_ASM -DX25519_ASM -fPIC -pthread -Wa,--noexecstack -Qunused-arguments -g -DANDROID -fdata-sections -ffunction-sections -funwind-tables -fstack-protector-strong -no-canonical-prefixes -D__BIONIC_NO_PAGE_SIZE_MACRO -D_FORTIFY_SOURCE=2 -Wformat -Werror=format-security  -ffile-prefix-map=/home/runner/work/x25-airplay-receiver/x25-airplay-receiver/app/src/main/cpp=. -ffile-prefix-map=/home/runner/work/x25-airplay-receiver/x25-airplay-receiver/app/.cxx/RelWithDebInfo/416841uv/x86_64=. -ffile-prefix-map=/usr/local/lib/android/sdk/ndk/27.0.12077973=. -Qunused-arguments -DOPENSSL_USE_NODELETE -DOPENSSL_PIC -DOPENSSLDIR="\"/usr/local/ssl\"" -DENGINESDIR="\"/usr/local/lib/engines-3\"" -DMODULESDIR="\"/usr/local/lib/ossl-modules\"" -DOPENSSL_BUILDING_OPENSSL -DNDEBUG -D__ANDROID_API__=24 -g -DANDROID -fdata-sections -ffunction-sections -funwind-tables -fstack-protector-strong -no-canonical-prefixes -D__BIONIC_NO_PAGE_SIZE_MACRO -D_FORTIFY_SOURCE=2 -Wformat -Werror=format-security   -ffile-prefix-map=/home/runner/work/x25-airplay-receiver/x25-airplay-receiver/app/src/main/cpp=. -ffile-prefix-map=/home/runner/work/x25-airplay-receiver/x25-airplay-receiver/app/.cxx/RelWithDebInfo/416841uv/x86_64=. -ffile-prefix-map=/usr/local/lib/android/sdk/ndk/27.0.12077973=. -Qunused-arguments -MMD -MF crypto/evp/libcrypto-shlib-kdf_meth.d.tmp -c -o crypto/evp/libcrypto-shlib-kdf_meth.o crypto/evp/kdf_meth.c
C/C++: In file included from /home/runner/work/x25-airplay-receiver/x25-airplay-receiver/app/.cxx/RelWithDebInfo/416841uv/x86_64/<built-in>:399:
C/C++: /home/runner/work/x25-airplay-receiver/x25-airplay-receiver/app/.cxx/RelWithDebInfo/416841uv/x86_64/<command line>:30:9: warning: '__ANDROID_API__' macro redefined [-Wmacro-redefined]
C/C++:    30 | #define __ANDROID_API__ 24
C/C++:       |         ^
C/C++: /home/runner/work/x25-airplay-receiver/x25-airplay-receiver/app/.cxx/RelWithDebInfo/416841uv/x86_64/<built-in>:391:9: note: previous definition is here
C/C++:   391 | #define __ANDROID_API__ __ANDROID_MIN_SDK_VERSION__
C/C++:       |         ^
C/C++: 1 warning generated.
C/C++: In file included from /home/runner/work/x25-airplay-receiver/x25-airplay-receiver/app/.cxx/RelWithDebInfo/416841uv/x86_64/<built-in>:399:
C/C++: /home/runner/work/x25-airplay-receiver/x25-airplay-receiver/app/.cxx/RelWithDebInfo/416841uv/x86_64/<command line>:30:9: warning: '__ANDROID_API__' macro redefined [-Wmacro-redefined]
C/C++:    30 | #define __ANDROID_API__ 24
C/C++:       |         ^
C/C++: /home/runner/work/x25-airplay-receiver/x25-airplay-receiver/app/.cxx/RelWithDebInfo/416841uv/x86_64/<built-in>:391:9: note: previous definition is here
C/C++:   391 | #define __ANDROID_API__ __ANDROID_MIN_SDK_VERSION__
C/C++:       |         ^
C/C++: 1 warning generated.
C/C++: In file included from /home/runner/work/x25-airplay-receiver/x25-airplay-receiver/app/.cxx/RelWithDebInfo/416841uv/x86_64/<built-in>:399:
C/C++: /home/runner/work/x25-airplay-receiver/x25-airplay-receiver/app/.cxx/RelWithDebInfo/416841uv/x86_64/<command line>:30:9: warning: '__ANDROID_API__' macro redefined [-Wmacro-redefined]
C/C++:    30 | #define __ANDROID_API__ 24
C/C++:       |         ^
C/C++: /home/runner/work/x25-airplay-receiver/x25-airplay-receiver/app/.cxx/RelWithDebInfo/416841uv/x86_64/<built-in>:391:9: note: previous definition is here
C/C++:   391 | #define __ANDROID_API__ __ANDROID_MIN_SDK_VERSION__
C/C++:       |         ^
C/C++: In file included from /home/runner/work/x25-airplay-receiver/x25-airplay-receiver/app/.cxx/RelWithDebInfo/416841uv/x86_64/<built-in>:399:
C/C++: /home/runner/work/x25-airplay-receiver/x25-airplay-receiver/app/.cxx/RelWithDebInfo/416841uv/x86_64/<command line>:30:9: warning: '__ANDROID_API__' macro redefined [-Wmacro-redefined]
C/C++:    30 | #define __ANDROID_API__ 24
C/C++:       |         ^
C/C++: /home/runner/work/x25-airplay-receiver/x25-airplay-receiver/app/.cxx/RelWithDebInfo/416841uv/x86_64/<built-in>:391:9: note: previous definition is here
C/C++:   391 | #define __ANDROID_API__ __ANDROID_MIN_SDK_VERSION__
C/C++:       |         ^
C/C++: In file included from /home/runner/work/x25-airplay-receiver/x25-airplay-receiver/app/.cxx/RelWithDebInfo/416841uv/x86_64/<built-in>:399:
C/C++: /home/runner/work/x25-airplay-receiver/x25-airplay-receiver/app/.cxx/RelWithDebInfo/416841uv/x86_64/<command line>:30:9: warning: '__ANDROID_API__' macro redefined [-Wmacro-redefined]
C/C++:    30 | #define __ANDROID_API__ 24
C/C++:       |         ^
C/C++: /home/runner/work/x25-airplay-receiver/x25-airplay-receiver/app/.cxx/RelWithDebInfo/416841uv/x86_64/<built-in>:391:9: note: previous definition is here
C/C++:   391 | #define __ANDROID_API__ __ANDROID_MIN_SDK_VERSION__
C/C++:       |         ^
C/C++: 1 warning generated.
C/C++: In file included from /home/runner/work/x25-airplay-receiver/x25-airplay-receiver/app/.cxx/RelWithDebInfo/416841uv/x86_64/<built-in>:399:
C/C++: /home/runner/work/x25-airplay-receiver/x25-airplay-receiver/app/.cxx/RelWithDebInfo/416841uv/x86_64/<command line>:30:9: warning: '__ANDROID_API__' macro redefined [-Wmacro-redefined]
C/C++:    30 | #define __ANDROID_API__ 24
C/C++:       |         ^
C/C++: /home/runner/work/x25-airplay-receiver/x25-airplay-receiver/app/.cxx/RelWithDebInfo/416841uv/x86_64/<built-in>:391:9: note: previous definition is here
C/C++:   391 | #define __ANDROID_API__ __ANDROID_MIN_SDK_VERSION__
C/C++:       |         ^
C/C++: 1 warning generated.
C/C++: In file included from /home/runner/work/x25-airplay-receiver/x25-airplay-receiver/app/.cxx/RelWithDebInfo/416841uv/x86_64/<built-in>:399:
C/C++: /home/runner/work/x25-airplay-receiver/x25-airplay-receiver/app/.cxx/RelWithDebInfo/416841uv/x86_64/<command line>:30:9: warning: '__ANDROID_API__' macro redefined [-Wmacro-redefined]
C/C++:    30 | #define __ANDROID_API__ 24
C/C++:       |         ^
C/C++: /home/runner/work/x25-airplay-receiver/x25-airplay-receiver/app/.cxx/RelWithDebInfo/416841uv/x86_64/<built-in>:391:9: note: previous definition is here
C/C++:   391 | #define __ANDROID_API__ __ANDROID_MIN_SDK_VERSION__
C/C++:       |         ^
C/C++: x86_64-linux-android24-clang  -I. -Iinclude -Iproviders/common/include -Iproviders/implementations/include  -DAES_ASM -DBSAES_ASM -DECP_NISTZ256_ASM -DGHASH_ASM -DKECCAK1600_ASM -DMD5_ASM -DOPENSSL_BN_ASM_GF2m -DOPENSSL_BN_ASM_MONT -DOPENSSL_BN_ASM_MONT5 -DOPENSSL_CPUID_OBJ -DOPENSSL_IA32_SSE2 -DPOLY1305_ASM -DSHA1_ASM -DSHA256_ASM -DSHA512_ASM -DSTATIC_LEGACY -DVPAES_ASM -DWHIRLPOOL_ASM -DX25519_ASM -fPIC -pthread -Wa,--noexecstack -Qunused-arguments -g -DANDROID -fdata-sections -ffunction-sections -funwind-tables -fstack-protector-strong -no-canonical-prefixes -D__BIONIC_NO_PAGE_SIZE_MACRO -D_FORTIFY_SOURCE=2 -Wformat -Werror=format-security  -ffile-prefix-map=/home/runner/work/x25-airplay-receiver/x25-airplay-receiver/app/src/main/cpp=. -ffile-prefix-map=/home/runner/work/x25-airplay-receiver/x25-airplay-receiver/app/.cxx/RelWithDebInfo/416841uv/x86_64=. -ffile-prefix-map=/usr/local/lib/android/sdk/ndk/27.0.12077973=. -Qunused-arguments -DOPENSSL_USE_NODELETE -DOPENSSL_PIC -DOPENSSLDIR="\"/usr/local/ssl\"" -DENGINESDIR="\"/usr/local/lib/engines-3\"" -DMODULESDIR="\"/usr/local/lib/ossl-modules\"" -DOPENSSL_BUILDING_OPENSSL -DNDEBUG -D__ANDROID_API__=24 -g -DANDROID -fdata-sections -ffunction-sections -funwind-tables -fstack-protector-strong -no-canonical-prefixes -D__BIONIC_NO_PAGE_SIZE_MACRO -D_FORTIFY_SOURCE=2 -Wformat -Werror=format-security   -ffile-prefix-map=/home/runner/work/x25-airplay-receiver/x25-airplay-receiver/app/src/main/cpp=. -ffile-prefix-map=/home/runner/work/x25-airplay-receiver/x25-airplay-receiver/app/.cxx/RelWithDebInfo/416841uv/x86_64=. -ffile-prefix-map=/usr/local/lib/android/sdk/ndk/27.0.12077973=. -Qunused-arguments -MMD -MF crypto/evp/libcrypto-shlib-legacy_sha.d.tmp -c -o crypto/evp/libcrypto-shlib-legacy_sha.o crypto/evp/legacy_sha.c
C/C++: In file included from /home/runner/work/x25-airplay-receiver/x25-airplay-receiver/app/.cxx/RelWithDebInfo/416841uv/x86_64/<built-in>:399:
C/C++: /home/runner/work/x25-airplay-receiver/x25-airplay-receiver/app/.cxx/RelWithDebInfo/416841uv/x86_64/<command line>:30:9: warning: '__ANDROID_API__' macro redefined [-Wmacro-redefined]
C/C++:    30 | #define __ANDROID_API__ 24
C/C++:       |         ^
C/C++: /home/runner/work/x25-airplay-receiver/x25-airplay-receiver/app/.cxx/RelWithDebInfo/416841uv/x86_64/<built-in>:391:9: note: previous definition is here
C/C++:   391 | #define __ANDROID_API__ __ANDROID_MIN_SDK_VERSION__
C/C++:       |         ^
C/C++: In file included from /home/runner/work/x25-airplay-receiver/x25-airplay-receiver/app/.cxx/RelWithDebInfo/416841uv/x86_64/<built-in>:399:
C/C++: /home/runner/work/x25-airplay-receiver/x25-airplay-receiver/app/.cxx/RelWithDebInfo/416841uv/x86_64/<command line>:30:9: warning: '__ANDROID_API__' macro redefined [-Wmacro-redefined]
C/C++:    30 | #define __ANDROID_API__ 24
C/C++:       |         ^
C/C++: /home/runner/work/x25-airplay-receiver/x25-airplay-receiver/app/.cxx/RelWithDebInfo/416841uv/x86_64/<built-in>:391:9: note: previous definition is here
C/C++:   391 | #define __ANDROID_API__ __ANDROID_MIN_SDK_VERSION__
C/C++:       |         ^
C/C++: 1 warning generated.
C/C++: In file included from /home/runner/work/x25-airplay-receiver/x25-airplay-receiver/app/.cxx/RelWithDebInfo/416841uv/x86_64/<built-in>:399:
C/C++: /home/runner/work/x25-airplay-receiver/x25-airplay-receiver/app/.cxx/RelWithDebInfo/416841uv/x86_64/<command line>:30:9: warning: '__ANDROID_API__' macro redefined [-Wmacro-redefined]
C/C++:    30 | #define __ANDROID_API__ 24
C/C++:       |         ^
C/C++: /home/runner/work/x25-airplay-receiver/x25-airplay-receiver/app/.cxx/RelWithDebInfo/416841uv/x86_64/<built-in>:391:9: note: previous definition is here
C/C++:   391 | #define __ANDROID_API__ __ANDROID_MIN_SDK_VERSION__
C/C++:       |         ^
C/C++: 1 warning generated.
C/C++: In file included from /home/runner/work/x25-airplay-receiver/x25-airplay-receiver/app/.cxx/RelWithDebInfo/416841uv/x86_64/<built-in>:399:
C/C++: /home/runner/work/x25-airplay-receiver/x25-airplay-receiver/app/.cxx/RelWithDebInfo/416841uv/x86_64/<command line>:30:9: warning: '__ANDROID_API__' macro redefined [-Wmacro-redefined]
C/C++:    30 | #define __ANDROID_API__ 24
C/C++:       |         ^
C/C++: /home/runner/work/x25-airplay-receiver/x25-airplay-receiver/app/.cxx/RelWithDebInfo/416841uv/x86_64/<built-in>:391:9: note: previous definition is here
C/C++:   391 | #define __ANDROID_API__ __ANDROID_MIN_SDK_VERSION__
C/C++:       |         ^
C/C++: 1 warning generated.
C/C++: In file included from /home/runner/work/x25-airplay-receiver/x25-airplay-receiver/app/.cxx/RelWithDebInfo/416841uv/x86_64/<built-in>:399:
C/C++: /home/runner/work/x25-airplay-receiver/x25-airplay-receiver/app/.cxx/RelWithDebInfo/416841uv/x86_64/<command line>:30:9: warning: '__ANDROID_API__' macro redefined [-Wmacro-redefined]
C/C++:    30 | #define __ANDROID_API__ 24
C/C++:       |         ^
C/C++: /home/runner/work/x25-airplay-receiver/x25-airplay-receiver/app/.cxx/RelWithDebInfo/416841uv/x86_64/<built-in>:391:9: note: previous definition is here
C/C++:   391 | #define __ANDROID_API__ __ANDROID_MIN_SDK_VERSION__
C/C++:       |         ^
C/C++: x86_64-linux-android24-clang  -I. -Iinclude -Iproviders/common/include -Iproviders/implementations/include  -DAES_ASM -DBSAES_ASM -DECP_NISTZ256_ASM -DGHASH_ASM -DKECCAK1600_ASM -DMD5_ASM -DOPENSSL_BN_ASM_GF2m -DOPENSSL_BN_ASM_MONT -DOPENSSL_BN_ASM_MONT5 -DOPENSSL_CPUID_OBJ -DOPENSSL_IA32_SSE2 -DPOLY1305_ASM -DSHA1_ASM -DSHA256_ASM -DSHA512_ASM -DSTATIC_LEGACY -DVPAES_ASM -DWHIRLPOOL_ASM -DX25519_ASM -fPIC -pthread -Wa,--noexecstack -Qunused-arguments -g -DANDROID -fdata-sections -ffunction-sections -funwind-tables -fstack-protector-strong -no-canonical-prefixes -D__BIONIC_NO_PAGE_SIZE_MACRO -D_FORTIFY_SOURCE=2 -Wformat -Werror=format-security  -ffile-prefix-map=/home/runner/work/x25-airplay-receiver/x25-airplay-receiver/app/src/main/cpp=. -ffile-prefix-map=/home/runner/work/x25-airplay-receiver/x25-airplay-receiver/app/.cxx/RelWithDebInfo/416841uv/x86_64=. -ffile-prefix-map=/usr/local/lib/android/sdk/ndk/27.0.12077973=. -Qunused-arguments -DOPENSSL_USE_NODELETE -DOPENSSL_PIC -DOPENSSLDIR="\"/usr/local/ssl\"" -DENGINESDIR="\"/usr/local/lib/engines-3\"" -DMODULESDIR="\"/usr/local/lib/ossl-modules\"" -DOPENSSL_BUILDING_OPENSSL -DNDEBUG -D__ANDROID_API__=24 -g -DANDROID -fdata-sections -ffunction-sections -funwind-tables -fstack-protector-strong -no-canonical-prefixes -D__BIONIC_NO_PAGE_SIZE_MACRO -D_FORTIFY_SOURCE=2 -Wformat -Werror=format-security   -ffile-prefix-map=/home/runner/work/x25-airplay-receiver/x25-airplay-receiver/app/src/main/cpp=. -ffile-prefix-map=/home/runner/work/x25-airplay-receiver/x25-airplay-receiver/app/.cxx/RelWithDebInfo/416841uv/x86_64=. -ffile-prefix-map=/usr/local/lib/android/sdk/ndk/27.0.12077973=. -Qunused-arguments -MMD -MF crypto/evp/libcrypto-shlib-mac_lib.d.tmp -c -o crypto/evp/libcrypto-shlib-mac_lib.o crypto/evp/mac_lib.c
C/C++: In file included from /home/runner/work/x25-airplay-receiver/x25-airplay-receiver/app/.cxx/RelWithDebInfo/416841uv/x86_64/<built-in>:399:
C/C++: /home/runner/work/x25-airplay-receiver/x25-airplay-receiver/app/.cxx/RelWithDebInfo/416841uv/x86_64/<command line>:30:9: warning: '__ANDROID_API__' macro redefined [-Wmacro-redefined]
C/C++:    30 | #define __ANDROID_API__ 24
C/C++:       |         ^
C/C++: /home/runner/work/x25-airplay-receiver/x25-airplay-receiver/app/.cxx/RelWithDebInfo/416841uv/x86_64/<built-in>:391:9: note: previous definition is here
C/C++:   391 | #define __ANDROID_API__ __ANDROID_MIN_SDK_VERSION__
C/C++:       |         ^
C/C++: 1 warning generated.
C/C++: In file included from /home/runner/work/x25-airplay-receiver/x25-airplay-receiver/app/.cxx/RelWithDebInfo/416841uv/x86_64/<built-in>:399:
C/C++: /home/runner/work/x25-airplay-receiver/x25-airplay-receiver/app/.cxx/RelWithDebInfo/416841uv/x86_64/<command line>:30:9: warning: '__ANDROID_API__' macro redefined [-Wmacro-redefined]
C/C++:    30 | #define __ANDROID_API__ 24
C/C++:       |         ^
C/C++: /home/runner/work/x25-airplay-receiver/x25-airplay-receiver/app/.cxx/RelWithDebInfo/416841uv/x86_64/<built-in>:391:9: note: previous definition is here
C/C++:   391 | #define __ANDROID_API__ __ANDROID_MIN_SDK_VERSION__
C/C++:       |         ^
C/C++: 1 warning generated.
C/C++: In file included from /home/runner/work/x25-airplay-receiver/x25-airplay-receiver/app/.cxx/RelWithDebInfo/416841uv/x86_64/<built-in>:399:
C/C++: /home/runner/work/x25-airplay-receiver/x25-airplay-receiver/app/.cxx/RelWithDebInfo/416841uv/x86_64/<command line>:30:9: warning: '__ANDROID_API__' macro redefined [-Wmacro-redefined]
C/C++:    30 | #define __ANDROID_API__ 24
C/C++:       |         ^
C/C++: /home/runner/work/x25-airplay-receiver/x25-airplay-receiver/app/.cxx/RelWithDebInfo/416841uv/x86_64/<built-in>:391:9: note: previous definition is here
C/C++:   391 | #define __ANDROID_API__ __ANDROID_MIN_SDK_VERS1ION__
C/C++:       |         ^
C/C++:  warning generated.
C/C++: In file included from /home/runner/work/x25-airplay-receiver/x25-airplay-receiver/app/.cxx/RelWithDebInfo/416841uv/x86_64/<built-in>:399:
C/C++: /home/runner/work/x25-airplay-receiver/x25-airplay-receiver/app/.cxx/RelWithDebInfo/416841uv/x86_64/<command line>:30:9: warning: '__ANDROID_API__' macro redefined [-Wmacro-redefined]
C/C++:    30 | #define __ANDROID_API__ 24
C/C++:       |         ^
C/C++: /home/runner/work/x25-airplay-receiver/x25-airplay-receiver/app/.cxx/RelWithDebInfo/416841uv/x86_64/<built-in>:391:9: note: previous definition is here
C/C++:   391 | #define __ANDROID_API__ __ANDROID_MIN_SDK_VERSION__
C/C++:       |         ^
C/C++: In file included from /home/runner/work/x25-airplay-receiver/x25-airplay-receiver/app/.cxx/RelWithDebInfo/416841uv/x86_64/<built-in>:399:
C/C++: /home/runner/work/x25-airplay-receiver/x25-airplay-receiver/app/.cxx/RelWithDebInfo/416841uv/x86_64/<command line>:30:9: warning: '__ANDROID_API__' macro redefined [-Wmacro-redefined]
C/C++:    30 | #define __ANDROID_API__ 24
C/C++:       |         ^
C/C++: /home/runner/work/x25-airplay-receiver/x25-airplay-receiver/app/.cxx/RelWithDebInfo/416841uv/x86_64/<built-in>:391:9: note: previous definition is here
C/C++:   391 | #define __ANDROID_API__ __ANDROID_MIN_SDK_VERSION__
C/C++:       |         ^
C/C++: 1 warning generated.
C/C++: In file included from /home/runner/work/x25-airplay-receiver/x25-airplay-receiver/app/.cxx/RelWithDebInfo/416841uv/x86_64/<built-in>:399:
C/C++: /home/runner/work/x25-airplay-receiver/x25-airplay-receiver/app/.cxx/RelWithDebInfo/416841uv/x86_64/<command line>:30:9: warning: '__ANDROID_API__' macro redefined [-Wmacro-redefined]
C/C++:    30 | #define __ANDROID_API__ 24
C/C++:       |         ^
C/C++: /home/runner/work/x25-airplay-receiver/x25-airplay-receiver/app/.cxx/RelWithDebInfo/416841uv/x86_64/<built-in>:391:9: note: previous definition is here
C/C++:   391 | #define __ANDROID_API__ __ANDROID_MIN_SDK_VERSION__
C/C++:       |         ^
C/C++: 1 warning generated.
C/C++: In file included from /home/runner/work/x25-airplay-receiver/x25-airplay-receiver/app/.cxx/RelWithDebInfo/416841uv/x86_64/<built-in>:399:
C/C++: /home/runner/work/x25-airplay-receiver/x25-airplay-receiver/app/.cxx/RelWithDebInfo/416841uv/x86_64/<command line>:30:9: warning: '__ANDROID_API__' macro redefined [-Wmacro-redefined]
C/C++:    30 | #define __ANDROID_API__ 24
C/C++:       |         ^
C/C++: /home/runner/work/x25-airplay-receiver/x25-airplay-receiver/app/.cxx/RelWithDebInfo/416841uv/x86_64/<built-in>:391:9: note: previous definition is here
C/C++:   391 | #define __ANDROID_API__ __ANDROID_MIN_SDK_VERSION__
C/C++:       |         ^
C/C++: In file included from /home/runner/work/x25-airplay-receiver/x25-airplay-receiver/app/.cxx/RelWithDebInfo/416841uv/x86_64/<built-in>:399:
C/C++: /home/runner/work/x25-airplay-receiver/x25-airplay-receiver/app/.cxx/RelWithDebInfo/416841uv/x86_64/<command line>:30:9: warning: '__ANDROID_API__' macro redefined [-Wmacro-redefined]
C/C++:    30 | #define __ANDROID_API__ 24
C/C++:       |         ^
C/C++: /home/runner/work/x25-airplay-receiver/x25-airplay-receiver/app/.cxx/RelWithDebInfo/416841uv/x86_64/<built-in>:391:9: note: previous definition is here
C/C++:   391 | #define __ANDROID_API__ __ANDROID_MIN_SDK_VERSION__
C/C++:       |         ^
C/C++: 1 warning generated.
C/C++: In file included from /home/runner/work/x25-airplay-receiver/x25-airplay-receiver/app/.cxx/RelWithDebInfo/416841uv/x86_64/<built-in>:399:
C/C++: /home/runner/work/x25-airplay-receiver/x25-airplay-receiver/app/.cxx/RelWithDebInfo/416841uv/x86_64/<command line>:30:9: warning: '__ANDROID_API__' macro redefined [-Wmacro-redefined]
C/C++:    30 | #define __ANDROID_API__ 24
C/C++:       |         ^
C/C++: /home/runner/work/x25-airplay-receiver/x25-airplay-receiver/app/.cxx/RelWithDebInfo/416841uv/x86_64/<built-in>:391:9: note: previous definition is here
C/C++:   391 | #define __ANDROID_API__ __ANDROID_MIN_SDK_VERSION__
C/C++:       |         ^
C/C++: In file included from /home/runner/work/x25-airplay-receiver/x25-airplay-receiver/app/.cxx/RelWithDebInfo/416841uv/x86_64/<built-in>:399:
C/C++: /home/runner/work/x25-airplay-receiver/x25-airplay-receiver/app/.cxx/RelWithDebInfo/416841uv/x86_64/<command line>:30:9: warning: '__ANDROID_API__' macro redefined [-Wmacro-redefined]
C/C++:    30 | #define __ANDROID_API__ 24
C/C++:       |         ^
C/C++: /home/runner/work/x25-airplay-receiver/x25-airplay-receiver/app/.cxx/RelWithDebInfo/416841uv/x86_64/<built-in>:391:9: note: previous definition is here
C/C++:   391 | #define __ANDROID_API__ __ANDROID_MIN_SDK_VERSION__
C/C++:       |         ^
C/C++: 1 warning generated.
C/C++: In file included from /home/runner/work/x25-airplay-receiver/x25-airplay-receiver/app/.cxx/RelWithDebInfo/416841uv/x86_64/<built-in>:399:
C/C++: /home/runner/work/x25-airplay-receiver/x25-airplay-receiver/app/.cxx/RelWithDebInfo/416841uv/x86_64/<command line>:30:9: warning: '__ANDROID_API__' macro redefined [-Wmacro-redefined]
C/C++:    30 | #define __ANDROID_API__ 24
C/C++:       |         ^
C/C++: /home/runner/work/x25-airplay-receiver/x25-airplay-receiver/app/.cxx/RelWithDebInfo/416841uv/x86_64/<built-in>:391:9: note: previous definition is here
C/C++:   391 | #define __ANDROID_API__ __ANDROID_MIN_SDK_VERSION__
C/C++:       |         ^
C/C++: x86_64-linux-android24-clang  -I. -Iinclude -Iproviders/common/include -Iproviders/implementations/include  -DAES_ASM -DBSAES_ASM -DECP_NISTZ256_ASM -DGHASH_ASM -DKECCAK1600_ASM -DMD5_ASM -DOPENSSL_BN_ASM_GF2m -DOPENSSL_BN_ASM_MONT -DOPENSSL_BN_ASM_MONT5 -DOPENSSL_CPUID_OBJ -DOPENSSL_IA32_SSE2 -DPOLY1305_ASM -DSHA1_ASM -DSHA256_ASM -DSHA512_ASM -DSTATIC_LEGACY -DVPAES_ASM -DWHIRLPOOL_ASM -DX25519_ASM -fPIC -pthread -Wa,--noexecstack -Qunused-arguments -g -DANDROID -fdata-sections -ffunction-sections -funwind-tables -fstack-protector-strong -no-canonical-prefixes -D__BIONIC_NO_PAGE_SIZE_MACRO -D_FORTIFY_SOURCE=2 -Wformat -Werror=format-security  -ffile-prefix-map=/home/runner/work/x25-airplay-receiver/x25-airplay-receiver/app/src/main/cpp=. -ffile-prefix-map=/home/runner/work/x25-airplay-receiver/x25-airplay-receiver/app/.cxx/RelWithDebInfo/416841uv/x86_64=. -ffile-prefix-map=/usr/local/lib/android/sdk/ndk/27.0.12077973=. -Qunused-arguments -DOPENSSL_USE_NODELETE -DOPENSSL_PIC -DOPENSSLDIR="\"/usr/local/ssl\"" -DENGINESDIR="\"/usr/local/lib/engines-3\"" -DMODULESDIR="\"/usr/local/lib/ossl-modules\"" -DOPENSSL_BUILDING_OPENSSL -DNDEBUG -D__ANDROID_API__=24 -g -DANDROID -fdata-sections -ffunction-sections -funwind-tables -fstack-protector-strong -no-canonical-prefixes -D__BIONIC_NO_PAGE_SIZE_MACRO -D_FORTIFY_SOURCE=2 -Wformat -Werror=format-security   -ffile-prefix-map=/home/runner/work/x25-airplay-receiver/x25-airplay-receiver/app/src/main/cpp=. -ffile-prefix-map=/home/runner/work/x25-airplay-receiver/x25-airplay-receiver/app/.cxx/RelWithDebInfo/416841uv/x86_64=. -ffile-prefix-map=/usr/local/lib/android/sdk/ndk/27.0.12077973=. -Qunused-arguments -MMD -MF crypto/evp/libcrypto-shlib-pbe_scrypt.d.tmp -c -o crypto/evp/libcrypto-shlib-pbe_scrypt.o crypto/evp/pbe_scrypt.c
C/C++: 1 warning generated.
C/C++: In file included from /home/runner/work/x25-airplay-receiver/x25-airplay-receiver/app/.cxx/RelWithDebInfo/416841uv/x86_64/<built-in>:399:
C/C++: /home/runner/work/x25-airplay-receiver/x25-airplay-receiver/app/.cxx/RelWithDebInfo/416841uv/x86_64/<command line>:30:9: warning: '__ANDROID_API__' macro redefined [-Wmacro-redefined]
C/C++:    30 | #define __ANDROID_API__ 24
C/C++:       |         ^
C/C++: /home/runner/work/x25-airplay-receiver/x25-airplay-receiver/app/.cxx/RelWithDebInfo/416841uv/x86_64/<built-in>:391:9: note: previous definition is here
C/C++:   391 | #define __ANDROID_API__ __ANDROID_MIN_SDK_VERSION__
C/C++:       |         ^
C/C++: x86_64-linux-android24-clang  -I. -Iinclude -Iproviders/common/include -Iproviders/implementations/include  -DAES_ASM -DBSAES_ASM -DECP_NISTZ256_ASM -DGHASH_ASM -DKECCAK1600_ASM -DMD5_ASM -DOPENSSL_BN_ASM_GF2m -DOPENSSL_BN_ASM_MONT -DOPENSSL_BN_ASM_MONT5 -DOPENSSL_CPUID_OBJ -DOPENSSL_IA32_SSE2 -DPOLY1305_ASM -DSHA1_ASM -DSHA256_ASM -DSHA512_ASM -DSTATIC_LEGACY -DVPAES_ASM -DWHIRLPOOL_ASM -DX25519_ASM -fPIC -pthread -Wa,--noexecstack -Qunused-arguments -g -DANDROID -fdata-sections -ffunction-sections -funwind-tables -fstack-protector-strong -no-canonical-prefixes -D__BIONIC_NO_PAGE_SIZE_MACRO -D_FORTIFY_SOURCE=2 -Wformat -Werror=format-security  -ffile-prefix-map=/home/runner/work/x25-airplay-receiver/x25-airplay-receiver/app/src/main/cpp=. -ffile-prefix-map=/home/runner/work/x25-airplay-receiver/x25-airplay-receiver/app/.cxx/RelWithDebInfo/416841uv/x86_64=. -ffile-prefix-map=/usr/local/lib/android/sdk/ndk/27.0.12077973=. -Qunused-arguments -DOPENSSL_USE_NODELETE -DOPENSSL_PIC -DOPENSSLDIR="\"/usr/local/ssl\"" -DENGINESDIR="\"/usr/local/lib/engines-3\"" -DMODULESDIR="\"/usr/local/lib/ossl-modules\"" -DOPENSSL_BUILDING_OPENSSL -DNDEBUG -D__ANDROID_API__=24 -g -DANDROID -fdata-sections -ffunction-sections -funwind-tables -fstack-protector-strong -no-canonical-prefixes -D__BIONIC_NO_PAGE_SIZE_MACRO -D_FORTIFY_SOURCE=2 -Wformat -Werror=format-security   -ffile-prefix-map=/home/runner/work/x25-airplay-receiver/x25-airplay-receiver/app/src/main/cpp=. -ffile-prefix-map=/home/runner/work/x25-airplay-receiver/x25-airplay-receiver/app/.cxx/RelWithDebInfo/416841uv/x86_64=. -ffile-prefix-map=/usr/local/lib/android/sdk/ndk/27.0.12077973=. -Qunused-arguments -MMD -MF crypto/evp/libcrypto-shlib-pmeth_check.d.tmp -c -o crypto/evp/libcrypto-shlib-pmeth_check.o crypto/evp/pmeth_check.c
C/C++: In file included from /home/runner/work/x25-airplay-receiver/x25-airplay-receiver/app/.cxx/RelWithDebInfo/416841uv/x86_64/<built-in>:399:
C/C++: /home/runner/work/x25-airplay-receiver/x25-airplay-receiver/app/.cxx/RelWithDebInfo/416841uv/x86_64/<command line>:30:9: warning: '__ANDROID_API__' macro redefined [-Wmacro-redefined]
C/C++:    30 | #define __ANDROID_API__ 24
C/C++:       |         ^
C/C++: /home/runner/work/x25-airplay-receiver/x25-airplay-receiver/app/.cxx/RelWithDebInfo/416841uv/x86_64/<built-in>:391:9: note: previous definition is here
C/C++:   391 | #define __ANDROID_API__ __ANDROID_MIN_SDK_VERSION__
C/C++:       |         ^
C/C++: 1 warning generated.
C/C++: In file included from /home/runner/work/x25-airplay-receiver/x25-airplay-receiver/app/.cxx/RelWithDebInfo/416841uv/x86_64/<built-in>:399:
C/C++: /home/runner/work/x25-airplay-receiver/x25-airplay-receiver/app/.cxx/RelWithDebInfo/416841uv/x86_64/<command line>:30:9: warning: '__ANDROID_API__' macro redefined [-Wmacro-redefined]
C/C++:    30 | #define __ANDIn file included from <built-in>:399:
C/C++: /home/runner/work/x25-airplay-receiver/x25-airplay-receiver/app/.cxx/RelWithDebInfo/416841uv/x86_64/<command line>:30:9: warning: '__ANDROID_API__' macro redefined [-Wmacro-redefined]
C/C++: ROID_   30 | #define __ANDROID_API__ 24
C/C++:       |         ^
C/C++: API__ 24
C/C++:       |         ^
C/C++: /home/runner/work/x25-airplay-receiver/x25-airplay-receiver/app/.cxx/RelWithDebInfo/416841uv/x86_64/<built-in><built-in>:391:9: note: previous definition is here
C/C++:   :391:9: note: previous definition is here
C/C++: 391  391 | #define __ANDROID_API__ __ANDROID_MIN_SDK_VERSION__
C/C++:       |         ^
C/C++:  | #define __ANDROID_API__ __ANDROID_MIN_SDK_VERSION__
C/C++:       |         ^
C/C++: In file included from /home/runner/work/x25-airplay-receiver/x25-airplay-receiver/app/.cxx/RelWithDebInfo/416841uv/x86_64/<built-in>:399:
C/C++: /home/runner/work/x25-airplay-receiver/x25-airplay-receiver/app/.cxx/RelWithDebInfo/416841uv/x86_64/<command line>:30:9: warning: '__ANDROID_API__' macro redefined [-Wmacro-redefined]
C/C++:    30 | #define __ANDROID_API__ 24
C/C++:       |         ^
C/C++: /home/runner/work/x25-airplay-receiver/x25-airplay-receiver/app/.cxx/RelWithDebInfo/416841uv/x86_64/<built-in>:391:9: note: previous definition is here
C/C++:   391 | #define __ANDROID_API__ __ANDROID_MIN_SDK_VERSION__
C/C++:       |         ^
C/C++: 1 warning generated.
C/C++: In file included from /home/runner/work/x25-airplay-receiver/x25-airplay-receiver/app/.cxx/RelWithDebInfo/416841uv/x86_64/<built-in>:399:
C/C++: /home/runner/work/x25-airplay-receiver/x25-airplay-receiver/app/.cxx/RelWithDebInfo/416841uv/x86_64/<command line>:30:9: warning: '__ANDROID_API__' macro redefined [-Wmacro-redefined]
C/C++:    30 | #define __ANDROID_API__ 24
C/C++:       |         ^
C/C++: /home/runner/work/x25-airplay-receiver/x25-airplay-receiver/app/.cxx/RelWithDebInfo/416841uv/x86_64/<built-in>:391:9: note: previous definition is here
C/C++:   391 | #define __ANDROID_API__ __ANDROID_MIN_SDK_VERSION__
C/C++:       |         ^
C/C++: 1 warning generated.
C/C++: In file included from /home/runner/work/x25-airplay-receiver/x25-airplay-receiver/app/.cxx/RelWithDebInfo/416841uv/x86_64/<built-in>:399:
C/C++: /home/runner/work/x25-airplay-receiver/x25-airplay-receiver/app/.cxx/RelWithDebInfo/416841uv/x86_64/<command line>:30:9: warning: '__ANDROID_API__' macro redefined [-Wmacro-redefined]
C/C++:    30 | #define __ANDROID_API__ 24
C/C++:       |         ^
C/C++: /home/runner/work/x25-airplay-receiver/x25-airplay-receiver/app/.cxx/RelWithDebInfo/416841uv/x86_64/<built-in>:391:9: note: previous definition is here
C/C++:   391 | #define __ANDROID_API__ __ANDROID_MIN_SDK_VERSION__
C/C++:       |         ^
C/C++: 1 warning generated.
C/C++: In file included from /home/runner/work/x25-airplay-receiver/x25-airplay-receiver/app/.cxx/RelWithDebInfo/416841uv/x86_64/<built-in>:399:
C/C++: /home/runner/work/x25-airplay-receiver/x25-airplay-receiver/app/.cxx/RelWithDebInfo/416841uv/x86_64/<command line>:30:9: warning: '__ANDROID_API__' macro redefined [-Wmacro-redefined]
C/C++:    30 | #define __ANDROID_API__ 24
C/C++:       |         ^
C/C++: /home/runner/work/x25-airplay-receiver/x25-airplay-receiver/app/.cxx/RelWithDebInfo/416841uv/x86_64/<built-in>:391:9: note: previous definition is here
C/C++:   391 | #define __ANDROID_API__ __ANDROID_MIN_SDK_VERSION__
C/C++:       |         ^
C/C++: x86_64-linux-android24-clang  -I. -Iinclude -Iproviders/common/include -Iproviders/implementations/include  -DAES_ASM -DBSAES_ASM -DECP_NISTZ256_ASM -DGHASH_ASM -DKECCAK1600_ASM -DMD5_ASM -DOPENSSL_BN_ASM_GF2m -DOPENSSL_BN_ASM_MONT -DOPENSSL_BN_ASM_MONT5 -DOPENSSL_CPUID_OBJ -DOPENSSL_IA32_SSE2 -DPOLY1305_ASM -DSHA1_ASM -DSHA256_ASM -DSHA512_ASM -DSTATIC_LEGACY -DVPAES_ASM -DWHIRLPOOL_ASM -DX25519_ASM -fPIC -pthread -Wa,--noexecstack -Qunused-arguments -g -DANDROID -fdata-sections -ffunction-sections -funwind-tables -fstack-protector-strong -no-canonical-prefixes -D__BIONIC_NO_PAGE_SIZE_MACRO -D_FORTIFY_SOURCE=2 -Wformat -Werror=format-security  -ffile-prefix-map=/home/runner/work/x25-airplay-receiver/x25-airplay-receiver/app/src/main/cpp=. -ffile-prefix-map=/home/runner/work/x25-airplay-receiver/x25-airplay-receiver/app/.cxx/RelWithDebInfo/416841uv/x86_64=. -ffile-prefix-map=/usr/local/lib/android/sdk/ndk/27.0.12077973=. -Qunused-arguments -DOPENSSL_USE_NODELETE -DOPENSSL_PIC -DOPENSSLDIR="\"/usr/local/ssl\"" -DENGINESDIR="\"/usr/local/lib/engines-3\"" -DMODULESDIR="\"/usr/local/lib/ossl-modules\"" -DOPENSSL_BUILDING_OPENSSL -DNDEBUG -D__ANDROID_API__=24 -g -DANDROID -fdata-sections -ffunction-sections -funwind-tables -fstack-protector-strong -no-canonical-prefixes -D__BIONIC_NO_PAGE_SIZE_MACRO -D_FORTIFY_SOURCE=2 -Wformat -Werror=format-security   -ffile-prefix-map=/home/runner/work/x25-airplay-receiver/x25-airplay-receiver/app/src/main/cpp=. -ffile-prefix-map=/home/runner/work/x25-airplay-receiver/x25-airplay-receiver/app/.cxx/RelWithDebInfo/416841uv/x86_64=. -ffile-prefix-map=/usr/local/lib/android/sdk/ndk/27.0.12077973=. -Qunused-arguments -MMD -MF crypto/ffc/libcrypto-shlib-ffc_key_validate.d.tmp -c -o crypto/ffc/libcrypto-shlib-ffc_key_validate.o crypto/ffc/ffc_key_validate.c
C/C++: In file included from /home/runner/work/x25-airplay-receiver/x25-airplay-receiver/app/.cxx/RelWithDebInfo/416841uv/x86_64/<built-in>:399:
C/C++: /home/runner/work/x25-airplay-receiver/x25-airplay-receiver/app/.cxx/RelWithDebInfo/416841uv/x86_64/<command line>:30:9: warning: '__ANDROID_API__' macro redefined [-Wmacro-redefined]
C/C++:    30 | #define __ANDROID_API__ 24
C/C++:       |         ^
C/C++: /home/runner/work/x25-airplay-receiver/x25-airplay-receiver/app/.cxx/RelWithDebInfo/416841uv/x86_64/<built-in>:391:9: note: previous definition is here
C/C++:   391 | #define __ANDROID_API__ __ANDROID_MIN_SDK_VERSION__
C/C++:       |         ^
C/C++: 1 warning generated.
C/C++: In file included from /home/runner/work/x25-airplay-receiver/x25-airplay-receiver/app/.cxx/RelWithDebInfo/416841uv/x86_64/<built-in>:399:
C/C++: /home/runner/work/x25-airplay-receiver/x25-airplay-receiver/app/.cxx/RelWithDebInfo/416841uv/x86_64/<command line>:30:9: warning: '__ANDROID_API__' macro redefined [-Wmacro-redefined]
C/C++:    30 | #define __ANDROID_API__ 24
C/C++:       |         ^
C/C++: /home/runner/work/x25-airplay-receiver/x25-airplay-receiver/app/.cxx/RelWithDebInfo/416841uv/x86_64/<built-in>:391:9: note: previous definition is here
C/C++:   391 | #define __ANDROID_API__ __ANDROID_MIN_SDK_VERSION__
C/C++:       |         ^
C/C++: In file included from /home/runner/work/x25-airplay-receiver/x25-airplay-receiver/app/.cxx/RelWithDebInfo/416841uv/x86_64/<built-in>:399:
C/C++: /home/runner/work/x25-airplay-receiver/x25-airplay-receiver/app/.cxx/RelWithDebInfo/416841uv/x86_64/<command line>:30:9: warning: '__ANDROID_API__' macro redefined [-Wmacro-redefined]
C/C++:    30 | #define __ANDROID_API__ 24
C/C++:       |         ^
C/C++: /home/runner/work/x25-airplay-receiver/x25-airplay-receiver/app/.cxx/RelWithDebInfo/416841uv/x86_64/<built-in>:391:9: note: previous definition is here
C/C++:   391 | #define __ANDROID_API__ __ANDROID_MIN_SDK_VERSION__
C/C++:       |         ^
C/C++: In file included from /home/runner/work/x25-airplay-receiver/x25-airplay-receiver/app/.cxx/RelWithDebInfo/416841uv/x86_64/<built-in>:399:
C/C++: /home/runner/work/x25-airplay-receiver/x25-airplay-receiver/app/.cxx/RelWithDebInfo/416841uv/x86_64/<command line>:30:9: warning: '__ANDROID_API__' macro redefined [-Wmacro-redefined]
C/C++:    30 | #define __ANDROID_API__ 24
C/C++:       |         ^
C/C++: /home/runner/work/x25-airplay-receiver/x25-airplay-receiver/app/.cxx/RelWithDebInfo/416841uv/x86_64/<built-in>:391:9: note: previous definition is here
C/C++:   391 | #define __ANDROID_API__ __ANDROID_MIN_SDK_VERSION__
C/C++:       |         ^
C/C++: 1 warning generated.
C/C++: In file included from /home/runner/work/x25-airplay-receiver/x25-airplay-receiver/app/.cxx/RelWithDebInfo/416841uv/x86_64/<built-in>:399:
C/C++: /home/runner/work/x25-airplay-receiver/x25-airplay-receiver/app/.cxx/RelWithDebInfo/416841uv/x86_64/<command line>:30:9: warning: '__ANDROID_API__' macro redefined [-Wmacro-redefined]
C/C++:    30 | #define __ANDROID_API__ 24
C/C++:       |         ^
C/C++: /home/runner/work/x25-airplay-receiver/x25-airplay-receiver/app/.cxx/RelWithDebInfo/416841uv/x86_64/<built-in>:391:9: note: previous definition is here
C/C++:   391 | #define __ANDROID_API__ __ANDROID_MIN_SDK_VERSION__
C/C++:       |         ^
C/C++: 1 warning generated.
C/C++: In file included from /home/runner/work/x25-airplay-receiver/x25-airplay-receiver/app/.cxx/RelWithDebInfo/416841uv/x86_64/<built-in>:399:
C/C++: /home/runner/work/x25-airplay-receiver/x25-airplay-receiver/app/.cxx/RelWithDebInfo/416841uv/x86_64/<command line>:30:9: warning: '__ANDROID_API__' macro redefined [-Wmacro-redefined]
C/C++:    30 | #define __ANDROID_API__ 24
C/C++:       |         ^
C/C++: /home/runner/work/x25-airplay-receiver/x25-airplay-receiver/app/.cxx/RelWithDebInfo/416841uv/x86_64/<built-in>:391:9: note: previous definition is here
C/C++:   391 | #define __ANDROID_API__ __ANDROID_MIN_SDK_VERSION__
C/C++:       |         ^
C/C++: x86_64-linux-android24-clang  -I. -Iinclude -Iproviders/common/include -Iproviders/implementations/include  -DAES_ASM -DBSAES_ASM -DECP_NISTZ256_ASM -DGHASH_ASM -DKECCAK1600_ASM -DMD5_ASM -DOPENSSL_BN_ASM_GF2m -DOPENSSL_BN_ASM_MONT -DOPENSSL_BN_ASM_MONT5 -DOPENSSL_CPUID_OBJ -DOPENSSL_IA32_SSE2 -DPOLY1305_ASM -DSHA1_ASM -DSHA256_ASM -DSHA512_ASM -DSTATIC_LEGACY -DVPAES_ASM -DWHIRLPOOL_ASM -DX25519_ASM -fPIC -pthread -Wa,--noexecstack -Qunused-arguments -g -DANDROID -fdata-sections -ffunction-sections -funwind-tables -fstack-protector-strong -no-canonical-prefixes -D__BIONIC_NO_PAGE_SIZE_MACRO -D_FORTIFY_SOURCE=2 -Wformat -Werror=format-security  -ffile-prefix-map=/home/runner/work/x25-airplay-receiver/x25-airplay-receiver/app/src/main/cpp=. -ffile-prefix-map=/home/runner/work/x25-airplay-receiver/x25-airplay-receiver/app/.cxx/RelWithDebInfo/416841uv/x86_64=. -ffile-prefix-map=/usr/local/lib/android/sdk/ndk/27.0.12077973=. -Qunused-arguments -DOPENSSL_USE_NODELETE -DOPENSSL_PIC -DOPENSSLDIR="\"/usr/local/ssl\"" -DENGINESDIR="\"/usr/local/lib/engines-3\"" -DMODULESDIR="\"/usr/local/lib/ossl-modules\"" -DOPENSSL_BUILDING_OPENSSL -DNDEBUG -D__ANDROID_API__=24 -g -DANDROID -fdata-sections -ffunction-sections -funwind-tables -fstack-protector-strong -no-canonical-prefixes -D__BIONIC_NO_PAGE_SIZE_MACRO -D_FORTIFY_SOURCE=2 -Wformat -Werror=format-security   -ffile-prefix-map=/home/runner/work/x25-airplay-receiver/x25-airplay-receiver/app/src/main/cpp=. -ffile-prefix-map=/home/runner/work/x25-airplay-receiver/x25-airplay-receiver/app/.cxx/RelWithDebInfo/416841uv/x86_64=. -ffile-prefix-map=/usr/local/lib/android/sdk/ndk/27.0.12077973=. -Qunused-arguments -MMD -MF crypto/hpke/libcrypto-shlib-hpke_util.d.tmp -c -o crypto/hpke/libcrypto-shlib-hpke_util.o crypto/hpke/hpke_util.c
C/C++: In file included from /home/runner/work/x25-airplay-receiver/x25-airplay-receiver/app/.cxx/RelWithDebInfo/416841uv/x86_64/<built-in>:399:
C/C++: /home/runner/work/x25-airplay-receiver/x25-airplay-receiver/app/.cxx/RelWithDebInfo/416841uv/x86_64/<command line>:30:9: warning: '__ANDROID_API__' macro redefined [-Wmacro-redefined]
C/C++:    30 | #define __ANDROID_API__ 24
C/C++:       |         ^
C/C++: /home/runner/work/x25-airplay-receiver/x25-airplay-receiver/app/.cxx/RelWithDebInfo/416841uv/x86_64/<built-in>:391:9: note: previous definition is here
C/C++:   391 | #define __ANDROID_API__ __ANDROID_MIN_SDK_VERSION__
C/C++:       |         ^
C/C++: In file included from /home/runner/work/x25-airplay-receiver/x25-airplay-receiver/app/.cxx/RelWithDebInfo/416841uv/x86_64/<built-in>:399:
C/C++: /home/runner/work/x25-airplay-receiver/x25-airplay-receiver/app/.cxx/RelWithDebInfo/416841uv/x86_64/<command line>:30:9: warning: '__ANDROID_API__' macro redefined [-Wmacro-redefined]
C/C++:    30 | #define __ANDROID_API__ 24
C/C++:       |         ^
C/C++: /home/runner/work/x25-airplay-receiver/x25-airplay-receiver/app/.cxx/RelWithDebInfo/416841uv/x86_64/<built-in>:391:9: note: previous definition is here
C/C++:   391 | #define __ANDROID_API__ __ANDROID_MIN_SDK_VERSION__
C/C++:       |         ^
C/C++: 1 warning generated.
C/C++: In file included from /home/runner/work/x25-airplay-receiver/x25-airplay-receiver/app/.cxx/RelWithDebInfo/416841uv/x86_64/<built-in>:399:
C/C++: /home/runner/work/x25-airplay-receiver/x25-airplay-receiver/app/.cxx/RelWithDebInfo/416841uv/x86_64/<command line>:30:9: warning: '__ANDROID_API__' macro redefined [-Wmacro-redefined]
C/C++:    30 | #define __ANDROID_API__ 24
C/C++:       |         ^
C/C++: /home/runner/work/x25-airplay-receiver/x25-airplay-receiver/app/.cxx/RelWithDebInfo/416841uv/x86_64/<built-in>:391:9: note: previous definition is here
C/C++:   391 | #define __ANDROID_API__ __ANDROID_MIN_SDK_VERSION__
C/C++:       |         ^
C/C++: 1 warning generated.
C/C++: In file included from /home/runner/work/x25-airplay-receiver/x25-airplay-receiver/app/.cxx/RelWithDebInfo/416841uv/x86_64/<built-in>:399:
C/C++: /home/runner/work/x25-airplay-receiver/x25-airplay-receiver/app/.cxx/RelWithDebInfo/416841uv/x86_64/<command line>:30:9: warning: '__ANDROID_API__' macro redefined [-Wmacro-redefined]
C/C++:    30 | #define __ANDROID_API__ 24
C/C++:       |         ^
C/C++: /home/runner/work/x25-airplay-receiver/x25-airplay-receiver/app/.cxx/RelWithDebInfo/416841uv/x86_64/<built-in>:391:9: note: previous definition is here
C/C++:   391 | #define __ANDROID_API__ __ANDROID_MIN_SDK_VERSION__
C/C++:       |         ^
C/C++: 1 warning generated.
C/C++: In file included from /home/runner/work/x25-airplay-receiver/x25-airplay-receiver/app/.cxx/RelWithDebInfo/416841uv/x86_64/<built-in>:399:
C/C++: /home/runner/work/x25-airplay-receiver/x25-airplay-receiver/app/.cxx/RelWithDebInfo/416841uv/x86_64/<command line>:30:9: warning: '__ANDROID_API__' macro redefined [-Wmacro-redefined]
C/C++:    30 | #define __ANDROID_API__ 24
C/C++:       |         ^
C/C++: /home/runner/work/x25-airplay-receiver/x25-airplay-receiver/app/.cxx/RelWithDebInfo/416841uv/x86_64/<built-in>:391:9: note: previous definition is here
C/C++:   391 | #define __ANDROID_API_1 warning generated.
C/C++: _ __ANDROID_MIN_SDK_VERSION__
C/C++:       |         ^
C/C++: x86_64-linux-android24-clang  -I. -Iinclude -Iproviders/common/include -Iproviders/implementations/include  -DAES_ASM -DBSAES_ASM -DECP_NISTZ256_ASM -DGHASH_ASM -DKECCAK1600_ASM -DMD5_ASM -DOPENSSL_BN_ASM_GF2m -DOPENSSL_BN_ASM_MONT -DOPENSSL_BN_ASM_MONT5 -DOPENSSL_CPUID_OBJ -DOPENSSL_IA32_SSE2 -DPOLY1305_ASM -DSHA1_ASM -DSHA256_ASM -DSHA512_ASM -DSTATIC_LEGACY -DVPAES_ASM -DWHIRLPOOL_ASM -DX25519_ASM -fPIC -pthread -Wa,--noexecstack -Qunused-arguments -g -DANDROID -fdata-sections -ffunction-sections -funwind-tables -fstack-protector-strong -no-canonical-prefixes -D__BIONIC_NO_PAGE_SIZE_MACRO -D_FORTIFY_SOURCE=2 -Wformat -Werror=format-security  -ffile-prefix-map=/home/runner/work/x25-airplay-receiver/x25-airplay-receiver/app/src/main/cpp=. -ffile-prefix-map=/home/runner/work/x25-airplay-receiver/x25-airplay-receiver/app/.cxx/RelWithDebInfo/416841uv/x86_64=. -ffile-prefix-map=/usr/local/lib/android/sdk/ndk/27.0.12077973=. -Qunused-arguments -DOPENSSL_USE_NODELETE -DOPENSSL_PIC -DOPENSSLDIR="\"/usr/local/ssl\"" -DENGINESDIR="\"/usr/local/lib/engines-3\"" -DMODULESDIR="\"/usr/local/lib/ossl-modules\"" -DOPENSSL_BUILDING_OPENSSL -DNDEBUG -D__ANDROID_API__=24 -g -DANDROID -fdata-sections -ffunction-sections -funwind-tables -fstack-protector-strong -no-canonical-prefixes -D__BIONIC_NO_PAGE_SIZE_MACRO -D_FORTIFY_SOURCE=2 -Wformat -Werror=format-security   -ffile-prefix-map=/home/runner/work/x25-airplay-receiver/x25-airplay-receiver/app/src/main/cpp=. -ffile-prefix-map=/home/runner/work/x25-airplay-receiver/x25-airplay-receiver/app/.cxx/RelWithDebInfo/416841uv/x86_64=. -ffile-prefix-map=/usr/local/lib/android/sdk/ndk/27.0.12077973=. -Qunused-arguments -MMD -MF crypto/kdf/libcrypto-shlib-kdf_err.d.tmp -c -o crypto/kdf/libcrypto-shlib-kdf_err.o crypto/kdf/kdf_err.c
C/C++: x86_64-linux-android24-clang  -I. -Iinclude -Iproviders/common/include -Iproviders/implementations/include  -DAES_ASM -DBSAES_ASM -DECP_NISTZ256_ASM -DGHASH_ASM -DKECCAK1600_ASM -DMD5_ASM -DOPENSSL_BN_ASM_GF2m -DOPENSSL_BN_ASM_MONT -DOPENSSL_BN_ASM_MONT5 -DOPENSSL_CPUID_OBJ -DOPENSSL_IA32_SSE2 -DPOLY1305_ASM -DSHA1_ASM -DSHA256_ASM -DSHA512_ASM -DSTATIC_LEGACY -DVPAES_ASM -DWHIRLPOOL_ASM -DX25519_ASM -fPIC -pthread -Wa,--noexecstack -Qunused-arguments -g -DANDROID -fdata-sections -ffunction-sections -funwind-tables -fstack-protector-strong -no-canonical-prefixes -D__BIONIC_NO_PAGE_SIZE_MACRO -D_FORTIFY_SOURCE=2 -Wformat -Werror=format-security  -ffile-prefix-map=/home/runner/work/x25-airplay-receiver/x25-airplay-receiver/app/src/main/cpp=. -ffile-prefix-map=/home/runner/work/x25-airplay-receiver/x25-airplay-receiver/app/.cxx/RelWithDebInfo/416841uv/x86_64=. -ffile-prefix-map=/usr/local/lib/android/sdk/ndk/27.0.12077973=. -Qunused-arguments -DOPENSSL_USE_NODELETE -DOPENSSL_PIC -DOPENSSLDIR="\"/usr/local/ssl\"" -DENGINESDIR="\"/usr/local/lib/engines-3\"" -DMODULESDIR="\"/usr/local/lib/ossl-modules\"" -DOPENSSL_BUILDING_OPENSSL -DNDEBUG -D__ANDROID_API__=24 -g -DANDROID -fdata-sections -ffunction-sections -funwind-tables -fstack-protector-strong -no-canonical-prefixes -D__BIONIC_NO_PAGE_SIZE_MACRO -D_FORTIFY_SOURCE=2 -Wformat -Werror=format-security   -ffile-prefix-map=/home/runner/work/x25-airplay-receiver/x25-airplay-receiver/app/src/main/cpp=. -ffile-prefix-map=/home/runner/work/x25-airplay-receiver/x25-airplay-receiver/app/.cxx/RelWithDebInfo/416841uv/x86_64=. -ffile-prefix-map=/usr/local/lib/android/sdk/ndk/27.0.12077973=. -Qunused-arguments -MMD -MF crypto/lhash/libcrypto-shlib-lh_stats.d.tmp -c -o crypto/lhash/libcrypto-shlib-lh_stats.o crypto/lhash/lh_stats.c
C/C++: 1 warning generated.
C/C++: In file included from In file included from <built-in><built-in>::399399:
C/C++: In file included from /home/runner/work/x25-airplay-receiver/x25-airplay-receiver/app/.cxx/RelWithDebInfo/416841uv/x86_64/<built-in>:399:
C/C++: /home/runner/work/x25-airplay-receiver/x25-airplay-receiver/app/.cxx/RelWithDebInfo/416841uv/x86_64/<command line>:30:9: warning: '__ANDROID_API__' macro redefined [-Wmacro-redefined]
C/C++:    30 | #define __ANDROID_API__ 24
C/C++:       |         ^
C/C++: /home/runner/work/x25-airplay-receiver/x25-airplay-receiver/app/.cxx/RelWithDebInfo/416841uv/x86_64/<built-in>:391:9: note: previous definition is here
C/C++:   391 | #define __ANDROID_API__ __ANDROID_MIN_SDK_VERSION__
C/C++:       |         ^
C/C++: In file included from /home/runner/work/x25-airplay-receiver/x25-airplay-receiver/app/.cxx/RelWithDebInfo/416841uv/x86_64/<built-in>:399:
C/C++: /home/runner/work/x25-airplay-receiver/x25-airplay-receiver/app/.cxx/RelWithDebInfo/416841uv/x86_64/<command line>:30:9: warning: '__ANDROID_API__' macro redefined [-Wmacro-redefined]
C/C++:    301 | # warningde generatedf.
C/C++: ine __ANDROID_API__ 24
C/C++:       |         ^
C/C++: /home/runner/work/x25-airplay-receiver/x25-airplay-receiver/app/.cxx/RelWithDebInfo/416841uv/x86_64/<built-in>:391:9: note: previous definition is here
C/C++:   391 | #define __ANDROID_API__ __ANDROID_MIN_SDK_VERSION__
C/C++:       |         ^
C/C++: 1 warning generated.
C/C++: In file included from /home/runner/work/x25-airplay-receiver/x25-airplay-receiver/app/.cxx/RelWithDebInfo/416841uv/x86_64/<built-in>:399:
C/C++: /home/runner/work/x25-airplay-receiver/x25-airplay-receiver/app/.cxx/RelWithDebInfo/416841uv/x86_64/<command line>:30:9: warning: '__ANDROID_API__' macro redefined [-Wmacro-redefined]
C/C++:    30 | #define __ANDROID_API__ 24
C/C++:       |         ^
C/C++: /home/runner/work/x25-airplay-receiver/x25-airplay-receiver/app/.cxx/RelWithDebInfo/416841uv/x86_64/<built-in>:391:9: note: previous definition is here
C/C++:   391 | #define __ANDROID_API__ __ANDROID_MIN_SDK_VERSION__
C/C++:       |         ^
C/C++: In file included from /home/runner/work/x25-airplay-receiver/x25-airplay-receiver/app/.cxx/RelWithDebInfo/416841uv/x86_64/<built-in>:399:
C/C++: /home/runner/work/x25-airplay-receiver/x25-airplay-receiver/app/.cxx/RelWithDebInfo/416841uv/x86_64/<command line>:30:9: warning: '__ANDROID_API__' macro redefined [-Wmacro-redefined]
C/C++:    30 | #define __ANDROID_API__ 24
C/C++:       |         ^
C/C++: /home/runner/work/x25-airplay-receiver/x25-airplay-receiver/app/.cxx/RelWithDebInfo/416841uv/x86_64/<built-in>:391:9: note: previous definition is here
C/C++:   391 | #define __ANDROID_API__ __ANDROID_MIN_SDK_VERSION__
C/C++:       |         ^
C/C++: 1 warning generated.
C/C++: In file included from /home/runner/work/x25-airplay-receiver/x25-airplay-receiver/app/.cxx/RelWithDebInfo/416841uv/x86_64/<built-in>:399:
C/C++: /home/runner/work/x25-airplay-receiver/x25-airplay-receiver/app/.cxx/RelWithDebInfo/416841uv/x86_64/<command line>:30:9: warning: '__ANDROID_API__' macro redefined [-Wmacro-redefined]
C/C++:    30 | #define __ANDROID_API__ 24
C/C++:       |         ^
C/C++: /home/runner/work/x25-airplay-receiver/x25-airplay-receiver/app/.cxx/RelWithDebInfo/416841uv/x86_64/<built-in>:391:9: note: previous definition is here
C/C++:   391 | #define __ANDROID_API__ __ANDROID_MIN_SDK_VERSION__
C/C++:       |         ^
C/C++: In file included from /home/runner/work/x25-airplay-receiver/x25-airplay-receiver/app/.cxx/RelWithDebInfo/416841uv/x86_64/<built-in>:399:
C/C++: /home/runner/work/x25-airplay-receiver/x25-airplay-receiver/app/.cxx/RelWithDebInfo/416841uv/x86_64/<command line>:30:9: warning: '__ANDROID_API__' macro redefined [-Wmacro-redefined]
C/C++:    30 | #define __ANDROID_API__ 24
C/C++:       |         ^
C/C++: /home/runner/work/x25-airplay-receiver/x25-airplay-receiver/app/.cxx/RelWithDebInfo/416841uv/x86_64/<built-in>:391:9: note: previous definition is here
C/C++:   391 | #define __ANDROID_API__ __ANDROID_MIN_SDK_VERSION__
C/C++:       |         ^
C/C++: 1 warning generated.
C/C++: In file included from /home/runner/work/x25-airplay-receiver/x25-airplay-receiver/app/.cxx/RelWithDebInfo/416841uv/x86_64/<built-in>:399:
C/C++: /home/runner/work/x25-airplay-receiver/x25-airplay-receiver/app/.cxx/RelWithDebInfo/416841uv/x86_64/<command line>:30:9: warning: '__ANDROID_API__' macro redefined [-Wmacro-redefined]
C/C++:    30 | #define __ANDROID_API__ 24
C/C++:       |         ^
C/C++: /home/runner/work/x25-airplay-receiver/x25-airplay-receiver/app/.cxx/RelWithDebInfo/416841uv/x86_64/<built-in>:391:9: note: previous definition is here
C/C++:   391 | #define __ANDROID_API__ __ANDROID_MIN_SDK_VERSION__
C/C++:       |         ^
C/C++: In file included from /home/runner/work/x25-airplay-receiver/x25-airplay-receiver/app/.cxx/RelWithDebInfo/416841uv/x86_64/<built-in>:399:
C/C++: /home/runner/work/x25-airplay-receiver/x25-airplay-receiver/app/.cxx/RelWithDebInfo/416841uv/x86_64/<command line>:30:9: warning: '__ANDROID_API__' macro redefined [-Wmacro-redefined]
C/C++:    30 | #define __ANDROID_API__ 24
C/C++:       |         ^
C/C++: /home/runner/work/x25-airplay-receiver/x25-airplay-receiver/app/.cxx/RelWithDebInfo/416841uv/x86_64/<built-in>:391:9: note: previous definition is here
C/C++:   391 | #define __ANDROID_API__ __ANDROID_MIN_SDK_VERSION__
C/C++:       |         ^
C/C++: 1 warning generated.
C/C++: In file included from /home/runner/work/x25-airplay-receiver/x25-airplay-receiver/app/.cxx/RelWithDebInfo/416841uv/x86_64/<built-in>:399:
C/C++: /home/runner/work/x25-airplay-receiver/x25-airplay-receiver/app/.cxx/RelWithDebInfo/416841uv/x86_64/<built-in>:391:9: note: previous definition is here
C/C++:   391 | #define __ANDROID_API__ __ANDROID_MIN_SDK_VERSION__
C/C++:       |         ^
C/C++: x86_64-linux-android24-clang  -I. -Iinclude -Iproviders/common/include -Iproviders/implementations/include  -DAES_ASM -DBSAES_ASM -DECP_NISTZ256_ASM -DGHASH_ASM -DKECCAK1600_ASM -DMD5_ASM -DOPENSSL_BN_ASM_GF2m -DOPENSSL_BN_ASM_MONT -DOPENSSL_BN_ASM_MONT5 -DOPENSSL_CPUID_OBJ -DOPENSSL_IA32_SSE2 -DPOLY1305_ASM -DSHA1_ASM -DSHA256_ASM -DSHA512_ASM -DSTATIC_LEGACY -DVPAES_ASM -DWHIRLPOOL_ASM -DX25519_ASM -fPIC -pthread -Wa,--noexecstack -Qunused-arguments -g -DANDROID -fdata-sections -ffunction-sections -funwind-tables -fstack-protector-strong -no-canonical-prefixes -D__BIONIC_NO_PAGE_SIZE_MACRO -D_FORTIFY_SOURCE=2 -Wformat -Werror=format-security  -ffile-prefix-map=/home/runner/work/x25-airplay-receiver/x25-airplay-receiver/app/src/main/cpp=. -ffile-prefix-map=/home/runner/work/x25-airplay-receiver/x25-airplay-receiver/app/.cxx/RelWithDebInfo/416841uv/x86_64=. -ffile-prefix-map=/usr/local/lib/android/sdk/ndk/27.0.12077973=. -Qunused-arguments -DOPENSSL_USE_NODELETE -DOPENSSL_PIC -DOPENSSLDIR="\"/usr/local/ssl\"" -DENGINESDIR="\"/usr/local/lib/engines-3\"" -DMODULESDIR="\"/usr/local/lib/ossl-modules\"" -DOPENSSL_BUILDING_OPENSSL -DNDEBUG -D__ANDROID_API__=24 -g -DANDROID -fdata-sections -ffunction-sections -funwind-tables -fstack-protector-strong -no-canonical-prefixes -D__BIONIC_NO_PAGE_SIZE_MACRO -D_FORTIFY_SOURCE=2 -Wformat -Werror=format-security   -ffile-prefix-map=/home/runner/work/x25-airplay-receiver/x25-airplay-receiver/app/src/main/cpp=. -ffile-prefix-map=/home/runner/work/x25-airplay-receiver/x25-airplay-receiver/app/.cxx/RelWithDebInfo/416841uv/x86_64=. -ffile-prefix-map=/usr/local/lib/android/sdk/ndk/27.0.12077973=. -Qunused-arguments -MMD -MF crypto/libcrypto-shlib-cryptlib.d.tmp -c -o crypto/libcrypto-shlib-cryptlib.o crypto/cryptlib.c
C/C++: In file included from /home/runner/work/x25-airplay-receiver/x25-airplay-receiver/app/.cxx/RelWithDebInfo/416841uv/x86_64/<built-in>:399:
C/C++: /home/runner/work/x25-airplay-receiver/x25-airplay-receiver/app/.cxx/RelWithDebInfo/416841uv/x86_64/<command line>:30:9: warning: '__ANDROID_API__' macro redefined [-Wmacro-redefined]
C/C++:    30 | #define __ANDROID_API__ 24
C/C++:       |         ^
C/C++: /home/runner/work/x25-airplay-receiver/x25-airplay-receiver/app/.cxx/RelWithDebInfo/416841uv/x86_64/<built-in>:391:9: note: previous definition is here
C/C++:   391 | #define __ANDROID_API__ __ANDROID_MIN_SDK_VERSION__
C/C++:       |         ^
C/C++: In file included from /home/runner/work/x25-airplay-receiver/x25-airplay-receiver/app/.cxx/RelWithDebInfo/416841uv/x86_64/<built-in>:399:
C/C++: /home/runner/work/x25-airplay-receiver/x25-airplay-receiver/app/.cxx/RelWithDebInfo/416841uv/x86_64/<command line>:30:9: warning: '__ANDROID_API__' macro redefined [-Wmacro-redefined]
C/C++:    30 | #define __ANDROID_API__ 24
C/C++:       |         ^
C/C++: /home/runner/work/x25-airplay-receiver/x25-airplay-receiver/app/.cxx/RelWithDebInfo/416841uv/x86_64/<built-in>:391:9: note: previous definition is here
C/C++:   391 | #define __ANDROID_API__ __ANDROID_MIN_SDK_VERSION__
C/C++:       |         ^
C/C++: 1 warning generated.
C/C++: In file included from /home/runner/work/x25-airplay-receiver/x25-airplay-receiver/app/.cxx/RelWithDebInfo/416841uv/x86_64/<built-in>:399:
C/C++: /home/runner/work/x25-airplay-receiver/x25-airplay-receiver/app/.cxx/RelWithDebInfo/416841uv/x86_64/<command line>:30:9: warning: '__ANDROID_API__' macro redefined [-Wmacro-redefined]
C/C++:    30 | #define __ANDROID_API__ 24
C/C++:       |         ^
C/C++: /home/runner/work/x25-airplay-receiver/x25-airplay-receiver/app/.cxx/RelWithDebInfo/416841uv/x86_64/<built-in>:391:9: note: previous definition is here
C/C++:   391 | #define __ANDROID_API__ __ANDROID_MIN_SDK_VERSION__
C/C++:       |         ^
C/C++: x86_64-linux-android24-clang  -Icrypto -I. -Iinclude -Iproviders/common/include -Iproviders/implementations/include  -DAES_ASM -DBSAES_ASM -DECP_NISTZ256_ASM -DGHASH_ASM -DKECCAK1600_ASM -DMD5_ASM -DOPENSSL_BN_ASM_GF2m -DOPENSSL_BN_ASM_MONT -DOPENSSL_BN_ASM_MONT5 -DOPENSSL_CPUID_OBJ -DOPENSSL_IA32_SSE2 -DPOLY1305_ASM -DSHA1_ASM -DSHA256_ASM -DSHA512_ASM -DSTATIC_LEGACY -DVPAES_ASM -DWHIRLPOOL_ASM -DX25519_ASM -fPIC -pthread -Wa,--noexecstack -Qunused-arguments -g -DANDROID -fdata-sections -ffunction-sections -funwind-tables -fstack-protector-strong -no-canonical-prefixes -D__BIONIC_NO_PAGE_SIZE_MACRO -D_FORTIFY_SOURCE=2 -Wformat -Werror=format-security  -ffile-prefix-map=/home/runner/work/x25-airplay-receiver/x25-airplay-receiver/app/src/main/cpp=. -ffile-prefix-map=/home/runner/work/x25-airplay-receiver/x25-airplay-receiver/app/.cxx/RelWithDebInfo/416841uv/x86_64=. -ffile-prefix-map=/usr/local/lib/android/sdk/ndk/27.0.12077973=. -Qunused-arguments -DOPENSSL_USE_NODELETE -DOPENSSL_PIC -DOPENSSLDIR="\"/usr/local/ssl\"" -DENGINESDIR="\"/usr/local/lib/engines-3\"" -DMODULESDIR="\"/usr/local/lib/ossl-modules\"" -DOPENSSL_BUILDING_OPENSSL -DNDEBUG -D__ANDROID_API__=24 -g -DANDROID -fdata-sections -ffunction-sections -funwind-tables -fstack-protector-strong -no-canonical-prefixes -D__BIONIC_NO_PAGE_SIZE_MACRO -D_FORTIFY_SOURCE=2 -Wformat -Werror=format-security   -ffile-prefix-map=/home/runner/work/x25-airplay-receiver/x25-airplay-receiver/app/src/main/cpp=. -ffile-prefix-map=/home/runner/work/x25-airplay-receiver/x25-airplay-receiver/app/.cxx/RelWithDebInfo/416841uv/x86_64=. -ffile-prefix-map=/usr/local/lib/android/sdk/ndk/27.0.12077973=. -Qunused-arguments -MMD -MF crypto/libcrypto-shlib-cversion.d.tmp -c -o crypto/libcrypto-shlib-cversion.o crypto/cversion.c
C/C++: 1 warning generated.
C/C++: In file included from /home/runner/work/x25-airplay-receiver/x25-airplay-receiver/app/.cxx/RelWithDebInfo/416841uv/x86_64/<built-in>:399:
C/C++: /home/runner/work/x25-airplay-receiver/x25-airplay-receiver/app/.cxx/RelWithDebInfo/416841uv/x86_64/<command line>:30:9: warning: '__ANDROID_API__' macro redefined [-Wmacro-redefined]
C/C++:    30 | #define __ANDROID_API__ 24
C/C++:       |         ^
C/C++: /home/runner/work/x25-airplay-receiver/x25-airplay-receiver/app/.cxx/RelWithDebInfo/416841uv/x86_64/<built-in>:391:9: note: previous definition is here
C/C++:   391 | #define __ANDROID_API__ __ANDROID_MIN_SDK_VERSION__
C/C++:       |         ^
C/C++: x86_64-linux-android24-clang  -I. -Iinclude -Iproviders/common/include -Iproviders/implementations/include  -DAES_ASM -DBSAES_ASM -DECP_NISTZ256_ASM -DGHASH_ASM -DKECCAK1600_ASM -DMD5_ASM -DOPENSSL_BN_ASM_GF2m -DOPENSSL_BN_ASM_MONT -DOPENSSL_BN_ASM_MONT5 -DOPENSSL_CPUID_OBJ -DOPENSSL_IA32_SSE2 -DPOLY1305_ASM -DSHA1_ASM -DSHA256_ASM -DSHA512_ASM -DSTATIC_LEGACY -DVPAES_ASM -DWHIRLPOOL_ASM -DX25519_ASM -fPIC -pthread -Wa,--noexecstack -Qunused-arguments -g -DANDROID -fdata-sections -ffunction-sections -funwind-tables -fstack-protector-strong -no-canonical-prefixes -D__BIONIC_NO_PAGE_SIZE_MACRO -D_FORTIFY_SOURCE=2 -Wformat -Werror=format-security  -ffile-prefix-map=/home/runner/work/x25-airplay-receiver/x25-airplay-receiver/app/src/main/cpp=. -ffile-prefix-map=/home/runner/work/x25-airplay-receiver/x25-airplay-receiver/app/.cxx/RelWithDebInfo/416841uv/x86_64=. -ffile-prefix-map=/usr/local/lib/android/sdk/ndk/27.0.12077973=. -Qunused-arguments -DOPENSSL_USE_NODELETE -DOPENSSL_PIC -DOPENSSLDIR="\"/usr/local/ssl\"" -DENGINESDIR="\"/usr/local/lib/engines-3\"" -DMODULESDIR="\"/usr/local/lib/ossl-modules\"" -DOPENSSL_BUILDING_OPENSSL -DNDEBUG -D__ANDROID_API__=24 -g -DANDROID -fdata-sections -ffunction-sections -funwind-tables -fstack-protector-strong -no-canonical-prefixes -D__BIONIC_NO_PAGE_SIZE_MACRO -D_FORTIFY_SOURCE=2 -Wformat -Werror=format-security   -ffile-prefix-map=/home/runner/work/x25-airplay-receiver/x25-airplay-receiver/app/src/main/cpp=. -ffile-prefix-map=/home/runner/work/x25-airplay-receiver/x25-airplay-receiver/app/.cxx/RelWithDebInfo/416841uv/x86_64=. -ffile-prefix-map=/usr/local/lib/android/sdk/ndk/27.0.12077973=. -Qunused-arguments -MMD -MF crypto/libcrypto-shlib-der_writer.d.tmp -c -o crypto/libcrypto-shlib-der_writer.o crypto/der_writer.c
C/C++: x86_64-linux-android24-clang  -I. -Iinclude -Iproviders/common/include -Iproviders/implementations/include  -DAES_ASM -DBSAES_ASM -DECP_NISTZ256_ASM -DGHASH_ASM -DKECCAK1600_ASM -DMD5_ASM -DOPENSSL_BN_ASM_GF2m -DOPENSSL_BN_ASM_MONT -DOPENSSL_BN_ASM_MONT5 -DOPENSSL_CPUID_OBJ -DOPENSSL_IA32_SSE2 -DPOLY1305_ASM -DSHA1_ASM -DSHA256_ASM -DSHA512_ASM -DSTATIC_LEGACY -DVPAES_ASM -DWHIRLPOOL_ASM -DX25519_ASM -fPIC -pthread -Wa,--noexecstack -Qunused-arguments -g -DANDROID -fdata-sections -ffunction-sections -funwind-tables -fstack-protector-strong -no-canonical-prefixes -D__BIONIC_NO_PAGE_SIZE_MACRO -D_FORTIFY_SOURCE=2 -Wformat -Werror=format-security  -ffile-prefix-map=/home/runner/work/x25-airplay-receiver/x25-airplay-receiver/app/src/main/cpp=. -ffile-prefix-map=/home/runner/work/x25-airplay-receiver/x25-airplay-receiver/app/.cxx/RelWithDebInfo/416841uv/x86_64=. -ffile-prefix-map=/usr/local/lib/android/sdk/ndk/27.0.12077973=. -Qunused-arguments -DOPENSSL_USE_NODELETE -DOPENSSL_PIC -DOPENSSLDIR="\"/usr/local/ssl\"" -DENGINESDIR="\"/usr/local/lib/engines-3\"" -DMODULESDIR="\"/usr/local/lib/ossl-modules\"" -DOPENSSL_BUILDING_OPENSSL -DNDEBUG -D__ANDROID_API__=24 -g -DANDROID -fdata-sections -ffunction-sections -funwind-tables -fstack-protector-strong -no-canonical-prefixes -D__BIONIC_NO_PAGE_SIZE_MACRO -D_FORTIFY_SOURCE=2 -Wformat -Werror=format-security   -ffile-prefix-map=/home/runner/work/x25-airplay-receiver/x25-airplay-receiver/app/src/main/cpp=. -ffile-prefix-map=/home/runner/work/x25-airplay-receiver/x25-airplay-receiver/app/.cxx/RelWithDebInfo/416841uv/x86_64=. -ffile-prefix-map=/usr/local/lib/android/sdk/ndk/27.0.12077973=. -Qunused-arguments -MMD -MF crypto/libcrypto-shlib-deterministic_nonce.d.tmp -c -o crypto/libcrypto-shlib-deterministic_nonce.o crypto/deterministic_nonce.c
C/C++: In file included from /home/runner/work/x25-airplay-receiver/x25-airplay-receiver/app/.cxx/RelWithDebInfo/416841uv/x86_64/<built-in>:399:
C/C++: /home/runner/work/x25-airplay-receiver/x25-airplay-receiver/app/.cxx/RelWithDebInfo/416841uv/x86_64/<command line>:30:9: warning: '__ANDROID_API__' macro redefined [-Wmacro-redefined]
C/C++:    30 | #define __ANDROID_API__ 24
C/C++:       |         ^
C/C++: /home/runner/work/x25-airplay-receiver/x25-airplay-receiver/app/.cxx/RelWithDebInfo/416841uv/x86_64/<built-in>:391:9: note: previous definition is here
C/C++:   391 | #define __ANDROID_API__ __ANDROID_MIN_SDK_VERSION__
C/C++:       |         ^
C/C++: In file included from /home/runner/work/x25-airplay-receiver/x25-airplay-receiver/app/.cxx/RelWithDebInfo/416841uv/x86_64/In file included from <built-in>:399:
C/C++: /home/runner/work/x25-airplay-receiver/x25-airplay-receiver/app/.cxx/RelWithDebInfo/416841uv/x86_64/<command line>:30:9: warning: '__ANDROID_API__' macro redefined [-Wmacro-redefined]
C/C++: <built-in>:399:
C/C++:    <command line>:30:9: warning: '__ANDROID_API__' macro redefined [-Wmacro-redefined]
C/C++: 30 | #   define __ANDROID_API__ 24
C/C++:       |         ^
C/C++: /home/runner/work/x25-airplay-receiver/x25-airplay-receiver/app/.cxx/RelWithDebInfo/416841uv/x86_64/30<built-in>:391:9: note: previous definition is here
C/C++:  |   391 | #define __ANDROID_API__ __ANDROID_MIN_SDK_VERSION__
C/C++:       |         ^
C/C++: #define __ANDROID_API__ 24
C/C++:       |         ^
C/C++: /home/runner/work/x25-airplay-receiver/x25-airplay-receiver/app/.cxx/RelWithDebInfo/416841uv/x86_64/<built-in>:391:9: note: previous definition is here
C/C++:   391 | #define __ANDROID_API__ __ANDROID_MIN_SDK_VERSION__
C/C++:       |         ^
C/C++: 1 warning generated.
C/C++: In file included from /home/runner/work/x25-airplay-receiver/x25-airplay-receiver/app/.cxx/RelWithDebInfo/416841uv/x86_64/<built-in>:399:
C/C++: /home/runner/work/x25-airplay-receiver/x25-airplay-receiver/app/.cxx/RelWithDebInfo/416841uv/x86_64/<command line>:30:9: warning: '__ANDROID_API__' macro redefined [-Wmacro-redefined]
C/C++:    30 | #define __ANDROID_API__ 24
C/C++:       |         ^
C/C++: /home/runner/work/x25-airplay-receiver/x25-airplay-receiver/app/.cxx/RelWithDebInfo/416841uv/x86_64/<built-in>:391:9: note: previous definition is here
C/C++:   391 | #define __ANDROID_API__ __ANDROID_MIN_SDK_VERSION__
C/C++:       |         ^
C/C++: 1 warning generated.
C/C++: In file included from /home/runner/work/x25-airplay-receiver/x25-airplay-receiver/app/.cxx/RelWithDebInfo/416841uv/x86_64/<built-in>:399:
C/C++: /home/runner/work/x25-airplay-receiver/x25-airplay-receiver/app/.cxx/RelWithDebInfo/416841uv/x86_64/<command line>:30:9: warning: '__ANDROID_API__' macro redefined [-Wmacro-redefined]
C/C++:    30 | #define __ANDROID_API__ 24
C/C++:       |         ^
C/C++: /home/runner/work/x25-airplay-receiver/x25-airplay-receiver/app/.cxx/RelWithDebInfo/416841uv/x86_64/<built-in>:391:9: note: previous definition is here
C/C++:   391 | #define __ANDROID_API__ __ANDROID_MIN_SDK_VERSION__
C/C++:       |         ^
C/C++: 1 warning generated.
C/C++: In file included from /home/runner/work/x25-airplay-receiver/x25-airplay-receiver/app/.cxx/RelWithDebInfo/416841uv/x86_64/<built-in>:399:
C/C++: /home/runner/work/x25-airplay-receiver/x25-airplay-receiver/app/.cxx/RelWithDebInfo/416841uv/x86_64/<command line>:30:9: warning: '__ANDROID_API__' macro redefined [-Wmacro-redefined]
C/C++:    30 | #defineIn file included from <built-in>:399:
C/C++: /home/runner/work/x25-airplay-receiver/x25-airplay-receiver/app/.cxx/RelWithDebInfo/416841uv/x86_64/<command line>:30:9: warning: '__ANDROID_API__' macro redefined [-Wmacro-redefined]
C/C++:  __A   30 | #define __ANDROID_API__ 24
C/C++:       |         ^
C/C++: /home/runner/work/x25-airplay-receiver/x25-airplay-receiver/app/.cxx/RelWithDebInfo/416841uv/x86_64/N<built-in>:391:9: note: previous definition is here
C/C++: D  391 | #define __ANDROID_API__ __ANDROID_MIN_SDK_VERSION__
C/C++:       |         ^
C/C++: ROID_API__ 24
C/C++:       |         ^
C/C++: /home/runner/work/x25-airplay-receiver/x25-airplay-receiver/app/.cxx/RelWithDebInfo/416841uv/x86_64/<built-in>:391:9: note: previous definition is here
C/C++:   391 | #define __ANDROID_API__ __ANDROID_MIN_SDK_VERSION__
C/C++:       |         ^
C/C++: In file included from /home/runner/work/x25-airplay-receiver/x25-airplay-receiver/app/.cxx/RelWithDebInfo/416841uv/x86_64/<built-in>:399:
C/C++: /home/runner/work/x25-airplay-receiver/x25-airplay-receiver/app/.cxx/RelWithDebInfo/416841uv/x86_64/<command line>:30:9: warning: '__ANDROID_API__' macro redefined [-Wmacro-redefined]
C/C++:    30 | #define __ANDROID_API__ 24
C/C++:       |         ^
C/C++: /home/runner/work/x25-airplay-receiver/x25-airplay-receiver/app/.cxx/RelWithDebInfo/416841uv/x86_64/<built-in>:391:9: note: previous definition is here
C/C++:   391 | #define __ANDROID_API__ __ANDROID_MIN_SDK_VERSION__
C/C++:       |         ^
C/C++: 1 warning generated.
C/C++: In file included from /home/runner/work/x25-airplay-receiver/x25-airplay-receiver/app/.cxx/RelWithDebInfo/416841uv/x86_64/<built-in>:399:
C/C++: /home/runner/work/x25-airplay-receiver/x25-airplay-receiver/app/.cxx/RelWithDebInfo/416841uv/x86_64/<command line>:30:9: warning: '__ANDROID_API__' macro redefined [-Wmacro-redefined]
C/C++:    30 | #define __ANDROID_API__ 24
C/C++:       |         ^
C/C++: /home/runner/work/x25-airplay-receiver/x25-airplay-receiver/app/.cxx/RelWithDebInfo/416841uv/x86_64/<built-in>:391:9: note: previous definition is here
C/C++:   391 | #define __ANDROID_API__ __ANDROID_MIN_SDK_VERSION__
C/C++:       |         ^
C/C++: In file included from /home/runner/work/x25-airplay-receiver/x25-airplay-receiver/app/.cxx/RelWithDebInfo/416841uv/x86_64/<built-in>:399:
C/C++: /home/runner/work/x25-airplay-receiver/x25-airplay-receiver/app/.cxx/RelWithDebInfo/416841uv/x86_64/<command line>:30:9: warning: '__ANDROID_API__' macro redefined [-Wmacro-redefined]
C/C++:    30 | #define __ANDROID_API__ 24
C/C++:       |         ^
C/C++: /home/runner/work/x25-airplay-receiver/x25-airplay-receiver/app/.cxx/RelWithDebInfo/416841uv/x86_64/<built-in>:391:9: note: previous definition is here
C/C++:   391 | #define __ANDROID_API__ __ANDROID_MIN_SDK_VERSION__
C/C++:       |         ^
C/C++: In file included from /home/runner/work/x25-airplay-receiver/x25-airplay-receiver/app/.cxx/RelWithDebInfo/416841uv/x86_64/<built-in>:399:
C/C++: /home/runner/work/x25-airplay-receiver/x25-airplay-receiver/app/.cxx/RelWithDebInfo/416841uv/x86_64/<command line>:30:9: warning: '__ANDROID_API__' macro redefined [-Wmacro-redefined]
C/C++:    30 | #define __ANDROID_API__ 24
C/C++:       |         ^
C/C++: /home/runner/work/x25-airplay-receiver/x25-airplay-receiver/app/.cxx/RelWithDebInfo/416841uv/x86_64/<built-in>:391:9: note: previous definition is here
C/C++:   391 | #define __ANDROID_API__ __ANDROID_MIN_SDK_VERSION__
C/C++:       |         ^
C/C++: 1 warning generated.
C/C++: In file included from /home/runner/work/x25-airplay-receiver/x25-airplay-receiver/app/.cxx/RelWithDebInfo/416841uv/x86_64/<built-in>:399:
C/C++: /home/runner/work/x25-airplay-receiver/x25-airplay-receiver/app/.cxx/RelWithDebInfo/416841uv/x86_64/<command line>:30:9: warning: '__ANDROID_API__' macro redefined [-Wmacro-redefined]
C/C++:    30 | #define __ANDROID_API__ 24
C/C++:       |         ^
C/C++: /home/runner/work/x25-airplay-receiver/x25-airplay-receiver/app/.cxx/RelWithDebInfo/416841uv/x86_64/<built-in>:391:9: note: previous definition is here
C/C++:   391 | #define __ANDROID_API__ __ANDROID_MIN_SDK_VERSION__
C/C++:       |         ^
C/C++: 1 warning generated.
C/C++: In file included from /home/runner/work/x25-airplay-receiver/x25-airplay-receiver/app/.cxx/RelWithDebInfo/416841uv/x86_64/<built-in>:399:
C/C++: /home/runner/work/x25-airplay-receiver/x25-airplay-receiver/app/.cxx/RelWithDebInfo/416841uv/x86_64/<command line>:30:9: warning: '__ANDROID_API__' macro redefined [-Wmacro-redefined]
C/C++:    30 | #define __ANDROID_API__ 24
C/C++:       |         ^
C/C++: /home/runner/work/x25-airplay-receiver/x25-airplay-receiver/app/.cxx/RelWithDebInfo/416841uv/x86_64/<built-in>:391:9: note: previous definition is here
C/C++:   391 | #define __ANDROID_API__ __ANDROID_MIN_SDK_VERSION__
C/C++:       |         ^
C/C++: x86_64-linux-android24-clang  -I. -Iinclude -Iproviders/common/include -Iproviders/implementations/include  -DAES_ASM -DBSAES_ASM -DECP_NISTZ256_ASM -DGHASH_ASM -DKECCAK1600_ASM -DMD5_ASM -DOPENSSL_BN_ASM_GF2m -DOPENSSL_BN_ASM_MONT -DOPENSSL_BN_ASM_MONT5 -DOPENSSL_CPUID_OBJ -DOPENSSL_IA32_SSE2 -DPOLY1305_ASM -DSHA1_ASM -DSHA256_ASM -DSHA512_ASM -DSTATIC_LEGACY -DVPAES_ASM -DWHIRLPOOL_ASM -DX25519_ASM -fPIC -pthread -Wa,--noexecstack -Qunused-arguments -g -DANDROID -fdata-sections -ffunction-sections -funwind-tables -fstack-protector-strong -no-canonical-prefixes -D__BIONIC_NO_PAGE_SIZE_MACRO -D_FORTIFY_SOURCE=2 -Wformat -Werror=format-security  -ffile-prefix-map=/home/runner/work/x25-airplay-receiver/x25-airplay-receiver/app/src/main/cpp=. -ffile-prefix-map=/home/runner/work/x25-airplay-receiver/x25-airplay-receiver/app/.cxx/RelWithDebInfo/416841uv/x86_64=. -ffile-prefix-map=/usr/local/lib/android/sdk/ndk/27.0.12077973=. -Qunused-arguments -DOPENSSL_USE_NODELETE -DOPENSSL_PIC -DOPENSSLDIR="\"/usr/local/ssl\"" -DENGINESDIR="\"/usr/local/lib/engines-3\"" -DMODULESDIR="\"/usr/local/lib/ossl-modules\"" -DOPENSSL_BUILDING_OPENSSL -DNDEBUG -D__ANDROID_API__=24 -g -DANDROID -fdata-sections -ffunction-sections -funwind-tables -fstack-protector-strong -no-canonical-prefixes -D__BIONIC_NO_PAGE_SIZE_MACRO -D_FORTIFY_SOURCE=2 -Wformat -Werror=format-security   -ffile-prefix-map=/home/runner/work/x25-airplay-receiver/x25-airplay-receiver/app/src/main/cpp=. -ffile-prefix-map=/home/runner/work/x25-airplay-receiver/x25-airplay-receiver/app/.cxx/RelWithDebInfo/416841uv/x86_64=. -ffile-prefix-map=/usr/local/lib/android/sdk/ndk/27.0.12077973=. -Qunused-arguments -MMD -MF crypto/libcrypto-shlib-o_fopen.d.tmp -c -o crypto/libcrypto-shlib-o_fopen.o crypto/o_fopen.c
C/C++: In file included from /home/runner/work/x25-airplay-receiver/x25-airplay-receiver/app/.cxx/RelWithDebInfo/416841uv/x86_64/<built-in>:399:
C/C++: /home/runner/work/x25-airplay-receiver/x25-airplay-receiver/app/.cxx/RelWithDebInfo/416841uv/x86_64/<command line>:30:9: warning: '__ANDROID_API__' macro redefined [-Wmacro-redefined]
C/C++:    30 | #define __ANDROID_API__ 24
C/C++:       |         ^
C/C++: /home/runner/work/x25-airplay-receiver/x25-airplay-receiver/app/.cxx/RelWithDebInfo/416841uv/x86_64/<built-in>:391:9: note: previous definition is here
C/C++:   391 | #define __ANDROID_API__ __ANDROID_MIN_SDK_VERSION__
C/C++:       |         ^
C/C++: 1 warning generated.
C/C++: In file included from /home/runner/work/x25-airplay-receiver/x25-airplay-receiver/app/.cxx/RelWithDebInfo/416841uv/x86_64/<built-in>:399:
C/C++: /home/runner/work/x25-airplay-receiver/x25-airplay-receiver/app/.cxx/RelWithDebInfo/416841uv/x86_64/<command line>:30:9: warning: '__ANDROID_API__' macro redefined [-Wmacro-redefined]
C/C++:    30 | #define __ANDROID_API__ 24
C/C++:       |         ^
C/C++: /home/runner/work/x25-airplay-receiver/x25-airplay-receiver/app/.cxx/RelWithDebInfo/416841uv/x86_64/<built-in>:391:9: note: previous definition is here
C/C++:   391 | #define __ANDROID_API__ __ANDROID_MIN_SDK_VERSION__
C/C++:       |         ^
C/C++: 1 warning generated.
C/C++: In file included from /home/runner/work/x25-airplay-receiver/x25-airplay-receiver/app/.cxx/RelWithDebInfo/416841uv/x86_64/<built-in>:399:
C/C++: /home/runner/work/x25-airplay-receiver/x25-airplay-receiver/app/.cxx/RelWithDebInfo/416841uv/x86_64/<command line>:30:9: warning: '__ANDROID_API__' macro redefined [-Wmacro-redefined]
C/C++:    30 | #define __ANDROID_API__ 24
C/C++:       |         ^
C/C++: /home/runner/work/x25-airplay-receiver/x25-airplay-receiver/app/.cxx/RelWithDebInfo/416841uv/x86_64/<built-in>:391:9: note: previous definition is here
C/C++:   391 | #define __ANDROID_API__ __ANDROID_MIN_SDK_VERSION__
C/C++:       |         ^
C/C++: x86_64-linux-android24-clang  -I. -Iinclude -Iproviders/common/include -Iproviders/implementations/include  -DAES_ASM -DBSAES_ASM -DECP_NISTZ256_ASM -DGHASH_ASM -DKECCAK1600_ASM -DMD5_ASM -DOPENSSL_BN_ASM_GF2m -DOPENSSL_BN_ASM_MONT -DOPENSSL_BN_ASM_MONT5 -DOPENSSL_CPUID_OBJ -DOPENSSL_IA32_SSE2 -DPOLY1305_ASM -DSHA1_ASM -DSHA256_ASM -DSHA512_ASM -DSTATIC_LEGACY -DVPAES_ASM -DWHIRLPOOL_ASM -DX25519_ASM -fPIC -pthread -Wa,--noexecstack -Qunused-arguments -g -DANDROID -fdata-sections -ffunction-sections -funwind-tables -fstack-protector-strong -no-canonical-prefixes -D__BIONIC_NO_PAGE_SIZE_MACRO -D_FORTIFY_SOURCE=2 -Wformat -Werror=format-security  -ffile-prefix-map=/home/runner/work/x25-airplay-receiver/x25-airplay-receiver/app/src/main/cpp=. -ffile-prefix-map=/home/runner/work/x25-airplay-receiver/x25-airplay-receiver/app/.cxx/RelWithDebInfo/416841uv/x86_64=. -ffile-prefix-map=/usr/local/lib/android/sdk/ndk/27.0.12077973=. -Qunused-arguments -DOPENSSL_USE_NODELETE -DOPENSSL_PIC -DOPENSSLDIR="\"/usr/local/ssl\"" -DENGINESDIR="\"/usr/local/lib/engines-3\"" -DMODULESDIR="\"/usr/local/lib/ossl-modules\"" -DOPENSSL_BUILDING_OPENSSL -DNDEBUG -D__ANDROID_API__=24 -g -DANDROID -fdata-sections -ffunction-sections -funwind-tables -fstack-protector-strong -no-canonical-prefixes -D__BIONIC_NO_PAGE_SIZE_MACRO -D_FORTIFY_SOURCE=2 -Wformat -Werror=format-security   -ffile-prefix-map=/home/runner/work/x25-airplay-receiver/x25-airplay-receiver/app/src/main/cpp=. -ffile-prefix-map=/home/runner/work/x25-airplay-receiver/x25-airplay-receiver/app/.cxx/RelWithDebInfo/416841uv/x86_64=. -ffile-prefix-map=/usr/local/lib/android/sdk/ndk/27.0.12077973=. -Qunused-arguments -MMD -MF crypto/libcrypto-shlib-o_time.d.tmp -c -o crypto/libcrypto-shlib-o_time.o crypto/o_time.c
C/C++: 1 warning generated.
C/C++: In file included from /home/runner/work/x25-airplay-receiver/x25-airplay-receiver/app/.cxx/RelWithDebInfo/416841uv/x86_64/<built-in>:399:
C/C++: /home/runner/work/x25-airplay-receiver/x25-airplay-receiver/app/.cxx/RelWithDebInfo/416841uv/x86_64/<command line>:30:9: warning: '__ANDROID_API__' macro redefined [-Wmacro-redefined]
C/C++:    30 | #define __ANDROID_API__ 24
C/C++:       |         ^
C/C++: /home/runner/work/x25-airplay-receiver/x25-airplay-receiver/app/.cxx/RelWithDebInfo/416841uv/x86_64/<built-in>:391:9: note: previous definition is here
C/C++:   391 | #define __ANDROID_API__ __ANDROID_MIN_SDK_VERSION__
C/C++:       |         ^
C/C++: x86_64-linux-android24-clang  -I. -Iinclude -Iproviders/common/include -Iproviders/implementations/include  -DAES_ASM -DBSAES_ASM -DECP_NISTZ256_ASM -DGHASH_ASM -DKECCAK1600_ASM -DMD5_ASM -DOPENSSL_BN_ASM_GF2m -DOPENSSL_BN_ASM_MONT -DOPENSSL_BN_ASM_MONT5 -DOPENSSL_CPUID_OBJ -DOPENSSL_IA32_SSE2 -DPOLY1305_ASM -DSHA1_ASM -DSHA256_ASM -DSHA512_ASM -DSTATIC_LEGACY -DVPAES_ASM -DWHIRLPOOL_ASM -DX25519_ASM -fPIC -pthread -Wa,--noexecstack -Qunused-arguments -g -DANDROID -fdata-sections -ffunction-sections -funwind-tables -fstack-protector-strong -no-canonical-prefixes -D__BIONIC_NO_PAGE_SIZE_MACRO -D_FORTIFY_SOURCE=2 -Wformat -Werror=format-security  -ffile-prefix-map=/home/runner/work/x25-airplay-receiver/x25-airplay-receiver/app/src/main/cpp=. -ffile-prefix-map=/home/runner/work/x25-airplay-receiver/x25-airplay-receiver/app/.cxx/RelWithDebInfo/416841uv/x86_64=. -ffile-prefix-map=/usr/local/lib/android/sdk/ndk/27.0.12077973=. -Qunused-arguments -DOPENSSL_USE_NODELETE -DOPENSSL_PIC -DOPENSSLDIR="\"/usr/local/ssl\"" -DENGINESDIR="\"/usr/local/lib/engines-3\"" -DMODULESDIR="\"/usr/local/lib/ossl-modules\"" -DOPENSSL_BUILDING_OPENSSL -DNDEBUG -D__ANDROID_API__=24 -g -DANDROID -fdata-sections -ffunction-sections -funwind-tables -fstack-protector-strong -no-canonical-prefixes -D__BIONIC_NO_PAGE_SIZE_MACRO -D_FORTIFY_SOURCE=2 -Wformat -Werror=format-security   -ffile-prefix-map=/home/runner/work/x25-airplay-receiver/x25-airplay-receiver/app/src/main/cpp=. -ffile-prefix-map=/home/runner/work/x25-airplay-receiver/x25-airplay-receiver/app/.cxx/RelWithDebInfo/416841uv/x86_64=. -ffile-prefix-map=/usr/local/lib/android/sdk/ndk/27.0.12077973=. -Qunused-arguments -MMD -MF crypto/libcrypto-shlib-packet.d.tmp -c -o crypto/libcrypto-shlib-packet.o crypto/packet.c
C/C++: 1 warning generated.
C/C++: In file included from /home/runner/work/x25-airplay-receiver/x25-airplay-receiver/app/.cxx/RelWithDebInfo/416841uv/x86_64/<built-in>:399:
C/C++: /home/runner/work/x25-airplay-receiver/x25-airplay-receiver/app/.cxx/RelWithDebInfo/416841uv/x86_64/<command line>:30:9: warning: '__ANDROID_API__' macro redefined [-Wmacro-redefined]
C/C++:    30 | #define __ANDROID_API__ 24
C/C++:       |         ^
C/C++: /home/runner/work/x25-airplay-receiver/x25-airplay-receiver/app/.cxx/RelWithDebInfo/416841uv/x86_64/<built-in>:391:9: note: previous definition is here
C/C++:   391 | #define __ANDROID_API__ __ANDROID_MIN_SDK_VERSION__
C/C++:       |         ^
C/C++: In file included from /home/runner/work/x25-airplay-receiver/x25-airplay-receiver/app/.cxx/RelWithDebInfo/416841uv/x86_64/<built-in>:399:
C/C++: /home/runner/work/x25-airplay-receiver/x25-airplay-receiver/app/.cxx/RelWithDebInfo/416841uv/x86_64/<command line>:30:9: warning: '__ANDROID_API__' macro redefined [-Wmacro-redefined]
C/C++:    30 | #define __ANDROID_API__ 24
C/C++:       |         ^
C/C++: /home/runner/work/x25-airplay-receiver/x25-airplay-receiver/app/.cxx/RelWithDebInfo/416841uv/x86_64/<built-in>:391:9: note: previous definition is here
C/C++:   391 | #define __ANDROID_API__ __ANDROID_MIN_SDK1 warning generated.
C/C++: _VERSION__
C/C++:       |         ^
C/C++: x86_64-linux-android24-clang  -I. -Iinclude -Iproviders/common/include -Iproviders/implementations/include  -DAES_ASM -DBSAES_ASM -DECP_NISTZ256_ASM -DGHASH_ASM -DKECCAK1600_ASM -DMD5_ASM -DOPENSSL_BN_ASM_GF2m -DOPENSSL_BN_ASM_MONT -DOPENSSL_BN_ASM_MONT5 -DOPENSSL_CPUID_OBJ -DOPENSSL_IA32_SSE2 -DPOLY1305_ASM -DSHA1_ASM -DSHA256_ASM -DSHA512_ASM -DSTATIC_LEGACY -DVPAES_ASM -DWHIRLPOOL_ASM -DX25519_ASM -fPIC -pthread -Wa,--noexecstack -Qunused-arguments -g -DANDROID -fdata-sections -ffunction-sections -funwind-tables -fstack-protector-strong -no-canonical-prefixes -D__BIONIC_NO_PAGE_SIZE_MACRO -D_FORTIFY_SOURCE=2 -Wformat -Werror=format-security  -ffile-prefix-map=/home/runner/work/x25-airplay-receiver/x25-airplay-receiver/app/src/main/cpp=. -ffile-prefix-map=/home/runner/work/x25-airplay-receiver/x25-airplay-receiver/app/.cxx/RelWithDebInfo/416841uv/x86_64=. -ffile-prefix-map=/usr/local/lib/android/sdk/ndk/27.0.12077973=. -Qunused-arguments -DOPENSSL_USE_NODELETE -DOPENSSL_PIC -DOPENSSLDIR="\"/usr/local/ssl\"" -DENGINESDIR="\"/usr/local/lib/engines-3\"" -DMODULESDIR="\"/usr/local/lib/ossl-modules\"" -DOPENSSL_BUILDING_OPENSSL -DNDEBUG -D__ANDROID_API__=24 -g -DANDROID -fdata-sections -ffunction-sections -funwind-tables -fstack-protector-strong -no-canonical-prefixes -D__BIONIC_NO_PAGE_SIZE_MACRO -D_FORTIFY_SOURCE=2 -Wformat -Werror=format-security   -ffile-prefix-map=/home/runner/work/x25-airplay-receiver/x25-airplay-receiver/app/src/main/cpp=. -ffile-prefix-map=/home/runner/work/x25-airplay-receiver/x25-airplay-receiver/app/.cxx/RelWithDebInfo/416841uv/x86_64=. -ffile-prefix-map=/usr/local/lib/android/sdk/ndk/27.0.12077973=. -Qunused-arguments -MMD -MF crypto/libcrypto-shlib-param_build_set.d.tmp -c -o crypto/libcrypto-shlib-param_build_set.o crypto/param_build_set.c
C/C++: 1 warning generated.
C/C++: In file included from /home/runner/work/x25-airplay-receiver/x25-airplay-receiver/app/.cxx/RelWithDebInfo/416841uv/x86_64/<built-in>:399:
C/C++: /home/runner/work/x25-airplay-receiver/x25-airplay-receiver/app/.cxx/RelWithDebInfo/416841uv/x86_64/<command line>:30:9: warning: '__ANDROID_API__' macro redefined [-Wmacro-redefined]
C/C++:    30 | #define __ANDROID_API__ 24
C/C++:       |         ^
C/C++: /home/runner/work/x25-airplay-receiver/x25-airplay-receiver/app/.cxx/RelWithDebInfo/416841uv/x86_64/<built-in>:391:9: note: previous definition is here
C/C++:   391 | #define __ANDROID_API__ __ANDROID_MIN_SDK_VERSION__
C/C++:       |         ^
C/C++: In file included from /home/runner/work/x25-airplay-receiver/x25-airplay-receiver/app/.cxx/RelWithDebInfo/416841uv/x86_64/<built-in>:399:
C/C++: /home/runner/work/x25-airplay-receiver/x25-airplay-receiver/app/.cxx/RelWithDebInfo/416841uv/x86_64/<command line>:30:9: warning: '__ANDROID_API__' macro redefined [-Wmacro-redefined]
C/C++:    30 | #define __ANDROID_API__ 24
C/C++:       |         ^
C/C++: /home/runner/work/x25-airplay-receiver/x25-airplay-receiver/app/.cxx/RelWithDebInfo/416841uv/x86_64/<built-in>:391:9: note: previous definition is here
C/C++:   391 | #define __ANDROID_API__ __ANDROID_MIN_SDK_VERSION__
C/C++:       |         ^
C/C++: 1 warning generated.
C/C++: In file included from /home/runner/work/x25-airplay-receiver/x25-airplay-receiver/app/.cxx/RelWithDebInfo/416841uv/x86_64/<built-in>:399:
C/C++: /home/runner/work/x25-airplay-receiver/x25-airplay-receiver/app/.cxx/RelWithDebInfo/416841uv/x86_64/<command line>:30:9: warning: '__ANDROID_API__' macro redefined [-Wmacro-redefined]
C/C++:    30 | #define __ANDROID_API__ 24
C/C++:       |         ^
C/C++: /home/runner/work/x25-airplay-receiver/x25-airplay-receiver/app/.cxx/RelWithDebInfo/416841uv/x86_64/<built-in>:391:9: note: previous definition is here
C/C++:   391 | #define __ANDROID_API__ __ANDROID_MIN_SDK_VERSION__
C/C++:       |         ^
C/C++: In file included from /home/runner/work/x25-airplay-receiver/x25-airplay-receiver/app/.cxx/RelWithDebInfo/416841uv/x86_64/<built-in>:399:
C/C++: /home/runner/work/x25-airplay-receiver/x25-airplay-receiver/app/.cxx/RelWithDebInfo/416841uv/x86_64/<command line>:30:9: warning: '__ANDROID_API__' macro redefined [-Wmacro-redefined]
C/C++:    30 | #define __ANDROID_API__ 24
C/C++:       |         ^
C/C++: /home/runner/work/x25-airplay-receiver/x25-airplay-receiver/app/.cxx/RelWithDebInfo/416841uv/x86_64/<built-in>:391:9: note: previous definition is here
C/C++:   391 | #define __ANDROID_API__ __ANDROID_MIN_SDK_VERSION__
C/C++:       |         ^
C/C++: In file included from /home/runner/work/x25-airplay-receiver/x25-airplay-receiver/app/.cxx/RelWithDebInfo/416841uv/x86_64/<built-in>:399:
C/C++: /home/runner/work/x25-airplay-receiver/x25-airplay-receiver/app/.cxx/RelWithDebInfo/416841uv/x86_64/<command line>:30:9: warning: '__ANDROID_API__' macro redefined [-Wmacro-redefined]
C/C++:    30 | #define __ANDROID_API__ 24
C/C++:       |         ^
C/C++: /home/runner/work/x25-airplay-receiver/x25-airplay-receiver/app/.cxx/RelWithDebInfo/416841uv/x86_64/<built-in>:391:9: note: previous definition is here
C/C++:   391 | #define __ANDROID_API__ __ANDROID_MIN_SDK_VERSION__
C/C++:       |         ^
C/C++: 1 warning generated.
C/C++: In file included from /home/runner/work/x25-airplay-receiver/x25-airplay-receiver/app/.cxx/RelWithDebInfo/416841uv/x86_64/<built-in>:399:
C/C++: /home/runner/work/x25-airplay-receiver/x25-airplay-receiver/app/.cxx/RelWithDebInfo/416841uv/x86_64/<command line>:30:9: warning: '__ANDROID_API__' macro redefined [-Wmacro-redefined]
C/C++:    30 | #define __ANDROID_API__ 24
C/C++:       |         ^
C/C++: /home/runner/work/x25-airplay-receiver/x25-airplay-receiver/app/.cxx/RelWithDebInfo/416841uv/x86_64/<built-in>:391:9: note: previous definition is here
C/C++:   391 | #define __ANDROID_API__ __ANDROID_MIN_SDK_VERSION__
C/C++:       |         ^
C/C++: In file included from /home/runner/work/x25-airplay-receiver/x25-airplay-receiver/app/.cxx/RelWithDebInfo/416841uv/x86_64/<built-in>:399:
C/C++: /home/runner/work/x25-airplay-receiver/x25-airplay-receiver/app/.cxx/RelWithDebInfo/416841uv/x86_64/<command line>:30:9: warning: '__ANDROID_API__' macro redefined [-Wmacro-redefined]
C/C++:    30 | #define __ANDROID_API__ 24
C/C++:       |         ^
C/C++: /home/runner/work/x25-airplay-receiver/x25-airplay-receiver/app/.cxx/RelWithDebInfo/416841uv/x86_64/<built-in>:391:9: note: previous definition is here
C/C++:   391 | #define __ANDROID_API__ __ANDROID_MIN_SDK_VERSION__
C/C++:       |         ^
C/C++: In file included from /home/runner/work/x25-airplay-receiver/x25-airplay-receiver/app/.cxx/RelWithDebInfo/416841uv/x86_64/<built-in>:399:
C/C++: /home/runner/work/x25-airplay-receiver/x25-airplay-receiver/app/.cxx/RelWithDebInfo/416841uv/x86_64/<command line>:30:9: warning: '__ANDROID_API__' macro redefined [-Wmacro-redefined]
C/C++:    30 | #define __ANDROID_API__ 24
C/C++:       |         ^
C/C++: /home/runner/work/x25-airplay-receiver/x25-airplay-receiver/app/.cxx/RelWithDebInfo/416841uv/x86_64/<built-in>:391:9: note: previous definition is here
C/C++:   391 | #define __ANDROID_API__ __ANDROID_MIN_SDK_VERSION__
C/C++:       |         ^
C/C++: 1 warning generated.
C/C++: In file included from /home/runner/work/x25-airplay-receiver/x25-airplay-receiver/app/.cxx/RelWithDebInfo/416841uv/x86_64/<built-in>:399:
C/C++: /home/runner/work/x25-airplay-receiver/x25-airplay-receiver/app/.cxx/RelWithDebInfo/416841uv/x86_64/<command line>:30:9: warning: '__ANDROID_API__' macro redefined [-Wmacro-redefined]
C/C++:    30 | #define __ANDROID_API__ 24
C/C++:       |         ^
C/C++: /home/runner/work/x25-airplay-receiver/x25-airplay-receiver/app/.cxx/RelWithDebInfo/416841uv/x86_64/<built-in>:391:9: note: previous definition is here
C/C++:   391 | #define __ANDROID_API__ __ANDROID_MIN_SDK_VERSION__
C/C++:       |         ^
C/C++: In file included from /home/runner/work/x25-airplay-receiver/x25-airplay-receiver/app/.cxx/RelWithDebInfo/416841uv/x86_64/<built-in>:399:
C/C++: /home/runner/work/x25-airplay-receiver/x25-airplay-receiver/app/.cxx/RelWithDebInfo/416841uv/x86_64/<command line>:30:9: warning: '__ANDROID_API__' macro redefined [-Wmacro-redefined]
C/C++:    30 | #define __ANDROID_API__ 24
C/C++:       |         ^
C/C++: /home/runner/work/x25-airplay-receiver/x25-airplay-receiver/app/.cxx/RelWithDebInfo/416841uv/x86_64/<built-in>:391:9: note: previous definition is here
C/C++:   391 | #define __ANDROID_API__ __ANDROID_MIN_SDK_VERSION__
C/C++:       |         ^
C/C++: 1 warning generated.
C/C++: In file included from /home/runner/work/x25-airplay-receiver/x25-airplay-receiver/app/.cxx/RelWithDebInfo/416841uv/x86_64/<built-in>:399:
C/C++: /home/runner/work/x25-airplay-receiver/x25-airplay-receiver/app/.cxx/RelWithDebInfo/416841uv/x86_64/<command line>:30:9: warning: '__ANDROID_API__' macro redefined [-Wmacro-redefined]
C/C++:    30 | #define __ANDROID_API__ 24
C/C++:       |         ^
C/C++: /home/runner/work/x25-airplay-receiver/x25-airplay-receiver/app/.cxx/RelWithDebInfo/416841uv/x86_64/<built-in>:391:9: note: previous definition is here
C/C++:   391 | #define __ANDROID_API__ __ANDROID_MIN_SDK_VERSION__
C/C++:       |         ^
C/C++: In file included from /home/runner/work/x25-airplay-receiver/x25-airplay-receiver/app/.cxx/RelWithDebInfo/416841uv/x86_64/<built-in>:399:
C/C++: /home/runner/work/x25-airplay-receiver/x25-airplay-receiver/app/.cxx/RelWithDebInfo/416841uv/x86_64/<command line>:30:9: warning: '__ANDROID_API__' macro redefined [-Wmacro-redefined]
C/C++:    30 | #de1 warningf generated.
C/C++: ine __ANDROID_API__ 24
C/C++:       |         ^
C/C++: /home/runner/work/x25-airplay-receiver/x25-airplay-receiver/app/.cxx/RelWithDebInfo/416841uv/x86_64/<built-in>:391:9: note: previous definition is here
C/C++:   391 | #define __ANDROID_API__ __ANDROID_MIN_SDK_VERSION__
C/C++:       |         ^
C/C++: x86_64-linux-android24-clang  -I. -Iinclude -Iproviders/common/include -Iproviders/implementations/include  -DAES_ASM -DBSAES_ASM -DECP_NISTZ256_ASM -DGHASH_ASM -DKECCAK1600_ASM -DMD5_ASM -DOPENSSL_BN_ASM_GF2m -DOPENSSL_BN_ASM_MONT -DOPENSSL_BN_ASM_MONT5 -DOPENSSL_CPUID_OBJ -DOPENSSL_IA32_SSE2 -DPOLY1305_ASM -DSHA1_ASM -DSHA256_ASM -DSHA512_ASM -DSTATIC_LEGACY -DVPAES_ASM -DWHIRLPOOL_ASM -DX25519_ASM -fPIC -pthread -Wa,--noexecstack -Qunused-arguments -g -DANDROID -fdata-sections -ffunction-sections -funwind-tables -fstack-protector-strong -no-canonical-prefixes -D__BIONIC_NO_PAGE_SIZE_MACRO -D_FORTIFY_SOURCE=2 -Wformat -Werror=format-security  -ffile-prefix-map=/home/runner/work/x25-airplay-receiver/x25-airplay-receiver/app/src/main/cpp=. -ffile-prefix-map=/home/runner/work/x25-airplay-receiver/x25-airplay-receiver/app/.cxx/RelWithDebInfo/416841uv/x86_64=. -ffile-prefix-map=/usr/local/lib/android/sdk/ndk/27.0.12077973=. -Qunused-arguments -DOPENSSL_USE_NODELETE -DOPENSSL_PIC -DOPENSSLDIR="\"/usr/local/ssl\"" -DENGINESDIR="\"/usr/local/lib/engines-3\"" -DMODULESDIR="\"/usr/local/lib/ossl-modules\"" -DOPENSSL_BUILDING_OPENSSL -DNDEBUG -D__ANDROID_API__=24 -g -DANDROID -fdata-sections -ffunction-sections -funwind-tables -fstack-protector-strong -no-canonical-prefixes -D__BIONIC_NO_PAGE_SIZE_MACRO -D_FORTIFY_SOURCE=2 -Wformat -Werror=format-security   -ffile-prefix-map=/home/runner/work/x25-airplay-receiver/x25-airplay-receiver/app/src/main/cpp=. -ffile-prefix-map=/home/runner/work/x25-airplay-receiver/x25-airplay-receiver/app/.cxx/RelWithDebInfo/416841uv/x86_64=. -ffile-prefix-map=/usr/local/lib/android/sdk/ndk/27.0.12077973=. -Qunused-arguments -MMD -MF crypto/libcrypto-shlib-quic_vlint.d.tmp -c -o crypto/libcrypto-shlib-quic_vlint.o crypto/quic_vlint.c
C/C++: In file included from /home/runner/work/x25-airplay-receiver/x25-airplay-receiver/app/.cxx/RelWithDebInfo/416841uv/x86_64/<built-in>:399:
C/C++: /home/runner/work/x25-airplay-receiver/x25-airplay-receiver/app/.cxx/RelWithDebInfo/416841uv/x86_64/<command line>:30:9: warning: '__ANDROID_API__' macro redefined [-Wmacro-redefined]
C/C++:    30 | #define __ANDROID_API__ 24
C/C++:       |         ^
C/C++: /home/runner/work/x25-airplay-receiver/x25-airplay-receiver/app/.cxx/RelWithDebInfo/416841uv/x86_64/<built-in>:391:9: note: previous definition is here
C/C++:   391 | #define __ANDROID_API__ __ANDROID_MIN_SDK_VERSION__
C/C++:       |         ^
C/C++: 1 warning generated.
C/C++: In file included from /home/runner/work/x25-airplay-receiver/x25-airplay-receiver/app/.cxx/RelWithDebInfo/416841uv/x86_64/<built-in>:399:
C/C++: /home/runner/work/x25-airplay-receiver/x25-airplay-receiver/app/.cxx/RelWithDebInfo/416841uv/x86_64/<command line>:30:9: warning: '__ANDROID_API__' macro redefined [-Wmacro-redefined]
C/C++:    30 | #define __ANDROID_API__ 24
C/C++:       |         ^
C/C++: /home/runner/work/x25-airplay-receiver/x25-airplay-receiver/app/.cxx/RelWithDebInfo/416841uv/x86_64/<built-in>:391:9: note: previous definition is here
C/C++:   391 | #define __ANDROID_API__ __ANDROID_MIN_SDK_VERSION__
C/C++:       |         ^
C/C++: x86_64-linux-android24-clang  -I. -Iinclude -Iproviders/common/include -Iproviders/implementations/include  -DAES_ASM -DBSAES_ASM -DECP_NISTZ256_ASM -DGHASH_ASM -DKECCAK1600_ASM -DMD5_ASM -DOPENSSL_BN_ASM_GF2m -DOPENSSL_BN_ASM_MONT -DOPENSSL_BN_ASM_MONT5 -DOPENSSL_CPUID_OBJ -DOPENSSL_IA32_SSE2 -DPOLY1305_ASM -DSHA1_ASM -DSHA256_ASM -DSHA512_ASM -DSTATIC_LEGACY -DVPAES_ASM -DWHIRLPOOL_ASM -DX25519_ASM -fPIC -pthread -Wa,--noexecstack -Qunused-arguments -g -DANDROID -fdata-sections -ffunction-sections -funwind-tables -fstack-protector-strong -no-canonical-prefixes -D__BIONIC_NO_PAGE_SIZE_MACRO -D_FORTIFY_SOURCE=2 -Wformat -Werror=format-security  -ffile-prefix-map=/home/runner/work/x25-airplay-receiver/x25-airplay-receiver/app/src/main/cpp=. -ffile-prefix-map=/home/runner/work/x25-airplay-receiver/x25-airplay-receiver/app/.cxx/RelWithDebInfo/416841uv/x86_64=. -ffile-prefix-map=/usr/local/lib/android/sdk/ndk/27.0.12077973=. -Qunused-arguments -DOPENSSL_USE_NODELETE -DOPENSSL_PIC -DOPENSSLDIR="\"/usr/local/ssl\"" -DENGINESDIR="\"/usr/local/lib/engines-3\"" -DMODULESDIR="\"/usr/local/lib/ossl-modules\"" -DOPENSSL_BUILDING_OPENSSL -DNDEBUG -D__ANDROID_API__=24 -g -DANDROID -fdata-sections -ffunction-sections -funwind-tables -fstack-protector-strong -no-canonical-prefixes -D__BIONIC_NO_PAGE_SIZE_MACRO -D_FORTIFY_SOURCE=2 -Wformat -Werror=format-security   -ffile-prefix-map=/home/runner/work/x25-airplay-receiver/x25-airplay-receiver/app/src/main/cpp=. -ffile-prefix-map=/home/runner/work/x25-airplay-receiver/x25-airplay-receiver/app/.cxx/RelWithDebInfo/416841uv/x86_64=. -ffile-prefix-map=/usr/local/lib/android/sdk/ndk/27.0.12077973=. -Qunused-arguments -MMD -MF crypto/libcrypto-shlib-sparse_array.d.tmp -c -o crypto/libcrypto-shlib-sparse_array.o crypto/sparse_array.c
C/C++: In file included from /home/runner/work/x25-airplay-receiver/x25-airplay-receiver/app/.cxx/RelWithDebInfo/416841uv/x86_64/<built-in>:399:
C/C++: /home/runner/work/x25-airplay-receiver/x25-airplay-receiver/app/.cxx/RelWithDebInfo/416841uv/x86_64/<command line>:30:9: warning: '__ANDROID_API__' macro redefined [-Wmacro-redefined]
C/C++:    30 | #define __ANDROID_API__ 24
C/C++:       |         ^
C/C++: /home/runner/work/x25-airplay-receiver/x25-airplay-receiver/app/.cxx/RelWithDebInfo/416841uv/x86_64/<built-in>:391:9: note: previous definition is here
C/C++:   391 | #define __ANDROID_API__ __ANDROID_MIN_SDK_VERSION__
C/C++:       |         ^
C/C++: In file included from /home/runner/work/x25-airplay-receiver/x25-airplay-receiver/app/.cxx/RelWithDebInfo/416841uv/x86_64/<built-in>:399:
C/C++: /home/runner/work/x25-airplay-receiver/x25-airplay-receiver/app/.cxx/RelWithDebInfo/416841uv/x86_64/<command line>:30:9: warning: '__ANDROID_API__' macro redefined [-Wmacro-redefined]
C/C++:    30 | #define __ANDROID_API__ 24
C/C++:       |         ^
C/C++: /home/runner/work/x25-airplay-receiver/x25-airplay-receiver/app/.cxx/RelWithDebInfo/416841uv/x86_64/<built-in>:391:9: note: previous definition is here
C/C++:   391 | #define __ANDROID_API__ __ANDROID_MIN_SDK_VERSION__
C/C++:       |         ^
C/C++: 1 warning generated.
C/C++: In file included from /home/runner/work/x25-airplay-receiver/x25-airplay-receiver/app/.cxx/RelWithDebInfo/416841uv/x86_64/<built-in>:399:
C/C++: /home/runner/work/x25-airplay-receiver/x25-airplay-receiver/app/.cxx/RelWithDebInfo/416841uv/x86_64/<command line>:30:9: warning: '__ANDROID_API__' macro redefined [-Wmacro-redefined]
C/C++:    30 | #define __ANDROID_API__ 24
C/C++:       |         ^
C/C++: /home/runner/work/x25-airplay-receiver/x25-airplay-receiver/app/.cxx/RelWithDebInfo/416841uv/x86_64/<built-in>:391:9: note: previous definition is here
C/C++:   391 | #define __ANDROID_API__ __ANDROID_MIN_SDK_VERSION__
C/C++:       |         ^
C/C++: In file included from /home/runner/work/x25-airplay-receiver/x25-airplay-receiver/app/.cxx/RelWithDebInfo/416841uv/x86_64/<built-in>:399:
C/C++: /home/runner/work/x25-airplay-receiver/x25-airplay-receiver/app/.cxx/RelWithDebInfo/416841uv/x86_64/<command line>:30:9: warning: '__ANDROID_API__' macro redefined [-Wmacro-redefined]
C/C++:    30 | #define __ANDROID_API__ 24
C/C++:       |         ^
C/C++: /home/runner/work/x25-airplay-receiver/x25-airplay-receiver/app/.cxx/RelWithDebInfo/416841uv/x86_64/<built-in>:391:9: note: previous definition is here
C/C++:   391 | #define __ANDROID_API__ __ANDROID_MIN_SDK_VERSION__
C/C++:       |         ^
C/C++: In file included from /home/runner/work/x25-airplay-receiver/x25-airplay-receiver/app/.cxx/RelWithDebInfo/416841uv/x86_64/<built-in>:399:
C/C++: /home/runner/work/x25-airplay-receiver/x25-airplay-receiver/app/.cxx/RelWithDebInfo/416841uv/x86_64/<command line>:30:9: warning: '__ANDROID_API__' macro redefined [-Wmacro-redefined]
C/C++:    30 | #define __ANDROID_API__ 24
C/C++:       |         ^
C/C++: /home/runner/work/x25-airplay-receiver/x25-airplay-receiver/app/.cxx/RelWithDebInfo/416841uv/x86_64/<built-in>:391:9: note: previous definition is here
C/C++:   391 | #define __ANDROID_API__ __ANDROID_MIN_SDK_VERSION__
C/C++:       |         ^
C/C++: 1 warning generated.
C/C++: In file included from /home/runner/work/x25-airplay-receiver/x25-airplay-receiver/app/.cxx/RelWithDebInfo/416841uv/x86_64/<built-in>:399:
C/C++: /home/runner/work/x25-airplay-receiver/x25-airplay-receiver/app/.cxx/RelWithDebInfo/416841uv/x86_64/<command line>:30:9: warning: '__ANDROID_API__' macro redefined [-Wmacro-redefined]
C/C++:    30 | #define __ANDROID_API__ 24
C/C++:       |         ^
C/C++: /home/runner/work/x25-airplay-receiver/x25-airplay-receiver/app/.cxx/RelWithDebInfo/416841uv/x86_64/<built-in>:391:9: note: previous definition is here
C/C++:   391 | #define __ANDROID_API__ __ANDROID_MIN_SDK_VERSION__
C/C++:       |         ^
C/C++: 1 warning generated.
C/C++: In file included from /home/runner/work/x25-airplay-receiver/x25-airplay-receiver/app/.cxx/RelWithDebInfo/416841uv/x86_64/<built-in>:399:
C/C++: /home/runner/work/x25-airplay-receiver/x25-airplay-receiver/app/.cxx/RelWithDebInfo/416841uv/x86_64/<command line>:30:9: warning: '__ANDROID_API__' macro redefined [-Wmacro-redefined]
C/C++:    30 | #define __ANDROID_API__ 24
C/C++:       |         ^
C/C++: /home/runner/work/x25-airplay-receiver/x25-airplay-receiver/app/.cxx/RelWithDebInfo/416841uv/x86_64/<built-in>:391:9: note: previous definition is here
C/C++:   391 | #define __ANDROID_API__ __ANDROID_MIN_SDK_VERSION__
C/C++:       |         ^
C/C++: 1 warning generated.
C/C++: In file included from /home/runner/work/x25-airplay-receiver/x25-airplay-receiver/app/.cxx/RelWithDebInfo/416841uv/x86_64/<built-in>:399:
C/C++: /home/runner/work/x25-airplay-receiver/x25-airplay-receiver/app/.cxx/RelWithDebInfo/416841uv/x86_64/<command line>:30:9: warning: '__ANDROID_API__' macro redefined [-Wmacro-redefined]
C/C++:    30 | #define __ANDROID_API__ 24
C/C++:       |         ^
C/C++: /home/runner/work/x25-airplay-receiver/x25-airplay-receiver/app/.cxx/RelWithDebInfo/416841uv/x86_64/<built-in>:391:9: note: previous definition is here
C/C++:   391 | #define __ANDROID_API__ __ANDROID_MIN_SDK_VERSION__
C/C++:       |         ^
C/C++: In file included from /home/runner/work/x25-airplay-receiver/x25-airplay-receiver/app/.cxx/RelWithDebInfo/416841uv/x86_64/<built-in>:399:
C/C++: /home/runner/work/x25-airplay-receiver/x25-airplay-receiver/app/.cxx/RelWithDebInfo/416841uv/x86_64/<command line>:30:9: warning: '__ANDROID_API__' macro redefined [-Wmacro-redefined]
C/C++:    30 | #define __ANDROID_API__ 24
C/C++:       |         ^
C/C++: /home/runner/work/x25-airplay-receiver/x25-airplay-receiver/app/.cxx/RelWithDebInfo/416841uv/x86_64/<built-in>:391:9: note: previous definition is here
C/C++:   391 | #define __ANDROID_API__ __ANDROID_MIN_SDK_VERSION__
C/C++:       |         ^
C/C++: 1 warning generated.
C/C++: In file included from /home/runner/work/x25-airplay-receiver/x25-airplay-receiver/app/.cxx/RelWithDebInfo/416841uv/x86_64/<built-in>:399:
C/C++: /home/runner/work/x25-airplay-receiver/x25-airplay-receiver/app/.cxx/RelWithDebInfo/416841uv/x86_64/<command line>:30:9: warning: '__ANDROID_API__' macro redefined [-Wmacro-redefined]
C/C++:    30 | #define __ANDROID_API__ 24
C/C++:       |         ^
C/C++: /home/runner/work/x25-airplay-receiver/x25-airplay-receiver/app/.cxx/RelWithDebInfo/416841uv/x86_64/<built-in>:391:9: note: previous definition is here
C/C++:   391 | #define __ANDROID_API__ __ANDROID_MIN_SDK_VERSION__
C/C++:       |         ^
C/C++: x86_64-linux-android24-clang  -I. -Iinclude -Iproviders/common/include -Iproviders/implementations/include  -DAES_ASM -DBSAES_ASM -DECP_NISTZ256_ASM -DGHASH_ASM -DKECCAK1600_ASM -DMD5_ASM -DOPENSSL_BN_ASM_GF2m -DOPENSSL_BN_ASM_MONT -DOPENSSL_BN_ASM_MONT5 -DOPENSSL_CPUID_OBJ -DOPENSSL_IA32_SSE2 -DPOLY1305_ASM -DSHA1_ASM -DSHA256_ASM -DSHA512_ASM -DSTATIC_LEGACY -DVPAES_ASM -DWHIRLPOOL_ASM -DX25519_ASM -fPIC -pthread -Wa,--noexecstack -Qunused-arguments -g -DANDROID -fdata-sections -ffunction-sections -funwind-tables -fstack-protector-strong -no-canonical-prefixes -D__BIONIC_NO_PAGE_SIZE_MACRO -D_FORTIFY_SOURCE=2 -Wformat -Werror=format-security  -ffile-prefix-map=/home/runner/work/x25-airplay-receiver/x25-airplay-receiver/app/src/main/cpp=. -ffile-prefix-map=/home/runner/work/x25-airplay-receiver/x25-airplay-receiver/app/.cxx/RelWithDebInfo/416841uv/x86_64=. -ffile-prefix-map=/usr/local/lib/android/sdk/ndk/27.0.12077973=. -Qunused-arguments -DOPENSSL_USE_NODELETE -DOPENSSL_PIC -DOPENSSLDIR="\"/usr/local/ssl\"" -DENGINESDIR="\"/usr/local/lib/engines-3\"" -DMODULESDIR="\"/usr/local/lib/ossl-modules\"" -DOPENSSL_BUILDING_OPENSSL -DNDEBUG -D__ANDROID_API__=24 -g -DANDROID -fdata-sections -ffunction-sections -funwind-tables -fstack-protector-strong -no-canonical-prefixes -D__BIONIC_NO_PAGE_SIZE_MACRO -D_FORTIFY_SOURCE=2 -Wformat -Werror=format-security   -ffile-prefix-map=/home/runner/work/x25-airplay-receiver/x25-airplay-receiver/app/src/main/cpp=. -ffile-prefix-map=/home/runner/work/x25-airplay-receiver/x25-airplay-receiver/app/.cxx/RelWithDebInfo/416841uv/x86_64=. -ffile-prefix-map=/usr/local/lib/android/sdk/ndk/27.0.12077973=. -Qunused-arguments -MMD -MF crypto/md5/libcrypto-shlib-md5_dgst.d.tmp -c -o crypto/md5/libcrypto-shlib-md5_dgst.o crypto/md5/md5_dgst.c
C/C++: 1 warning generated.
C/C++: In file included from /home/runner/work/x25-airplay-receiver/x25-airplay-receiver/app/.cxx/RelWithDebInfo/416841uv/x86_64/<built-in>:399:
C/C++: /home/runner/work/x25-airplay-receiver/x25-airplay-receiver/app/.cxx/RelWithDebInfo/416841uv/x86_64/<command line>:30:9: warning: '__ANDROID_API__' macro redefined [-Wmacro-redefined]
C/C++:    30 | #define __ANDROID_API__ 24
C/C++:       |         ^
C/C++: /home/runner/work/x25-airplay-receiver/x25-airplay-receiver/app/.cxx/RelWithDebInfo/416841uv/x86_64/<built-in>:391:9: note: previous definition is here
C/C++:   391 | #define __ANDROID_API__ __ANDROID_MIN_SDK_VERSION__
C/C++:       |         ^
C/C++: In file included from /home/runner/work/x25-airplay-receiver/x25-airplay-receiver/app/.cxx/RelWithDebInfo/416841uv/x86_64/<built-in>:399:
C/C++: /home/runner/work/x25-airplay-receiver/x25-airplay-receiver/app/.cxx/RelWithDebInfo/416841uv/x86_64/<command line>:30:9: warning: '__ANDROID_API__' macro redefined [-Wmacro-redefined]
C/C++:    30 | #define __ANDROID_API__ 24
C/C++:       |         ^
C/C++: /home/runner/work/x25-airplay-receiver/x25-airplay-receiver/app/.cxx/RelWithDebInfo/416841uv/x86_64/<built-in>:391:9: note: previous definition is here
C/C++:   391 | #define __ANDROID_API__ __ANDROID_MIN_SDK_VERSION__
C/C++:       |         ^
C/C++: 1 warning generated.
C/C++: In file included from /home/runner/work/x25-airplay-receiver/x25-airplay-receiver/app/.cxx/RelWithDebInfo/416841uv/x86_64/<built-in>:399:
C/C++: /home/runner/work/x25-airplay-receiver/x25-airplay-receiver/app/.cxx/RelWithDebInfo/416841uv/x86_64/<command line>:30:9: warning: '__ANDROID_API__' macro redefined [-Wmacro-redefined]
C/C++:    30 | #define __ANDROID_API__ 24
C/C++:       |         ^
C/C++: /home/runner/work/x25-airplay-receiver/x25-airplay-receiver/app/.cxx/RelWithDebInfo/416841uv/x86_64/<built-in>:391:9: note: previous definition is here
C/C++:   391 | #define __ANDROID_API__ __ANDROID_MIN_SDK_VERSION__
C/C++:       |         ^
C/C++: x86_64-linux-android24-clang -fPIC -pthread -Wa,--noexecstack -Qunused-arguments -g -DANDROID -fdata-sections -ffunction-sections -funwind-tables -fstack-protector-strong -no-canonical-prefixes -D__BIONIC_NO_PAGE_SIZE_MACRO -D_FORTIFY_SOURCE=2 -Wformat -Werror=format-security  -ffile-prefix-map=/home/runner/work/x25-airplay-receiver/x25-airplay-receiver/app/src/main/cpp=. -ffile-prefix-map=/home/runner/work/x25-airplay-receiver/x25-airplay-receiver/app/.cxx/RelWithDebInfo/416841uv/x86_64=. -ffile-prefix-map=/usr/local/lib/android/sdk/ndk/27.0.12077973=. -Qunused-arguments -DOPENSSL_USE_NODELETE -DOPENSSL_PIC -DOPENSSLDIR="\"/usr/local/ssl\"" -DENGINESDIR="\"/usr/local/lib/engines-3\"" -DMODULESDIR="\"/usr/local/lib/ossl-modules\"" -DOPENSSL_BUILDING_OPENSSL -DNDEBUG -D__ANDROID_API__=24 -g -DANDROID -fdata-sections -ffunction-sections -funwind-tables -fstack-protector-strong -no-canonical-prefixes -D__BIONIC_NO_PAGE_SIZE_MACRO -D_FORTIFY_SOURCE=2 -Wformat -Werror=format-security   -ffile-prefix-map=/home/runner/work/x25-airplay-receiver/x25-airplay-receiver/app/src/main/cpp=. -ffile-prefix-map=/home/runner/work/x25-airplay-receiver/x25-airplay-receiver/app/.cxx/RelWithDebInfo/416841uv/x86_64=. -ffile-prefix-map=/usr/local/lib/android/sdk/ndk/27.0.12077973=. -Qunused-arguments -c -o crypto/modes/libcrypto-shlib-aes-gcm-avx512.o crypto/modes/aes-gcm-avx512.s
C/C++: 1 warning generated.
C/C++: In file included from /home/runner/work/x25-airplay-receiver/x25-airplay-receiver/app/.cxx/RelWithDebInfo/416841uv/x86_64/<built-in>:399:
C/C++: /home/runner/work/x25-airplay-receiver/x25-airplay-receiver/app/.cxx/RelWithDebInfo/416841uv/x86_64/<command line>:30:9: warning: '__ANDROID_API__' macro redefined [-Wmacro-redefined]
C/C++:    30 | #define __ANDROID_API__ 24
C/C++:       |         ^
C/C++: /home/runner/work/x25-airplay-receiver/x25-airplay-receiver/app/.cxx/RelWithDebInfo/416841uv/x86_64/<built-in>:391:9: note: previous definition is here
C/C++:   391 | #define __ANDROID_API__ __ANDROID_MIN_SDK_VERSION__
C/C++:       |         ^
C/C++: x86_64-linux-android24-clang  -I. -Iinclude -Iproviders/common/include -Iproviders/implementations/include  -DAES_ASM -DBSAES_ASM -DECP_NISTZ256_ASM -DGHASH_ASM -DKECCAK1600_ASM -DMD5_ASM -DOPENSSL_BN_ASM_GF2m -DOPENSSL_BN_ASM_MONT -DOPENSSL_BN_ASM_MONT5 -DOPENSSL_CPUID_OBJ -DOPENSSL_IA32_SSE2 -DPOLY1305_ASM -DSHA1_ASM -DSHA256_ASM -DSHA512_ASM -DSTATIC_LEGACY -DVPAES_ASM -DWHIRLPOOL_ASM -DX25519_ASM -fPIC -pthread -Wa,--noexecstack -Qunused-arguments -g -DANDROID -fdata-sections -ffunction-sections -funwind-tables -fstack-protector-strong -no-canonical-prefixes -D__BIONIC_NO_PAGE_SIZE_MACRO -D_FORTIFY_SOURCE=2 -Wformat -Werror=format-security  -ffile-prefix-map=/home/runner/work/x25-airplay-receiver/x25-airplay-receiver/app/src/main/cpp=. -ffile-prefix-map=/home/runner/work/x25-airplay-receiver/x25-airplay-receiver/app/.cxx/RelWithDebInfo/416841uv/x86_64=. -ffile-prefix-map=/usr/local/lib/android/sdk/ndk/27.0.12077973=. -Qunused-arguments -DOPENSSL_USE_NODELETE -DOPENSSL_PIC -DOPENSSLDIR="\"/usr/local/ssl\"" -DENGINESDIR="\"/usr/local/lib/engines-3\"" -DMODULESDIR="\"/usr/local/lib/ossl-modules\"" -DOPENSSL_BUILDING_OPENSSL -DNDEBUG -D__ANDROID_API__=24 -g -DANDROID -fdata-sections -ffunction-sections -funwind-tables -fstack-protector-strong -no-canonical-prefixes -D__BIONIC_NO_PAGE_SIZE_MACRO -D_FORTIFY_SOURCE=2 -Wformat -Werror=format-security   -ffile-prefix-map=/home/runner/work/x25-airplay-receiver/x25-airplay-receiver/app/src/main/cpp=. -ffile-prefix-map=/home/runner/work/x25-airplay-receiver/x25-airplay-receiver/app/.cxx/RelWithDebInfo/416841uv/x86_64=. -ffile-prefix-map=/usr/local/lib/android/sdk/ndk/27.0.12077973=. -Qunused-arguments -MMD -MF crypto/modes/libcrypto-shlib-ccm128.d.tmp -c -o crypto/modes/libcrypto-shlib-ccm128.o crypto/modes/ccm128.c
C/C++: In file included from /home/runner/work/x25-airplay-receiver/x25-airplay-receiver/app/.cxx/RelWithDebInfo/416841uv/x86_64/<built-in>:399:
C/C++: /home/runner/work/x25-airplay-receiver/x25-airplay-receiver/app/.cxx/RelWithDebInfo/416841uv/x86_64/<command line>:30:9: warning: '__ANDROID_API__' macro redefined [-Wmacro-redefined]
C/C++:    30 | #define __ANDROID_API__ 24
C/C++:       |         ^
C/C++: /home/runner/work/x25-airplay-receiver/x25-airplay-receiver/app/.cxx/RelWithDebInfo/416841uv/x86_64/<built-in>:391:9: note: previous definition is here
C/C++:   391 | #define __ANDROID_API__ __ANDROID_MIN_SDK_VERSION__
C/C++:       |         ^
C/C++: 1 warning generated.
C/C++: In file included from /home/runner/work/x25-airplay-receiver/x25-airplay-receiver/app/.cxx/RelWithDebInfo/416841uv/x86_64/<built-in>:399:
C/C++: /home/runner/work/x25-airplay-receiver/x25-airplay-receiver/app/.cxx/RelWithDebInfo/416841uv/x86_64/<command line>:30:9: warning: '__ANDROID_API__' macro redefined [-Wmacro-redefined]
C/C++:    30 | #define __ANDROID_API__ 24
C/C++:       |         ^
C/C++: /home/runner/work/x25-airplay-receiver/x25-airplay-receiver/app/.cxx/RelWithDebInfo/416841uv/x86_64/<built-in>:391:9: note: previous definition is here
C/C++:   391 | #define __ANDROID_API__ __ANDROID_MIN_SDK_VERSION__
C/C++:       |         ^
C/C++: In file included from /home/runner/work/x25-airplay-receiver/x25-airplay-receiver/app/.cxx/RelWithDebInfo/416841uv/x86_64/<built-in>:399:
C/C++: /home/runner/work/x25-airplay-receiver/x25-airplay-receiver/app/.cxx/RelWithDebInfo/416841uv/x86_64/<command line>:30:9: warning: '__ANDROID_API__' macro redefined [-Wmacro-redefined]
C/C++:    30 | #define __ANDROID_API__ 24
C/C++:       |         ^
C/C++: /home/runner/work/x25-airplay-receiver/x25-airplay-receiver/app/.cxx/RelWithDebInfo/416841uv/x86_64/<built-in>:391:9: note: previous definition is here
C/C++:   391 | #define __ANDROID_API__ __ANDROID_MIN_SDK_VERSION__
C/C++:       |         ^
C/C++: 1 warning generated.
C/C++: In file included from /home/runner/work/x25-airplay-receiver/x25-airplay-receiver/app/.cxx/RelWithDebInfo/416841uv/x86_64/<built-in>:399:
C/C++: /home/runner/work/x25-airplay-receiver/x25-airplay-receiver/app/.cxx/RelWithDebInfo/416841uv/x86_64/<command line>:30:9: warning: '__ANDROID_API__' macro redefined [-Wmacro-redefined]
C/C++:    30 | #define __ANDROID_API__ 24
C/C++:       |         ^
C/C++: /home/runner/work/x25-airplay-receiver/x25-airplay-receiver/app/.cxx/RelWithDebInfo/416841uv/x86_64/<built-in>:391:9: note: previous definition is here
C/C++:   391 | #define __ANDROID_API__ __ANDROID_MIN_SDK_VERSION__
C/C++:       |         ^
C/C++: x86_64-linux-android24-clang  -Icrypto -I. -Iinclude -Iproviders/common/include -Iproviders/implementations/include  -DAES_ASM -DBSAES_ASM -DECP_NISTZ256_ASM -DGHASH_ASM -DKECCAK1600_ASM -DMD5_ASM -DOPENSSL_BN_ASM_GF2m -DOPENSSL_BN_ASM_MONT -DOPENSSL_BN_ASM_MONT5 -DOPENSSL_CPUID_OBJ -DOPENSSL_IA32_SSE2 -DPOLY1305_ASM -DSHA1_ASM -DSHA256_ASM -DSHA512_ASM -DSTATIC_LEGACY -DVPAES_ASM -DWHIRLPOOL_ASM -DX25519_ASM -fPIC -pthread -Wa,--noexecstack -Qunused-arguments -g -DANDROID -fdata-sections -ffunction-sections -funwind-tables -fstack-protector-strong -no-canonical-prefixes -D__BIONIC_NO_PAGE_SIZE_MACRO -D_FORTIFY_SOURCE=2 -Wformat -Werror=format-security  -ffile-prefix-map=/home/runner/work/x25-airplay-receiver/x25-airplay-receiver/app/src/main/cpp=. -ffile-prefix-map=/home/runner/work/x25-airplay-receiver/x25-airplay-receiver/app/.cxx/RelWithDebInfo/416841uv/x86_64=. -ffile-prefix-map=/usr/local/lib/android/sdk/ndk/27.0.12077973=. -Qunused-arguments -DOPENSSL_USE_NODELETE -DOPENSSL_PIC -DOPENSSLDIR="\"/usr/local/ssl\"" -DENGINESDIR="\"/usr/local/lib/engines-3\"" -DMODULESDIR="\"/usr/local/lib/ossl-modules\"" -DOPENSSL_BUILDING_OPENSSL -DNDEBUG -D__ANDROID_API__=24 -g -DANDROID -fdata-sections -ffunction-sections -funwind-tables -fstack-protector-strong -no-canonical-prefixes -D__BIONIC_NO_PAGE_SIZE_MACRO -D_FORTIFY_SOURCE=2 -Wformat -Werror=format-security   -ffile-prefix-map=/home/runner/work/x25-airplay-receiver/x25-airplay-receiver/app/src/main/cpp=. -ffile-prefix-map=/home/runner/work/x25-airplay-receiver/x25-airplay-receiver/app/.cxx/RelWithDebInfo/416841uv/x86_64=. -ffile-prefix-map=/usr/local/lib/android/sdk/ndk/27.0.12077973=. -Qunused-arguments -MMD -MF crypto/modes/libcrypto-shlib-gcm128.d.tmp -c -o crypto/modes/libcrypto-shlib-gcm128.o crypto/modes/gcm128.c
C/C++: x86_64-linux-android24-clang -fPIC -pthread -Wa,--noexecstack -Qunused-arguments -g -DANDROID -fdata-sections -ffunction-sections -funwind-tables -fstack-protector-strong -no-canonical-prefixes -D__BIONIC_NO_PAGE_SIZE_MACRO -D_FORTIFY_SOURCE=2 -Wformat -Werror=format-security  -ffile-prefix-map=/home/runner/work/x25-airplay-receiver/x25-airplay-receiver/app/src/main/cpp=. -ffile-prefix-map=/home/runner/work/x25-airplay-receiver/x25-airplay-receiver/app/.cxx/RelWithDebInfo/416841uv/x86_64=. -ffile-prefix-map=/usr/local/lib/android/sdk/ndk/27.0.12077973=. -Qunused-arguments -DOPENSSL_USE_NODELETE -DOPENSSL_PIC -DOPENSSLDIR="\"/usr/local/ssl\"" -DENGINESDIR="\"/usr/local/lib/engines-3\"" -DMODULESDIR="\"/usr/local/lib/ossl-modules\"" -DOPENSSL_BUILDING_OPENSSL -DNDEBUG -D__ANDROID_API__=24 -g -DANDROID -fdata-sections -ffunction-sections -funwind-tables -fstack-protector-strong -no-canonical-prefixes -D__BIONIC_NO_PAGE_SIZE_MACRO -D_FORTIFY_SOURCE=2 -Wformat -Werror=format-security   -ffile-prefix-map=/home/runner/work/x25-airplay-receiver/x25-airplay-receiver/app/src/main/cpp=. -ffile-prefix-map=/home/runner/work/x25-airplay-receiver/x25-airplay-receiver/app/.cxx/RelWithDebInfo/416841uv/x86_64=. -ffile-prefix-map=/usr/local/lib/android/sdk/ndk/27.0.12077973=. -Qunused-arguments -c -o crypto/modes/libcrypto-shlib-ghash-x86_64.o crypto/modes/ghash-x86_64.s
C/C++: In file included from /home/runner/work/x25-airplay-receiver/x25-airplay-receiver/app/.cxx/RelWithDebInfo/416841uv/x86_64/<built-in>:399:
C/C++: /home/runner/work/x25-airplay-receiver/x25-airplay-receiver/app/.cxx/RelWithDebInfo/416841uv/x86_64/<command line>:30:9: warning: '__ANDROID_API__' macro redefined [-Wmacro-redefined]
C/C++:    30 | #define __ANDROID_API__ 24
C/C++:       |         ^
C/C++: /home/runner/work/x25-airplay-receiver/x25-airplay-receiver/app/.cxx/RelWithDebInfo/416841uv/x86_64/<built-in>:391:9: note: previous definition is here
C/C++:   391 | #define __ANDROID_API__ __ANDROID_MIN_SDK_VERSION__
C/C++:       |         ^
C/C++: x86_64-linux-android24-clang  -I. -Iinclude -Iproviders/common/include -Iproviders/implementations/include  -DAES_ASM -DBSAES_ASM -DECP_NISTZ256_ASM -DGHASH_ASM -DKECCAK1600_ASM -DMD5_ASM -DOPENSSL_BN_ASM_GF2m -DOPENSSL_BN_ASM_MONT -DOPENSSL_BN_ASM_MONT5 -DOPENSSL_CPUID_OBJ -DOPENSSL_IA32_SSE2 -DPOLY1305_ASM -DSHA1_ASM -DSHA256_ASM -DSHA512_ASM -DSTATIC_LEGACY -DVPAES_ASM -DWHIRLPOOL_ASM -DX25519_ASM -fPIC -pthread -Wa,--noexecstack -Qunused-arguments -g -DANDROID -fdata-sections -ffunction-sections -funwind-tables -fstack-protector-strong -no-canonical-prefixes -D__BIONIC_NO_PAGE_SIZE_MACRO -D_FORTIFY_SOURCE=2 -Wformat -Werror=format-security  -ffile-prefix-map=/home/runner/work/x25-airplay-receiver/x25-airplay-receiver/app/src/main/cpp=. -ffile-prefix-map=/home/runner/work/x25-airplay-receiver/x25-airplay-receiver/app/.cxx/RelWithDebInfo/416841uv/x86_64=. -ffile-prefix-map=/usr/local/lib/android/sdk/ndk/27.0.12077973=. -Qunused-arguments -DOPENSSL_USE_NODELETE -DOPENSSL_PIC -DOPENSSLDIR="\"/usr/local/ssl\"" -DENGINESDIR="\"/usr/local/lib/engines-3\"" -DMODULESDIR="\"/usr/local/lib/ossl-modules\"" -DOPENSSL_BUILDING_OPENSSL -DNDEBUG -D__ANDROID_API__=24 -g -DANDROID -fdata-sections -ffunction-sections -funwind-tables -fstack-protector-strong -no-canonical-prefixes -D__BIONIC_NO_PAGE_SIZE_MACRO -D_FORTIFY_SOURCE=2 -Wformat -Werror=format-security   -ffile-prefix-map=/home/runner/work/x25-airplay-receiver/x25-airplay-receiver/app/src/main/cpp=. -ffile-prefix-map=/home/runner/work/x25-airplay-receiver/x25-airplay-receiver/app/.cxx/RelWithDebInfo/416841uv/x86_64=. -ffile-prefix-map=/usr/local/lib/android/sdk/ndk/27.0.12077973=. -Qunused-arguments -MMD -MF crypto/modes/libcrypto-shlib-ocb128.d.tmp -c -o crypto/modes/libcrypto-shlib-ocb128.o crypto/modes/ocb128.c
C/C++: 1 warning generated.
C/C++: In file included from /home/runner/work/x25-airplay-receiver/x25-airplay-receiver/app/.cxx/RelWithDebInfo/416841uv/x86_64/<built-in>:399:
C/C++: /home/runner/work/x25-airplay-receiver/x25-airplay-receiver/app/.cxx/RelWithDebInfo/416841uv/x86_64/<command line>:30:9: warning: '__ANDROID_API__' macro redefined [-Wmacro-redefined]
C/C++:    30 | #define __ANDROID_API__ 24
C/C++:       |         ^
C/C++: /home/runner/work/x25-airplay-receiver/x25-airplay-receiver/app/.cxx/RelWithDebInfo/416841uv/x86_64/<built-in>:391:9: note: previous definition is here
C/C++:   391 | #define __ANDROID_API__ __ANDROID_MIN_SDK_VERSION__
C/C++:       |         ^
C/C++: In file included from /home/runner/work/x25-airplay-receiver/x25-airplay-receiver/app/.cxx/RelWithDebInfo/416841uv/x86_64/<built-in>:399:
C/C++: /home/runner/work/x25-airplay-receiver/x25-airplay-receiver/app/.cxx/RelWithDebInfo/416841uv/x86_64/<command line>:30:9: warning: '__ANDROID_API__' macro redefined [-Wmacro-redefined]
C/C++:    30 | #define __ANDROID_API__ 24
C/C++:       |         ^
C/C++: /home/runner/work/x25-airplay-receiver/x25-airplay-receiver/app/.cxx/RelWithDebInfo/416841uv/x86_64/<built-in>:391:9: note: previous definition is here
C/C++:   391 | #define __ANDROID_API__ __ANDROID_MIN_SDK_VERSION__
C/C++:       |         ^
C/C++: 1 warning generated.
C/C++: In file included from /home/runner/work/x25-airplay-receiver/x25-airplay-receiver/app/.cxx/RelWithDebInfo/416841uv/x86_64/<built-in>:399:
C/C++: /home/runner/work/x25-airplay-receiver/x25-airplay-receiver/app/.cxx/RelWithDebInfo/416841uv/x86_64/<command line>:30:9: warning: '__ANDROID_API__' macro redefined [-Wmacro-redefined]
C/C++:    30 | #define __ANDROID_API__ 24
C/C++:       |         ^
C/C++: /home/runner/work/x25-airplay-receiver/x25-airplay-receiver/app/.cxx/RelWithDebInfo/416841uv/x86_64/<built-in>:391:9: note: previous definition is here
C/C++:   391 | #define __ANDROID_API__ __ANDROID_MIN_SDK_VERSION__
C/C++:       |         ^
C/C++: x86_64-linux-android24-clang  -I. -Iinclude -Iproviders/common/include -Iproviders/implementations/include  -DAES_ASM -DBSAES_ASM -DECP_NISTZ256_ASM -DGHASH_ASM -DKECCAK1600_ASM -DMD5_ASM -DOPENSSL_BN_ASM_GF2m -DOPENSSL_BN_ASM_MONT -DOPENSSL_BN_ASM_MONT5 -DOPENSSL_CPUID_OBJ -DOPENSSL_IA32_SSE2 -DPOLY1305_ASM -DSHA1_ASM -DSHA256_ASM -DSHA512_ASM -DSTATIC_LEGACY -DVPAES_ASM -DWHIRLPOOL_ASM -DX25519_ASM -fPIC -pthread -Wa,--noexecstack -Qunused-arguments -g -DANDROID -fdata-sections -ffunction-sections -funwind-tables -fstack-protector-strong -no-canonical-prefixes -D__BIONIC_NO_PAGE_SIZE_MACRO -D_FORTIFY_SOURCE=2 -Wformat -Werror=format-security  -ffile-prefix-map=/home/runner/work/x25-airplay-receiver/x25-airplay-receiver/app/src/main/cpp=. -ffile-prefix-map=/home/runner/work/x25-airplay-receiver/x25-airplay-receiver/app/.cxx/RelWithDebInfo/416841uv/x86_64=. -ffile-prefix-map=/usr/local/lib/android/sdk/ndk/27.0.12077973=. -Qunused-arguments -DOPENSSL_USE_NODELETE -DOPENSSL_PIC -DOPENSSLDIR="\"/usr/local/ssl\"" -DENGINESDIR="\"/usr/local/lib/engines-3\"" -DMODULESDIR="\"/usr/local/lib/ossl-modules\"" -DOPENSSL_BUILDING_OPENSSL -DNDEBUG -D__ANDROID_API__=24 -g -DANDROID -fdata-sections -ffunction-sections -funwind-tables -fstack-protector-strong -no-canonical-prefixes -D__BIONIC_NO_PAGE_SIZE_MACRO -D_FORTIFY_SOURCE=2 -Wformat -Werror=format-security   -ffile-prefix-map=/home/runner/work/x25-airplay-receiver/x25-airplay-receiver/app/src/main/cpp=. -ffile-prefix-map=/home/runner/work/x25-airplay-receiver/x25-airplay-receiver/app/.cxx/RelWithDebInfo/416841uv/x86_64=. -ffile-prefix-map=/usr/local/lib/android/sdk/ndk/27.0.12077973=. -Qunused-arguments -MMD -MF crypto/modes/libcrypto-shlib-xts128.d.tmp -c -o crypto/modes/libcrypto-shlib-xts128.o crypto/modes/xts128.c
C/C++: In file included from /home/runner/work/x25-airplay-receiver/x25-airplay-receiver/app/.cxx/RelWithDebInfo/416841uv/x86_64/<built-in>:399:
C/C++: /home/runner/work/x25-airplay-receiver/x25-airplay-receiver/app/.cxx/RelWithDebInfo/416841uv/x86_64/<command line>:30:9: warning: '__ANDROID_API__' macro redefined [-Wmacro-redefined]
C/C++:    30 | #define __ANDROID_API__ 24
C/C++:       |         ^
C/C++: /home/runner/work/x25-airplay-receiver/x25-airplay-receiver/app/.cxx/RelWithDebInfo/416841uv/x86_64/<built-in>:391:9: note: previous definition is here
C/C++:   391 | #define __ANDROID_API__ __ANDROID_MIN_SDK_VERSION__
C/C++:       |         ^
C/C++: In file included from /home/runner/work/x25-airplay-receiver/x25-airplay-receiver/app/.cxx/RelWithDebInfo/416841uv/x86_64/<built-in>:399:
C/C++: /home/runner/work/x25-airplay-receiver/x25-airplay-receiver/app/.cxx/RelWithDebInfo/416841uv/x86_64/<command line>:30:9: warning: '__ANDROID_API__' macro redefined [-Wmacro-redefined]
C/C++:    30 | #define __ANDROID_API__ 24
C/C++:       |         ^
C/C++: /home/runner/work/x25-airplay-receiver/x25-airplay-receiver/app/.cxx/RelWithDebInfo/416841uv/x86_64/<built-in>:391:9: note: previous definition is here
C/C++:   391 | #define __ANDROID_API__ __ANDROID_MIN_SDK_VERSION__
C/C++:       |         ^
C/C++: 1 warning generated.
C/C++: In file included from /home/runner/work/x25-airplay-receiver/x25-airplay-receiver/app/.cxx/RelWithDebInfo/416841uv/x86_64/<built-in>:399:
C/C++: /home/runner/work/x25-airplay-receiver/x25-airplay-receiver/app/.cxx/RelWithDebInfo/416841uv/x86_64/<command line>:30:9: warning: '__ANDROID_API__' macro redefined [-Wmacro-redefined]
C/C++:    30 | #define __ANDROID_API__ 24
C/C++:       |         ^
C/C++: /home/runner/work/x25-airplay-receiver/x25-airplay-receiver/app/.cxx/RelWithDebInfo/416841uv/x86_64/<built-in>:391:9: note: previous definition is here
C/C++:   391 | #define __ANDROID_API__ __ANDROID_MIN_SDK_VERSION__
C/C++:       |         ^
C/C++: x86_64-linux-android24-clang  -I. -Iinclude -Iproviders/common/include -Iproviders/implementations/include  -DAES_ASM -DBSAES_ASM -DECP_NISTZ256_ASM -DGHASH_ASM -DKECCAK1600_ASM -DMD5_ASM -DOPENSSL_BN_ASM_GF2m -DOPENSSL_BN_ASM_MONT -DOPENSSL_BN_ASM_MONT5 -DOPENSSL_CPUID_OBJ -DOPENSSL_IA32_SSE2 -DPOLY1305_ASM -DSHA1_ASM -DSHA256_ASM -DSHA512_ASM -DSTATIC_LEGACY -DVPAES_ASM -DWHIRLPOOL_ASM -DX25519_ASM -fPIC -pthread -Wa,--noexecstack -Qunused-arguments -g -DANDROID -fdata-sections -ffunction-sections -funwind-tables -fstack-protector-strong -no-canonical-prefixes -D__BIONIC_NO_PAGE_SIZE_MACRO -D_FORTIFY_SOURCE=2 -Wformat -Werror=format-security  -ffile-prefix-map=/home/runner/work/x25-airplay-receiver/x25-airplay-receiver/app/src/main/cpp=. -ffile-prefix-map=/home/runner/work/x25-airplay-receiver/x25-airplay-receiver/app/.cxx/RelWithDebInfo/416841uv/x86_64=. -ffile-prefix-map=/usr/local/lib/android/sdk/ndk/27.0.12077973=. -Qunused-arguments -DOPENSSL_USE_NODELETE -DOPENSSL_PIC -DOPENSSLDIR="\"/usr/local/ssl\"" -DENGINESDIR="\"/usr/local/lib/engines-3\"" -DMODULESDIR="\"/usr/local/lib/ossl-modules\"" -DOPENSSL_BUILDING_OPENSSL -DNDEBUG -D__ANDROID_API__=24 -g -DANDROID -fdata-sections -ffunction-sections -funwind-tables -fstack-protector-strong -no-canonical-prefixes -D__BIONIC_NO_PAGE_SIZE_MACRO -D_FORTIFY_SOURCE=2 -Wformat -Werror=format-security   -ffile-prefix-map=/home/runner/work/x25-airplay-receiver/x25-airplay-receiver/app/src/main/cpp=. -ffile-prefix-map=/home/runner/work/x25-airplay-receiver/x25-airplay-receiver/app/.cxx/RelWithDebInfo/416841uv/x86_64=. -ffile-prefix-map=/usr/local/lib/android/sdk/ndk/27.0.12077973=. -Qunused-arguments -MMD -MF crypto/objects/libcrypto-shlib-o_names.d.tmp -c -o crypto/objects/libcrypto-shlib-o_names.o crypto/objects/o_names.c
C/C++: x86_64-linux-android24-clang  -I. -Iinclude -Iproviders/common/include -Iproviders/implementations/include  -DAES_ASM -DBSAES_ASM -DECP_NISTZ256_ASM -DGHASH_ASM -DKECCAK1600_ASM -DMD5_ASM -DOPENSSL_BN_ASM_GF2m -DOPENSSL_BN_ASM_MONT -DOPENSSL_BN_ASM_MONT5 -DOPENSSL_CPUID_OBJ -DOPENSSL_IA32_SSE2 -DPOLY1305_ASM -DSHA1_ASM -DSHA256_ASM -DSHA512_ASM -DSTATIC_LEGACY -DVPAES_ASM -DWHIRLPOOL_ASM -DX25519_ASM -fPIC -pthread -Wa,--noexecstack -Qunused-arguments -g -DANDROID -fdata-sections -ffunction-sections -funwind-tables -fstack-protector-strong -no-canonical-prefixes -D__BIONIC_NO_PAGE_SIZE_MACRO -D_FORTIFY_SOURCE=2 -Wformat -Werror=format-security  -ffile-prefix-map=/home/runner/work/x25-airplay-receiver/x25-airplay-receiver/app/src/main/cpp=. -ffile-prefix-map=/home/runner/work/x25-airplay-receiver/x25-airplay-receiver/app/.cxx/RelWithDebInfo/416841uv/x86_64=. -ffile-prefix-map=/usr/local/lib/android/sdk/ndk/27.0.12077973=. -Qunused-arguments -DOPENSSL_USE_NODELETE -DOPENSSL_PIC -DOPENSSLDIR="\"/usr/local/ssl\"" -DENGINESDIR="\"/usr/local/lib/engines-3\"" -DMODULESDIR="\"/usr/local/lib/ossl-modules\"" -DOPENSSL_BUILDING_OPENSSL -DNDEBUG -D__ANDROID_API__=24 -g -DANDROID -fdata-sections -ffunction-sections -funwind-tables -fstack-protector-strong -no-canonical-prefixes -D__BIONIC_NO_PAGE_SIZE_MACRO -D_FORTIFY_SOURCE=2 -Wformat -Werror=format-security   -ffile-prefix-map=/home/runner/work/x25-airplay-receiver/x25-airplay-receiver/app/src/main/cpp=. -ffile-prefix-map=/home/runner/work/x25-airplay-receiver/x25-airplay-receiver/app/.cxx/RelWithDebInfo/416841uv/x86_64=. -ffile-prefix-map=/usr/local/lib/android/sdk/ndk/27.0.12077973=. -Qunused-arguments -MMD -MF crypto/objects/libcrypto-shlib-obj_dat.d.tmp -c -o crypto/objects/libcrypto-shlib-obj_dat.o crypto/objects/obj_dat.c
C/C++: In file included from /home/runner/work/x25-airplay-receiver/x25-airplay-receiver/app/.cxx/RelWithDebInfo/416841uv/x86_64/<built-in>:399:
C/C++: /home/runner/work/x25-airplay-receiver/x25-airplay-receiver/app/.cxx/RelWithDebInfo/416841uv/x86_64/<command line>:30:9: warning: '__ANDROID_API__' macro redefined [-Wmacro-redefined]
C/C++:    30 | #define __ANDROID_API__ 24
C/C++:       |         ^
C/C++: /home/runner/work/x25-airplay-receiver/x25-airplay-receiver/app/.cxx/RelWithDebInfo/416841uv/x86_64/<built-in>:391:9: note: previous definition is here
C/C++:   391 | #deIn file included from fine __ANDROID_API__ __ANDROID_MIN_SDK_VERSION__
C/C++:       |         ^
C/C++: <built-in>:399:
C/C++: /home/runner/work/x25-airplay-receiver/x25-airplay-receiver/app/.cxx/RelWithDebInfo/416841uv/x86_64/<command line>:30:9: warning: '__ANDROID_API__' macro redefined [-Wmacro-redefined]
C/C++:    30 | #define __ANDROID_API__ 24
C/C++:       |         ^
C/C++: /home/runner/work/x25-airplay-receiver/x25-airplay-receiver/app/.cxx/RelWithDebInfo/416841uv/x86_64/<built-in>:391:9: note: previous definition is here
C/C++:   391 | #define __ANDROID_API__ __ANDROID_MIN_SDK_VERSION__
C/C++:       |         ^
C/C++: 1 warning generated.
C/C++: In file included from /home/runner/work/x25-airplay-receiver/x25-airplay-receiver/app/.cxx/RelWithDebInfo/416841uv/x86_64/<built-in>:399:
C/C++: /home/runner/work/x25-airplay-receiver/x25-airplay-receiver/app/.cxx/RelWithDebInfo/416841uv/x86_64/<command line>:30:9: warning: '__ANDROID_API__' macro redefined [-Wmacro-redefined]
C/C++:    30 | #define __ANDROID_API__ 24
C/C++:       |         ^
C/C++: /home/runner/work/x25-airplay-receiver/x25-airplay-receiver/app/.cxx/RelWithDebInfo/416841uv/x86_64/<built-in>:391:9: note: previous definition is here
C/C++:   391 | #define __ANDROID_API__ __ANDROID_MIN_SDK_VERSION__
C/C++:       |         ^
C/C++: 1 warning generated.
C/C++: In file included from /home/runner/work/x25-airplay-receiver/x25-airplay-receiver/app/.cxx/RelWithDebInfo/416841uv/x86_64/<built-in>:399:
C/C++: /home/runner/work/x25-airplay-receiver/x25-airplay-receiver/app/.cxx/RelWithDebInfo/416841uv/x86_64/<command line>:30:9: warning: '__ANDROID_API__' macro redefined [-Wmacro-redefined]
C/C++:    30 | #define __ANDROID_API__ 24
C/C++:       |         ^
C/C++: /home/runner/work/x25-airplay-receiver/x25-airplay-receiver/app/.cxx/RelWithDebInfo/416841uv/x86_64/<built-in>:391:9: note: previous definition is here
C/C++:   391 | #define __ANDROID_API__ __ANDROID_MIN_SDK_VERSION__
C/C++:       |         ^
C/C++: In file included from /home/runner/work/x25-airplay-receiver/x25-airplay-receiver/app/.cxx/RelWithDebInfo/416841uv/x86_64/<built-in>:399:
C/C++: /home/runner/work/x25-airplay-receiver/x25-airplay-receiver/app/.cxx/RelWithDebInfo/416841uv/x86_64/<command line>:30:9: warning: '__ANDROID_API__' macro redefined [-Wmacro-redefined]
C/C++:    30 | #define __ANDROID_API__ 24
C/C++:       |         ^
C/C++: /home/runner/work/x25-airplay-receiver/x25-airplay-receiver/app/.cxx/RelWithDebInfo/416841uv/x86_64/<built-in>:391:9: note: previous definition is here
C/C++:   391 | #define __ANDROID_API__ __ANDROID_MIN_SDK_VERSION__
C/C++:       |         ^
C/C++: 1 warning generated.
C/C++: In file included from /home/runner/work/x25-airplay-receiver/x25-airplay-receiver/app/.cxx/RelWithDebInfo/416841uv/x86_64/<built-in>:399:
C/C++: /home/runner/work/x25-airplay-receiver/x25-airplay-receiver/app/.cxx/RelWithDebInfo/416841uv/x86_64/<command line>:30:9: warning: '__ANDROID_API__' macro redefined [-Wmacro-redefined]
C/C++:    30 | #define __ANDROID_API__ 24
C/C++:       |         ^
C/C++: /home/runner/work/x25-airplay-receiver/x25-airplay-receiver/app/.cxx/RelWithDebInfo/416841uv/x86_64/<built-in>:391:9: note: previous definition is here
C/C++:   391 | #define __ANDROID_API__ __ANDROID_MIN_SDK_VERSION__
C/C++:       |         ^
C/C++: In file included from /home/runner/work/x25-airplay-receiver/x25-airplay-receiver/app/.cxx/RelWithDebInfo/416841uv/x86_64/<built-in>:399:
C/C++: /home/runner/work/x25-airplay-receiver/x25-airplay-receiver/app/.cxx/RelWithDebInfo/416841uv/x86_64/<command line>:30:9: warning: '__ANDROID_API__' macro redefined [-Wmacro-redefined]
C/C++:    30 | #define __ANDROID_API__ 24
C/C++:       |         ^
C/C++: /home/runner/work/x25-airplay-receiver/x25-airplay-receiver/app/.cxx/RelWithDebInfo/416841uv/x86_64/<built-in>:391:9: note: previous definition is here
C/C++:   391 | #define __ANDROID_API__ __ANDROID_MIN_SDK_VERSION__
C/C++:       |         ^
C/C++: In file included from /home/runner/work/x25-airplay-receiver/x25-airplay-receiver/app/.cxx/RelWithDebInfo/416841uv/x86_64/<built-in>:399:
C/C++: /home/runner/work/x25-airplay-receiver/x25-airplay-receiver/app/.cxx/RelWithDebInfo/416841uv/x86_64/<command line>:30:9: warning: '__ANDROID_API__' macro redefined [-Wmacro-redefined]
C/C++:    30 | #define __ANDROID_API__ 24
C/C++:       |         ^
C/C++: /home/runner/work/x25-airplay-receiver/x25-airplay-receiver/app/.cxx/RelWithDebInfo/416841uv/x86_64/<built-in>:391:9: note: previous definition is here
C/C++:   391 | #define __ANDROID_API__ __ANDROID_MIN_SDK_VERSION__
C/C++:       |         ^
C/C++: 1 warning generated.
C/C++: In file included from /home/runner/work/x25-airplay-receiver/x25-airplay-receiver/app/.cxx/RelWithDebInfo/416841uv/x86_64/<built-in>:399:
C/C++: /home/runner/work/x25-airplay-receiver/x25-airplay-receiver/app/.cxx/RelWithDebInfo/416841uv/x86_64/<command line>:30:9: warning: '__ANDROID_API__' macro redefined [-Wmacro-redefined]
C/C++:    30 | #define __ANDROID_API__ 24
C/C++:       |         ^
C/C++: /home/runner/work/x25-airplay-receiver/x25-airplay-receiver/app/.cxx/RelWithDebInfo/416841uv/x86_64/<built-in>:391:9: note: previous definition is here
C/C++:   391 | #define __ANDROID_API__ __ANDROID_MIN_SDK_VERSION__
C/C++:       |         ^
C/C++: 1 warning generated.
C/C++: In file included from /home/runner/work/x25-airplay-receiver/x25-airplay-receiver/app/.cxx/RelWithDebInfo/416841uv/x86_64/<built-in>:399:
C/C++: /home/runner/work/x25-airplay-receiver/x25-airplay-receiver/app/.cxx/RelWithDebInfo/416841uv/x86_64/<command line>:30:9: warning: '__ANDROID_API__' macro redefined [-Wmacro-redefined]
C/C++:    30 | #define __ANDROID_API__ 24
C/C++:       |         ^
C/C++: /home/runner/work/x25-airplay-receiver/x25-airplay-receiver/app/.cxx/RelWithDebInfo/416841uv/x86_64/<built-in>:391:9: note: previous definition is here
C/C++:   391 | #define __ANDROID_API__ __ANDROID_MIN_SDK_VERSION__
C/C++:       |         ^
C/C++: 1 warning generated.
C/C++: In file included from /home/runner/work/x25-airplay-receiver/x25-airplay-receiver/app/.cxx/RelWithDebInfo/416841uv/x86_64/<built-in>:399:
C/C++: /home/runner/work/x25-airplay-receiver/x25-airplay-receiver/app/.cxx/RelWithDebInfo/416841uv/x86_64/<command line>:30:9: warning: '__ANDROID_API__' macro redefined [-Wmacro-redefined]
C/C++:    30 | #define __ANDROID_API__ 24
C/C++:       |         ^
C/C++: /home/runner/work/x25-airplay-receiver/x25-airplay-receiver/app/.cxx/RelWithDebInfo/416841uv/x86_64/<built-in>:391:9: note: previous definition is here
C/C++:   391 | #define __ANDROID_API__ __ANDROID_MIN_SDK_VERSION__
C/C++:       |         ^
C/C++: In file included from /home/runner/work/x25-airplay-receiver/x25-airplay-receiver/app/.cxx/RelWithDebInfo/416841uv/x86_64/<built-in>:399:
C/C++: /home/runner/work/x25-airplay-receiver/x25-airplay-receiver/app/.cxx/RelWithDebInfo/416841uv/x86_64/<command line>:30:9: warning: '__ANDROID_API__' macro redefined [-Wmacro-redefined]
C/C++:    30 | #define __ANDROID_API__ 24
C/C++:       |         ^
C/C++: /home/runner/work/x25-airplay-receiver/x25-airplay-receiver/app/.cxx/RelWithDebInfo/416841uv/x86_64/<built-in>:391:9: note: previous definition is here
C/C++:   391 | #define __ANDROID_API__ __ANDROID_MIN_SDK_VERSION__
C/C++:       |         ^
C/C++: 1 warning generated.
C/C++: In file included from /home/runner/work/x25-airplay-receiver/x25-airplay-receiver/app/.cxx/RelWithDebInfo/416841uv/x86_64/<built-in>:399:
C/C++: /home/runner/work/x25-airplay-receiver/x25-airplay-receiver/app/.cxx/RelWithDebInfo/416841uv/x86_64/<command line>:30:9: warning: '__ANDROID_API__' macro redefined [-Wmacro-redefined]
C/C++:    30 | #define __ANDROID_API__ 24
C/C++:       |         ^
C/C++: /home/runner/work/x25-airplay-receiver/x25-airplay-receiver/app/.cxx/RelWithDebInfo/416841uv/x86_64/<built-in>:391:9: note: previous definition is here
C/C++:   391 | #define __ANDROID_API__ __ANDROID_MIN_SDK_VERSION__
C/C++:       |         ^
C/C++: In file included from /home/runner/work/x25-airplay-receiver/x25-airplay-receiver/app/.cxx/RelWithDebInfo/416841uv/x86_64/<built-in>:399:
C/C++: /home/runner/work/x25-airplay-receiver/x25-airplay-receiver/app/.cxx/RelWithDebInfo/416841uv/x86_64/<command line>:30:9: warning: '__ANDROID_API__' macro redefined [-Wmacro-redefined]
C/C++:    30 | #define __ANDROID_API__ 24
C/C++:       |         ^
C/C++: /home/runner/work/x25-airplay-receiver/x25-airplay-receiver/app/.cxx/RelWithDebInfo/416841uv/x86_64/<built-in>:391:9: note: previous definition is here
C/C++:   391 | #define __ANDROID_API__ __ANDROID_MIN_SDK_VERSION__
C/C++:       |         ^
C/C++: 1 warning generated.
C/C++: In file included from /home/runner/work/x25-airplay-receiver/x25-airplay-receiver/app/.cxx/RelWithDebInfo/416841uv/x86_64/<built-in>:399:
C/C++: /home/runner/work/x25-airplay-receiver/x25-airplay-receiver/app/.cxx/RelWithDebInfo/416841uv/x86_64/<command line>:30:9: warning: '__ANDROID_API__' macro redefined [-Wmacro-redefined]
C/C++:    30 | #define __ANDROID_API__ 24
C/C++:       |         ^
C/C++: /home/runner/work/x25-airplay-receiver/x25-airplay-receiver/app/.cxx/RelWithDebInfo/416841uv/x86_64/<built-in>:391:9: note: previous definition is here
C/C++:   391 | #define __ANDROID_API__ __ANDROID_MIN_SDK_VERSION__
C/C++:       |         ^
C/C++: In file included from /home/runner/work/x25-airplay-receiver/x25-airplay-receiver/app/.cxx/RelWithDebInfo/416841uv/x86_64/<built-in>:399:
C/C++: /home/runner/work/x25-airplay-receiver/x25-airplay-receiver/app/.cxx/RelWithDebInfo/416841uv/x86_64/<command line>:30:9: warning: '__ANDROID_API__' macro redefined [-Wmacro-redefined]
C/C++:    30 | #define __ANDROID_API__ 24
C/C++:       |         ^
C/C++: /home/runner/work/x25-airplay-receiver/x25-airplay-receiver/app/.cxx/RelWithDebInfo/416841uv/x86_64/<built-in>:391:9: note: previous definition is here
C/C++:   391 | #define __ANDROID_API__ __ANDROID_MIN_SDK_VERSION__
C/C++:       |         ^
C/C++: 1 warning generated.
C/C++: In file included from /home/runner/work/x25-airplay-receiver/x25-airplay-receiver/app/.cxx/RelWithDebInfo/416841uv/x86_64/In file included from <built-in>:399:
C/C++: /home/runner/work/x25-airplay-receiver/x25-airplay-receiver/app/.cxx/RelWithDebInfo/416841uv/x86_64/<command line>:30:9: warning: '__ANDROID_API__' macro redefined [-Wmacro-redefined]
C/C++: <built-in>:399:
C/C++:    <command line>:30:9: warning: '__ANDROID_API__' macro redefined [-Wmacro-redefined]
C/C++: 30 | #   define __ANDROID_API__ 24
C/C++:       |         ^
C/C++: /home/runner/work/x25-airplay-receiver/x25-airplay-receiver/app/.cxx/RelWithDebInfo/416841uv/x86_64/30<built-in>:391:9: note: previous definition is here
C/C++:  |   391 | #define __ANDROID_API__ __ANDROID_MIN_SDK_VERSION__
C/C++:       |         ^
C/C++: #define __ANDROID_API__ 24
C/C++:       |         ^
C/C++: /home/runner/work/x25-airplay-receiver/x25-airplay-receiver/app/.cxx/RelWithDebInfo/416841uv/x86_64/<built-in>:391:9: note: previous definition is here
C/C++:   391 | #define __ANDROID_API__ __ANDROID_MIN_SDK_VERSION__
C/C++:       |         ^
C/C++: 1 warning generated.
C/C++: In file included from /home/runner/work/x25-airplay-receiver/x25-airplay-receiver/app/.cxx/RelWithDebInfo/416841uv/x86_64/<built-in>:399:
C/C++: /home/runner/work/x25-airplay-receiver/x25-airplay-receiver/app/.cxx/RelWithDebInfo/416841uv/x86_64/<command line>:30:9: warning: '__ANDROID_API__' macro redefined [-Wmacro-redefined]
C/C++:    30 | #define __ANDROID_API__ 24
C/C++:       |         ^
C/C++: /home/runner/work/x25-airplay-receiver/x25-airplay-receiver/app/.cxx/RelWithDebInfo/416841uv/x86_64/<built-in>:391:9: note: previous definition is here
C/C++:   391 | #define __ANDROID_API__ __ANDROID_MIN_SDK_VERSION__
C/C++:       |         ^
C/C++: 1 warning generated.
C/C++: In file included from /home/runner/work/x25-airplay-receiver/x25-airplay-receiver/app/.cxx/RelWithDebInfo/416841uv/x86_64/<built-in>:399:
C/C++: /home/runner/work/x25-airplay-receiver/x25-airplay-receiver/app/.cxx/RelWithDebInfo/416841uv/x86_64/<command line>:30:9: warning: '__ANDROID_API__' macro redefined [-Wmacro-redefined]
C/C++:    30 | #definx86_64-linux-android24-clang  -I. -Iinclude -Iproviders/common/include -Iproviders/implementations/include  -DAES_ASM -DBSAES_ASM -DECP_NISTZ256_ASM -DGHASH_ASM -DKECCAK1600_ASM -DMD5_ASM -DOPENSSL_BN_ASM_GF2m -DOPENSSL_BN_ASM_MONT -DOPENSSL_BN_ASM_MONT5 -DOPENSSL_CPUID_OBJ -DOPENSSL_IA32_SSE2 -DPOLY1305_ASM -DSHA1_ASM -DSHA256_ASM -DSHA512_ASM -DSTATIC_LEGACY -DVPAES_ASM -DWHIRLPOOL_ASM -DX25519_ASM -fPIC -pthread -Wa,--noexecstack -Qunused-arguments -g -DANDROID -fdata-sections -ffunction-sections -funwind-tables -fstack-protector-strong -no-canonical-prefixes -D__BIONIC_NO_PAGE_SIZE_MACRO -D_FORTIFY_SOURCE=2 -Wformat -Werror=format-security  -ffile-prefix-map=/home/runner/work/x25-airplay-receiver/x25-airplay-receiver/app/src/main/cpp=. -ffile-prefix-map=/home/runner/work/x25-airplay-receiver/x25-airplay-receiver/app/.cxx/RelWithDebInfo/416841uv/x86_64=. -ffile-prefix-map=/usr/local/lib/android/sdk/ndk/27.0.12077973=. -Qunused-arguments -DOPENSSL_USE_NODELETE -DOPENSSL_PIC -DOPENSSLDIR="\"/usr/local/ssl\"" -DENGINESDIR="\"/usr/local/lib/engines-3\"" -DMODULESDIR="\"/usr/local/lib/ossl-modules\"" -DOPENSSL_BUILDING_OPENSSL -DNDEBUG -D__ANDROID_API__=24 -g -DANDROID -fdata-sections -ffunction-sections -funwind-tables -fstack-protector-strong -no-canonical-prefixes -D__BIONIC_NO_PAGE_SIZE_MACRO -D_FORTIFY_SOURCE=2 -Wformat -Werror=format-security   -ffile-prefix-map=/home/runner/work/x25-airplay-receiver/x25-airplay-receiver/app/src/main/cpp=. -ffile-prefix-map=/home/runner/work/x25-airplay-receiver/x25-airplay-receiver/app/.cxx/RelWithDebInfo/416841uv/x86_64=. -ffile-prefix-map=/usr/local/lib/android/sdk/ndk/27.0.12077973=. -Qunused-arguments -MMD -MF crypto/pem/libcrypto-shlib-pem_pk8.d.tmp -c -o crypto/pem/libcrypto-shlib-pem_pk8.o crypto/pem/pem_pk8.c
C/C++: e __ANDROID_API__ 24
C/C++:       |         ^
C/C++: /home/runner/work/x25-airplay-receiver/x25-airplay-receiver/app/.cxx/RelWithDebInfo/416841uv/x86_64/<built-in>:391:9: note: previous definition is here
C/C++:   391 | #define __ANDROID_API__ __ANDROID_MIN_SDK_VERSION__
C/C++:       |         ^
C/C++: 1 warning generated.
C/C++: In file included from /home/runner/work/x25-airplay-receiver/x25-airplay-receiver/app/.cxx/RelWithDebInfo/416841uv/x86_64/<built-in>:399:
C/C++: /home/runner/work/x25-airplay-receiver/x25-airplay-receiver/app/.cxx/RelWithDebInfo/416841uv/x86_64/<command line>:30:9: warning: '__ANDROID_API__' macro redefined [-Wmacro-redefined]
C/C++:    30 | #define __ANDROID_API__ 24
C/C++:       |         ^
C/C++: /home/runner/work/x25-airplay-receiver/x25-airplay-receiver/app/.cxx/RelWithDebInfo/416841uv/x86_64/<built-in>:391:9: note: previous definition is here
C/C++:   391 | #define __ANDROID_API__ __ANDROID_MIN_SDK_VERSION__
C/C++:       |         ^
C/C++: x86_64-linux-android24-clang  -I. -Iinclude -Iproviders/common/include -Iproviders/implementations/include  -DAES_ASM -DBSAES_ASM -DECP_NISTZ256_ASM -DGHASH_ASM -DKECCAK1600_ASM -DMD5_ASM -DOPENSSL_BN_ASM_GF2m -DOPENSSL_BN_ASM_MONT -DOPENSSL_BN_ASM_MONT5 -DOPENSSL_CPUID_OBJ -DOPENSSL_IA32_SSE2 -DPOLY1305_ASM -DSHA1_ASM -DSHA256_ASM -DSHA512_ASM -DSTATIC_LEGACY -DVPAES_ASM -DWHIRLPOOL_ASM -DX25519_ASM -fPIC -pthread -Wa,--noexecstack -Qunused-arguments -g -DANDROID -fdata-sections -ffunction-sections -funwind-tables -fstack-protector-strong -no-canonical-prefixes -D__BIONIC_NO_PAGE_SIZE_MACRO -D_FORTIFY_SOURCE=2 -Wformat -Werror=format-security  -ffile-prefix-map=/home/runner/work/x25-airplay-receiver/x25-airplay-receiver/app/src/main/cpp=. -ffile-prefix-map=/home/runner/work/x25-airplay-receiver/x25-airplay-receiver/app/.cxx/RelWithDebInfo/416841uv/x86_64=. -ffile-prefix-map=/usr/local/lib/android/sdk/ndk/27.0.12077973=. -Qunused-arguments -DOPENSSL_USE_NODELETE -DOPENSSL_PIC -DOPENSSLDIR="\"/usr/local/ssl\"" -DENGINESDIR="\"/usr/local/lib/engines-3\"" -DMODULESDIR="\"/usr/local/lib/ossl-modules\"" -DOPENSSL_BUILDING_OPENSSL -DNDEBUG -D__ANDROID_API__=24 -g -DANDROID -fdata-sections -ffunction-sections -funwind-tables -fstack-protector-strong -no-canonical-prefixes -D__BIONIC_NO_PAGE_SIZE_MACRO -D_FORTIFY_SOURCE=2 -Wformat -Werror=format-security   -ffile-prefix-map=/home/runner/work/x25-airplay-receiver/x25-airplay-receiver/app/src/main/cpp=. -ffile-prefix-map=/home/runner/work/x25-airplay-receiver/x25-airplay-receiver/app/.cxx/RelWithDebInfo/416841uv/x86_64=. -ffile-prefix-map=/usr/local/lib/android/sdk/ndk/27.0.12077973=. -Qunused-arguments -MMD -MF crypto/pem/libcrypto-shlib-pem_pkey.d.tmp -c -o crypto/pem/libcrypto-shlib-pem_pkey.o crypto/pem/pem_pkey.c
C/C++: In file included from /home/runner/work/x25-airplay-receiver/x25-airplay-receiver/app/.cxx/RelWithDebInfo/416841uv/x86_64/<built-in>:399:
C/C++: /home/runner/work/x25-airplay-receiver/x25-airplay-receiver/app/.cxx/RelWithDebInfo/416841uv/x86_64/<command line>:30:9: warning: '__ANDROID_API__' macro redefined [-Wmacro-redefined]
C/C++:    30 | #define __ANDROID_API__ 24
C/C++:       |         ^
C/C++: /home/runner/work/x25-airplay-receiver/x25-airplay-receiver/app/.cxx/RelWithDebInfo/416841uv/x86_64/<built-in>:391:9: note: previous definition is here
C/C++:   391 | #define __ANDROID_API__ __ANDROID_MIN_SDK_VERSION__
C/C++:       |         ^
C/C++: 1 warning generated.
C/C++: In file included from /home/runner/work/x25-airplay-receiver/x25-airplay-receiver/app/.cxx/RelWithDebInfo/416841uv/x86_64/<built-in>:399:
C/C++: /home/runner/work/x25-airplay-receiver/x25-airplay-receiver/app/.cxx/RelWithDebInfo/416841uv/x86_64/<command line>:30:9: warning: '__ANDROID_API__' macro redefined [-Wmacro-redefined]
C/C++:    30 | #define __ANDROID_API__ 24
C/C++:       |         ^
C/C++: /home/runner/work/x25-airplay-receiver/x25-airplay-receiver/app/.cxx/RelWithDebInfo/416841uv/x86_64/<built-in>:391:9: note: previous definition is here
C/C++:   391 | #define __ANDROID_API__ __ANDROID_MIN_SDK_VERSION__
C/C++:       |         ^
C/C++: In file included from /home/runner/work/x25-airplay-receiver/x25-airplay-receiver/app/.cxx/RelWithDebInfo/416841uv/x86_64/<built-in>:399:
C/C++: /home/runner/work/x25-airplay-receiver/x25-airplay-receiver/app/.cxx/RelWithDebInfo/416841uv/x86_64/<command line>:30:9: warning: '__ANDROID_API__' macro redefined [-Wmacro-redefined]
C/C++:    30 | #define __ANDROID_API__ 24
C/C++:       |         ^
C/C++: /home/runner/work/x25-airplay-receiver/x25-airplay-receiver/app/.cxx/RelWithDebInfo/416841uv/x86_64/<built-in>:391:9: note: previous definition is here
C/C++:   391 | #define __ANDROID_API__ __ANDROID_MIN_SDK_VERSION__
C/C++:       |         ^
C/C++: 1 warning generated.
C/C++: In file included from /home/runner/work/x25-airplay-receiver/x25-airplay-receiver/app/.cxx/RelWithDebInfo/416841uv/x86_64/<built-in>:399:
C/C++: /home/runner/work/x25-airplay-receiver/x25-airplay-receiver/app/.cxx/RelWithDebInfo/416841uv/x86_64/<command line>:30:9: warning: '__ANDROID_API__' macro redefined [-Wmacro-redefined]
C/C++:    30 | #define __ANDROID_API__ 24
C/C++:       |         ^
C/C++: /home/runner/work/x25-airplay-receiver/x25-airplay-receiver/app/.cxx/RelWithDebInfo/416841uv/x86_64/<built-in>:391:9: note: previous definition is here
C/C++:   391 | #define __ANDROID_API__ __ANDROID_MIN_SDK_VERSION__
C/C++:       |         ^
C/C++: 1 warning generated.
C/C++: In file included from /home/runner/work/x25-airplay-receiver/x25-airplay-receiver/app/.cxx/RelWithDebInfo/416841uv/x86_64/<built-in>:399:
C/C++: /home/runner/work/x25-airplay-receiver/x25-airplay-receiver/app/.cxx/RelWithDebInfo/416841uv/x86_64/<command line>:30:9: warning: '__ANDROID_API__' macro redefined [-Wmacro-redefined]
C/C++:    30 | #define __ANDROID_API__ 24
C/C++:       |         ^
C/C++: /home/runner/work/x25-airplay-receiver/x25-airplay-receiver/app/.cxx/RelWithDebInfo/416841uv/x86_64/<built-in>:391:9: note: previous definition is here
C/C++:   391 | #define __ANDROID_API__ __ANDROID_MIN_SDK_VERSION__
C/C++:       |         ^
C/C++: 1 warning generated.
C/C++: In file included from /home/runner/work/x25-airplay-receiver/x25-airplay-receiver/app/.cxx/RelWithDebInfo/416841uv/x86_64/<built-in>:399:
C/C++: /home/runner/work/x25-airplay-receiver/x25-airplay-receiver/app/.cxx/RelWithDebInfo/416841uv/x86_64/<command line>:30:9: warning: '__ANDROID_API__' macro redefined [-Wmacro-redefined]
C/C++: In file included from /home/runner/work/x25-airplay-receiver/x25-airplay-receiver/app/.cxx/RelWithDebInfo/416841uv/x86_64/<built-in>:399:
C/C++: /home/runner/work/x25-airplay-receiver/x25-airplay-receiver/app/.cxx/RelWithDebInfo/416841uv/x86_64/<command line>:30:9: warning: '__ANDROID_API__' macro redefined [-Wmacro-redefined]
C/C++:    30 | #define __ANDROID_API_   _30  | 2#4d
C/C++: e      f| i        ^n
C/C++: e __ANDROID_<built-in>A:P391I:_9_:  2note: 4previous definition is here
C/C++:       |         ^
C/C++:   391 | #defi<built-in>n:e391 :_9_:A Nnote: Dprevious definition is hereR
C/C++: OID_API__ _  _391A | N#DdReOfIiDn_eM I_N__ASNDDKR_OVIEDR_SAIPOIN____ 
C/C++: _      _| A        ^N
C/C++: DROID_MIN_SDK_VERSION__
C/C++:       |         ^
C/C++: 1 warning generated.
C/C++: In file included from /home/runner/work/x25-airplay-receiver/x25-airplay-receiver/app/.cxx/RelWithDebInfo/416841uv/x86_64/<built-in>:399:
C/C++: /home/runner/work/x25-airplay-receiver/x25-airplay-receiver/app/.cxx/RelWithDebInfo/416841uv/x86_64/<command line>:30:9: warning: '__ANDROID_API__' macro redefined [-Wmacro-redefined]
C/C++:    30 | #define __ANDROID_API__ 24
C/C++:       |         ^
C/C++: /home/runner/work/x25-airplay-receiver/x25-airplay-receiver/app/.cxx/RelWithDebInfo/416841uv/x86_64/<built-in>:391:9: note: previous definition is here
C/C++:   391 | #define __ANDROID_API__ __ANDROID_MIN_SDK_VERSION__
C/C++:       |         ^
C/C++: 1 warning generated.
C/C++: In file included from /home/runner/work/x25-airplay-receiver/x25-airplay-receiver/app/.cxx/RelWithDebInfo/416841uv/x86_64/<built-in>:399:
C/C++: /home/runner/work/x25-airplay-receiver/x25-airplay-receiver/app/.cxx/RelWithDebInfo/416841uv/x86_64/<command line>:30:9: warning: '__ANDROID_API__' macro redefined [-Wmacro-redefined]
C/C++:    30 | #deIn file included from f<built-in>in:e399 :
C/C++: _<command line>_:A30N:D9R:O IDwarning: _'__ANDROID_API__' macro redefined [-Wmacro-redefined]A
C/C++: PI__ 24
C/C++:       |         ^
C/C++: /home/runner/work/x25-airplay-receiver/x25-airplay-receiver/app/.cxx/RelWithDebInfo/416841uv/x86_64/<built-in>:391:9: note: previous definition is here
C/C++:      30391 |  | ##ddeeffiinnee  ____AANNDDRORIODI_DA_APPII____  _2_A4N
C/C++: D      RO| I        ^D
C/C++: /home/runner/work/x25-airplay-receiver/x25-airplay-receiver/app/.cxx/RelWithDebInfo/416841uv/x86_64/_MIN_SDK_VER<built-in>:391:9: note: previous definition is here
C/C++:   391 | #define __ANDROID_API__ __ANDROID_MIN_SSIDOKN__VE_R
C/C++:       S| I        ^
C/C++: ON__
C/C++:       |         ^
C/C++: 1 warning generated.
C/C++: In file included from /home/runner/work/x25-airplay-receiver/x25-airplay-receiver/app/.cxx/RelWithDebInfo/416841uv/x86_64/<built-in>:399:
C/C++: /home/runner/work/x25-airplay-receiver/x25-airplay-receiver/app/.cxx/RelWithDebInfo/416841uv/x86_64/<command line>:30:9: warning: '__ANDROID_API__' macro redefined [-Wmacro-redefined]
C/C++:    30 | #define __ANDROID_API__ 24
C/C++:       |         ^
C/C++: /home/runner/work/x25-airplay-receiver/x25-airplay-receiver/app/.cxx/RelWithDebInfo/416841uv/x86_64/<built-in>:391:9: note: previous definition is here
C/C++:   391 | #define __ANDROID_API__ __ANDROID_MIN_SDK_VERSION__
C/C++:       |         ^
C/C++: x86_64-linux-android24-clang  -I. -Iinclude -Iproviders/common/include -Iproviders/implementations/include  -DAES_ASM -DBSAES_ASM -DECP_NISTZ256_ASM -DGHASH_ASM -DKECCAK1600_ASM -DMD5_ASM -DOPENSSL_BN_ASM_GF2m -DOPENSSL_BN_ASM_MONT -DOPENSSL_BN_ASM_MONT5 -DOPENSSL_CPUID_OBJ -DOPENSSL_IA32_SSE2 -DPOLY1305_ASM -DSHA1_ASM -DSHA256_ASM -DSHA512_ASM -DSTATIC_LEGACY -DVPAES_ASM -DWHIRLPOOL_ASM -DX25519_ASM -fPIC -pthread -Wa,--noexecstack -Qunused-arguments -g -DANDROID -fdata-sections -ffunction-sections -funwind-tables -fstack-protector-strong -no-canonical-prefixes -D__BIONIC_NO_PAGE_SIZE_MACRO -D_FORTIFY_SOURCE=2 -Wformat -Werror=format-security  -ffile-prefix-map=/home/runner/work/x25-airplay-receiver/x25-airplay-receiver/app/src/main/cpp=. -ffile-prefix-map=/home/runner/work/x25-airplay-receiver/x25-airplay-receiver/app/.cxx/RelWithDebInfo/416841uv/x86_64=. -ffile-prefix-map=/usr/local/lib/android/sdk/ndk/27.0.12077973=. -Qunused-arguments -DOPENSSL_USE_NODELETE -DOPENSSL_PIC -DOPENSSLDIR="\"/usr/local/ssl\"" -DENGINESDIR="\"/usr/local/lib/engines-3\"" -DMODULESDIR="\"/usr/local/lib/ossl-modules\"" -DOPENSSL_BUILDING_OPENSSL -DNDEBUG -D__ANDROID_API__=24 -g -DANDROID -fdata-sections -ffunction-sections -funwind-tables -fstack-protector-strong -no-canonical-prefixes -D__BIONIC_NO_PAGE_SIZE_MACRO -D_FORTIFY_SOURCE=2 -Wformat -Werror=format-security   -ffile-prefix-map=/home/runner/work/x25-airplay-receiver/x25-airplay-receiver/app/src/main/cpp=. -ffile-prefix-map=/home/runner/work/x25-airplay-receiver/x25-airplay-receiver/app/.cxx/RelWithDebInfo/416841uv/x86_64=. -ffile-prefix-map=/usr/local/lib/android/sdk/ndk/27.0.12077973=. -Qunused-arguments -MMD -MF crypto/pkcs12/libcrypto-shlib-p12_init.d.tmp -c -o crypto/pkcs12/libcrypto-shlib-p12_init.o crypto/pkcs12/p12_init.c
C/C++: In file included from /home/runner/work/x25-airplay-receiver/x25-airplay-receiver/app/.cxx/RelWithDebInfo/416841uv/x86_64/<built-in>:399:
C/C++: /home/runner/work/x25-airplay-receiver/x25-airplay-receiver/app/.cxx/RelWithDebInfo/416841uv/x86_64/<command line>:30:9: warning: '__ANDROID_API__' macro redefined [-Wmacro-redefined]
C/C++:    30 | #define __ANDROID_API__ 24
C/C++:       |         ^
C/C++: /home/runner/work/x25-airplay-receiver/x25-airplay-receiver/app/.cxx/RelWithDebInfo/416841uv/x86_64/<built-in>:391:9: note: previous definition is here
C/C++:   391 | #define __ANDROID_API__ __ANDROID_MIN_SDK_VERSION__
C/C++:       |         ^
C/C++: 1 warning generated.
C/C++: In file included from /home/runner/work/x25-airplay-receiver/x25-airplay-receiver/app/.cxx/RelWithDebInfo/416841uv/x86_64/<built-in>:399:
C/C++: /home/runner/work/x25-airplay-receiver/x25-airplay-receiver/app/.cxx/RelWithDebInfo/416841uv/x86_64/<command line>:30:9: warning: '__ANDROID_API__' macro redefined [-Wmacro-redefined]
C/C++:    30 | #define __ANDROID_API__ 24
C/C++:       |         ^
C/C++: /home/runner/work/x25-airplay-receiver/x25-airplay-receiver/app/.cxx/RelWithDebInfo/416841uv/x86_64/<built-in>:391:9: note: previous definition is here
C/C++:   391 | #define __ANDROID_API__ __ANDROID_MIN_SDK_VERSION__
C/C++:       |         ^
C/C++: In file included from /home/runner/work/x25-airplay-receiver/x25-airplay-receiver/app/.cxx/RelWithDebInfo/416841uv/x86_64/<built-in>:399:
C/C++: /home/runner/work/x25-airplay-receiver/x25-airplay-receiver/app/.cxx/RelWithDebInfo/416841uv/x86_64/<command line>:30:9: warning: '__ANDROID_API__' macro redefined [-Wmacro-redefined]
C/C++:    30 | #define __ANDROID_API__ 24
C/C++:       |         ^
C/C++: /home/runner/work/x25-airplay-receiver/x25-airplay-receiver/app/.cxx/RelWithDebInfo/416841uv/x86_64/<built-in>:391:9: note: previous definition is here
C/C++:   391 | #define __ANDROID_API__ __ANDROID_MIN_SDK_VERSION__
C/C++:       |         ^
C/C++: x86_64-linux-android24-clang  -I. -Iinclude -Iproviders/common/include -Iproviders/implementations/include  -DAES_ASM -DBSAES_ASM -DECP_NISTZ256_ASM -DGHASH_ASM -DKECCAK1600_ASM -DMD5_ASM -DOPENSSL_BN_ASM_GF2m -DOPENSSL_BN_ASM_MONT -DOPENSSL_BN_ASM_MONT5 -DOPENSSL_CPUID_OBJ -DOPENSSL_IA32_SSE2 -DPOLY1305_ASM -DSHA1_ASM -DSHA256_ASM -DSHA512_ASM -DSTATIC_LEGACY -DVPAES_ASM -DWHIRLPOOL_ASM -DX25519_ASM -fPIC -pthread -Wa,--noexecstack -Qunused-arguments -g -DANDROID -fdata-sections -ffunction-sections -funwind-tables -fstack-protector-strong -no-canonical-prefixes -D__BIONIC_NO_PAGE_SIZE_MACRO -D_FORTIFY_SOURCE=2 -Wformat -Werror=format-security  -ffile-prefix-map=/home/runner/work/x25-airplay-receiver/x25-airplay-receiver/app/src/main/cpp=. -ffile-prefix-map=/home/runner/work/x25-airplay-receiver/x25-airplay-receiver/app/.cxx/RelWithDebInfo/416841uv/x86_64=. -ffile-prefix-map=/usr/local/lib/android/sdk/ndk/27.0.12077973=. -Qunused-arguments -DOPENSSL_USE_NODELETE -DOPENSSL_PIC -DOPENSSLDIR="\"/usr/local/ssl\"" -DENGINESDIR="\"/usr/local/lib/engines-3\"" -DMODULESDIR="\"/usr/local/lib/ossl-modules\"" -DOPENSSL_BUILDING_OPENSSL -DNDEBUG -D__ANDROID_API__=24 -g -DANDROID -fdata-sections -ffunction-sections -funwind-tables -fstack-protector-strong -no-canonical-prefixes -D__BIONIC_NO_PAGE_SIZE_MACRO -D_FORTIFY_SOURCE=2 -Wformat -Werror=format-security   -ffile-prefix-map=/home/runner/work/x25-airplay-receiver/x25-airplay-receiver/app/src/main/cpp=. -ffile-prefix-map=/home/runner/work/x25-airplay-receiver/x25-airplay-receiver/app/.cxx/RelWithDebInfo/416841uv/x86_64=. -ffile-prefix-map=/usr/local/lib/android/sdk/ndk/27.0.12077973=. -Qunused-arguments -MMD -MF crypto/pkcs12/libcrypto-shlib-p12_npas.d.tmp -c -o crypto/pkcs12/libcrypto-shlib-p12_npas.o crypto/pkcs12/p12_npas.c
C/C++: In file included from /home/runner/work/x25-airplay-receiver/x25-airplay-receiver/app/.cxx/RelWithDebInfo/416841uv/x86_64/<built-in>:399:
C/C++: /home/runner/work/x25-airplay-receiver/x25-airplay-receiver/app/.cxx/RelWithDebInfo/416841uv/x86_64/<command line>:30:9: warning: '__ANDROID_API__' macro redefined [-Wmacro-redefined]
C/C++:    30 | #define __ANDROID_API__ 24
C/C++:       |         ^
C/C++: /home/runner/work/x25-airplay-receiver/x25-airplay-receiver/app/.cxx/RelWithDebInfo/416841uv/x86_64/<built-in>:391:9: note: previous definition is here
C/C++:   391 | #define __ANDROID_API__ __ANDROID_MIN_SDK_VERSION__
C/C++:       |         ^
C/C++: In file included from /home/runner/work/x25-airplay-receiver/x25-airplay-receiver/app/.cxx/RelWithDebInfo/416841uv/x86_64/<built-in>:399:
C/C++: /home/runner/work/x25-airplay-receiver/x25-airplay-receiver/app/.cxx/RelWithDebInfo/416841uv/x86_64/<command line>:30:9: warning: '__ANDROID_API__' macro redefined [-Wmacro-redefined]
C/C++:    30 | #define __ANDROID_API__ 24
C/C++:       |         ^
C/C++: /home/runner/work/x25-airplay-receiver/x25-airplay-receiver/app/.cxx/RelWithDebInfo/416841uv/x86_64/<built-in>:391:9: note: previous definition is here
C/C++:   391 | #define __ANDROID_API__ __ANDROID_MIN_SDK_VERSION__
C/C++:       |         ^
C/C++: 1 warning generated.
C/C++: In file included from /home/runner/work/x25-airplay-receiver/x25-airplay-receiver/app/.cxx/RelWithDebInfo/416841uv/x86_64/<built-in>:399:
C/C++: /home/runner/work/x25-airplay-receiver/x25-airplay-receiver/app/.cxx/RelWithDebInfo/416841uv/x86_64/<command line>:30:9: warning: '__ANDROID_API__' macro redefined [-Wmacro-redefined]
C/C++:    30 | #define __ANDROID_API__ 24
C/C++:       |         ^
C/C++: /home/runner/work/x25-airplay-receiver/x25-airplay-receiver/app/.cxx/RelWithDebInfo/416841uv/x86_64/<built-in>:391:9: note: previous definition is here
C/C++:   391 | #define __ANDROID_API__ __ANDROID_MIN_SDK_VERSION__
C/C++:       |         ^
C/C++: In file included from /home/runner/work/x25-airplay-receiver/x25-airplay-receiver/app/.cxx/RelWithDebInfo/416841uv/x86_64/<built-in>:399:
C/C++: /home/runner/work/x25-airplay-receiver/x25-airplay-receiver/app/.cxx/RelWithDebInfo/416841uv/x86_64/<command line>:30:9: warning: '__ANDROID_API__' macro redefined [-Wmacro-redefined]
C/C++:    30 | #define __ANDROID_API__ 24
C/C++:       |         ^
C/C++: /home/runner/work/x25-airplay-receiver/x25-airplay-receiver/app/.cxx/RelWithDebInfo/416841uv/x86_64/<built-in>:391:9: note: previous definition is here
C/C++:   391 | #define __ANDROID_API__ __ANDROID_MIN_SDK_VERSION__
C/C++:       |         ^
C/C++: In file included from /home/runner/work/x25-airplay-receiver/x25-airplay-receiver/app/.cxx/RelWithDebInfo/416841uv/x86_64/<built-in>:399:
C/C++: /home/runner/work/x25-airplay-receiver/x25-airplay-receiver/app/.cxx/RelWithDebInfo/416841uv/x86_64/<command line>:30:9: warning: '__ANDROID_API__' macro redefined [-Wmacro-redefined]
C/C++:    30 | #define __ANDROID_API__ 24
C/C++:       |         ^
C/C++: /home/runner/work/x25-airplay-receiver/x25-airplay-receiver/app/.cxx/RelWithDebInfo/416841uv/x86_64/<built-in>:391:9: note: previous definition is here
C/C++:   391 | #define __ANDROID_API__ __ANDROID_MIN_SDK_VERSION__
C/C++:       |         ^
C/C++: 1 warning generated.
C/C++: In file included from /home/runner/work/x25-airplay-receiver/x25-airplay-receiver/app/.cxx/RelWithDebInfo/416841uv/x86_64/<built-in>:399:
C/C++: /home/runner/work/x25-airplay-receiver/x25-airplay-receiver/app/.cxx/RelWithDebInfo/416841uv/x86_64/<command line>:30:9: warning: '__ANDROID_API__' macro redefined [-Wmacro-redefined]
C/C++:    30 | #define __ANDROID_API__ 24
C/C++:       |         ^
C/C++: /home/runner/work/x25-airplay-receiver/x25-airplay-receiver/app/.cxx/RelWithDebInfo/416841uv/x86_64/<built-in>:391:9: note: previous definition is here
C/C++:   391 | #define __ANDROID_API__ __ANDROID_MIN_SDK_VERSION__
C/C++:       |         ^
C/C++: 1 warning generated.
C/C++: In file included from /home/runner/work/x25-airplay-receiver/x25-airplay-receiver/app/.cxx/RelWithDebInfo/416841uv/x86_64/<built-in>:399:
C/C++: /home/runner/work/x25-airplay-receiver/x25-airplay-receiver/app/.cxx/RelWithDebInfo/416841uv/x86_64/<command line>:30:9: warning: '__ANDROID_API__' macro redefined [-Wmacro-redefined]
C/C++:    30 | #define __ANDROID_API__ 24
C/C++:       |         ^
C/C++: /home/runner/work/x25-airplay-receiver/x25-airplay-receiver/app/.cxx/RelWithDebInfo/416841uv/x86_64/<built-in>:391:9: note: previous definition is here
C/C++:   391 | #define __ANDROID_API__ __ANDROID_MIN_SDK_VERSION__
C/C++:       |         ^
C/C++: 1 warning generated.
C/C++: In file included from /home/runner/work/x25-airplay-receiver/x25-airplay-receiver/app/.cxx/RelWithDebInfo/416841uv/x86_64/<built-in>:399:
C/C++: /home/runner/work/x25-airplay-receiver/x25-airplay-receiver/app/.cxx/RelWithDebInfo/416841uv/x86_64/<command line>:30:9: warning: '__ANDROID_API__' macro redefined [-Wmacro-redefined]
C/C++:    30 | #define __ANDROID_API__ 24
C/C++:       |         ^
C/C++: /home/runner/work/x25-airplay-receiver/x25-airplay-receiver/app/.cxx/RelWithDebInfo/416841uv/x86_64/<built-in>:391:9: note: previous definition is here
C/C++:   391 | #define __ANDROID_API__ __ANDROID_MIN_SDK_VERSION__
C/C++:       |         ^
C/C++: 1 warning generated.
C/C++: In file included from /home/runner/work/x25-airplay-receiver/x25-airplay-receiver/app/.cxx/RelWithDebInfo/416841uv/x86_64/<built-in>:399:
C/C++: /home/runner/work/x25-airplay-receiver/x25-airplay-receiver/app/.cxx/RelWithDebInfo/416841uv/x86_64/<command line>:30:9: warning: '__ANDROID_API__' macro redefined [-Wmacro-redefined]
C/C++:    30 | #define __ANDROID_API__ 24
C/C++:       |         ^
C/C++: /home/runner/work/x25-airplay-receiver/x25-airplay-receiver/app/.cxx/RelWithDebInfo/416841uv/x86_64/<built-in>:391:9: note: previous definition is here
C/C++:   391 | #define __ANDROID_API__ __ANDROID_MIN_SDK_VERSION__
C/C++:       |         ^
C/C++: x86_64-linux-android24-clang  -I. -Iinclude -Iproviders/common/include -Iproviders/implementations/include  -DAES_ASM -DBSAES_ASM -DECP_NISTZ256_ASM -DGHASH_ASM -DKECCAK1600_ASM -DMD5_ASM -DOPENSSL_BN_ASM_GF2m -DOPENSSL_BN_ASM_MONT -DOPENSSL_BN_ASM_MONT5 -DOPENSSL_CPUID_OBJ -DOPENSSL_IA32_SSE2 -DPOLY1305_ASM -DSHA1_ASM -DSHA256_ASM -DSHA512_ASM -DSTATIC_LEGACY -DVPAES_ASM -DWHIRLPOOL_ASM -DX25519_ASM -fPIC -pthread -Wa,--noexecstack -Qunused-arguments -g -DANDROID -fdata-sections -ffunction-sections -funwind-tables -fstack-protector-strong -no-canonical-prefixes -D__BIONIC_NO_PAGE_SIZE_MACRO -D_FORTIFY_SOURCE=2 -Wformat -Werror=format-security  -ffile-prefix-map=/home/runner/work/x25-airplay-receiver/x25-airplay-receiver/app/src/main/cpp=. -ffile-prefix-map=/home/runner/work/x25-airplay-receiver/x25-airplay-receiver/app/.cxx/RelWithDebInfo/416841uv/x86_64=. -ffile-prefix-map=/usr/local/lib/android/sdk/ndk/27.0.12077973=. -Qunused-arguments -DOPENSSL_USE_NODELETE -DOPENSSL_PIC -DOPENSSLDIR="\"/usr/local/ssl\"" -DENGINESDIR="\"/usr/local/lib/engines-3\"" -DMODULESDIR="\"/usr/local/lib/ossl-modules\"" -DOPENSSL_BUILDING_OPENSSL -DNDEBUG -D__ANDROID_API__=24 -g -DANDROID -fdata-sections -ffunction-sections -funwind-tables -fstack-protector-strong -no-canonical-prefixes -D__BIONIC_NO_PAGE_SIZE_MACRO -D_FORTIFY_SOURCE=2 -Wformat -Werror=format-security   -ffile-prefix-map=/home/runner/work/x25-airplay-receiver/x25-airplay-receiver/app/src/main/cpp=. -ffile-prefix-map=/home/runner/work/x25-airplay-receiver/x25-airplay-receiver/app/.cxx/RelWithDebInfo/416841uv/x86_64=. -ffile-prefix-map=/usr/local/lib/android/sdk/ndk/27.0.12077973=. -Qunused-arguments -MMD -MF crypto/pkcs7/libcrypto-shlib-pk7_doit.d.tmp -c -o crypto/pkcs7/libcrypto-shlib-pk7_doit.o crypto/pkcs7/pk7_doit.c
C/C++: In file included from /home/runner/work/x25-airplay-receiver/x25-airplay-receiver/app/.cxx/RelWithDebInfo/416841uv/x86_64/<built-in>:399:
C/C++: /home/runner/work/x25-airplay-receiver/x25-airplay-receiver/app/.cxx/RelWithDebInfo/416841uv/x86_64/<command line>:30:9: warning: '__ANDROID_API__' macro redefined [-Wmacro-redefined]
C/C++:    30 | #define __ANDROID_API__ 24
C/C++:       |         ^
C/C++: /home/runner/work/x25-airplay-receiver/x25-airplay-receiver/app/.cxx/RelWithDebInfo/416841uv/x86_64/<built-in>:391:9: note: previous definition is here
C/C++:   391 | #define __ANDROID_API__ __ANDROID_MIN_SDK_VERSION__
C/C++:       |         ^
C/C++: 1 warning generated.
C/C++: In file included from /home/runner/work/x25-airplay-receiver/x25-airplay-receiver/app/.cxx/RelWithDebInfo/416841uv/x86_64/<built-in>:399:
C/C++: /home/runner/work/x25-airplay-receiver/x25-airplay-receiver/app/.cxx/RelWithDebInfo/416841uv/x86_64/<command line>:30:9: warning: '__ANDROID_API__' macro redefined [-Wmacro-redefined]
C/C++:    30 | #define __ANDROID_API__ 24
C/C++:       |         ^
C/C++: /home/runner/work/x25-airplay-receiver/x25-airplay-receiver/app/.cxx/RelWithDebInfo/416841uv/x86_64/<built-in>:391:9: note: previous definition is here
C/C++:   391 | #define __ANDROID_API__ __ANDROID_MIN_SDK_VERSION__
C/C++:       |         ^
C/C++: In file included from /home/runner/work/x25-airplay-receiver/x25-airplay-receiver/app/.cxx/RelWithDebInfo/416841uv/x86_64/<built-in>:399:
C/C++: /home/runner/work/x25-airplay-receiver/x25-airplay-receiver/app/.cxx/RelWithDebInfo/416841uv/x86_64/<command line>:30:9: warning: '__ANDROID_API__' macro redefined [-Wmacro-redefined]
C/C++:    30 | #define __ANDROID_API__ 24
C/C++:       |         ^
C/C++: /home/runner/work/x25-airplay-receiver/x25-airplay-receiver/app/.cxx/RelWithDebInfo/416841uv/x86_64/<built-in>:391:9: note: previous definition is here
C/C++:   391 | #define __ANDROID_API__ __ANDROID_MIN_SDK_VERSION__
C/C++:       |         ^
C/C++: 1 warning generated.
C/C++: In file included from /home/runner/work/x25-airplay-receiver/x25-airplay-receiver/app/.cxx/RelWithDebInfo/416841uv/x86_64/<built-in>:399:
C/C++: /home/runner/work/x25-airplay-receiver/x25-airplay-receiver/app/.cxx/RelWithDebInfo/416841uv/x86_64/<command line>:30:9: warning: '__ANDROID_API__' macro redefined [-Wmacro-redefined]
C/C++:    30 | #define __ANDROID_API__ 24
C/C++:       |         ^
C/C++: /home/runner/work/x25-airplay-receiver/x25-airplay-receiver/app/.cxx/RelWithDebInfo/416841uv/x86_64/<built-in>:391:9: note: previous definition is here
C/C++:   391 | #define __ANDROID_API__ __ANDROID_MIN_SDK_VERSION__
C/C++:       |         ^
C/C++: In file included from /home/runner/work/x25-airplay-receiver/x25-airplay-receiver/app/.cxx/RelWithDebInfo/416841uv/x86_64/<built-in>:399:
C/C++: /home/runner/work/x25-airplay-receiver/x25-airplay-receiver/app/.cxx/RelWithDebInfo/416841uv/x86_64/<command line>:30:9: warning: '__ANDROID_API__' macro redefined [-Wmacro-redefined]
C/C++:    30 | #define __ANDROID_API__ 24
C/C++:       |         ^
C/C++: /home/runner/work/x25-airplay-receiver/x25-airplay-receiver/app/.cxx/RelWithDebInfo/416841uv/x86_64/<built-in>:391:9: note: previous definition is here
C/C++:   391 | #define __ANDROID_API__ __ANDROID_MIN_SDK_VERSION__
C/C++:       |         ^
C/C++: 1 warning generated.
C/C++: In file included from /home/runner/work/x25-airplay-receiver/x25-airplay-receiver/app/.cxx/RelWithDebInfo/416841uv/x86_64/<built-in>:399:
C/C++: /home/runner/work/x25-airplay-receiver/x25-airplay-receiver/app/.cxx/RelWithDebInfo/416841uv/x86_64/<command line>:30:9: warning: '__ANDROID_API__' macro redefined [-Wmacro-redefined]
C/C++:    30 | #define __ANDROID_API__ 24
C/C++:       |         ^
C/C++: /home/runner/work/x25-airplay-receiver/x25-airplay-receiver/app/.cxx/RelWithDebInfo/416841uv/x86_64/<built-in>:391:9: note: previous definition is here
C/C++:   391 | #define __ANDROID_API__ __ANDROID_MIN_SDK_VERSION__
C/C++:       |         ^
C/C++: x86_64-linux-android24-clang  -I. -Iinclude -Iproviders/common/include -Iproviders/implementations/include  -DAES_ASM -DBSAES_ASM -DECP_NISTZ256_ASM -DGHASH_ASM -DKECCAK1600_ASM -DMD5_ASM -DOPENSSL_BN_ASM_GF2m -DOPENSSL_BN_ASM_MONT -DOPENSSL_BN_ASM_MONT5 -DOPENSSL_CPUID_OBJ -DOPENSSL_IA32_SSE2 -DPOLY1305_ASM -DSHA1_ASM -DSHA256_ASM -DSHA512_ASM -DSTATIC_LEGACY -DVPAES_ASM -DWHIRLPOOL_ASM -DX25519_ASM -fPIC -pthread -Wa,--noexecstack -Qunused-arguments -g -DANDROID -fdata-sections -ffunction-sections -funwind-tables -fstack-protector-strong -no-canonical-prefixes -D__BIONIC_NO_PAGE_SIZE_MACRO -D_FORTIFY_SOURCE=2 -Wformat -Werror=format-security  -ffile-prefix-map=/home/runner/work/x25-airplay-receiver/x25-airplay-receiver/app/src/main/cpp=. -ffile-prefix-map=/home/runner/work/x25-airplay-receiver/x25-airplay-receiver/app/.cxx/RelWithDebInfo/416841uv/x86_64=. -ffile-prefix-map=/usr/local/lib/android/sdk/ndk/27.0.12077973=. -Qunused-arguments -DOPENSSL_USE_NODELETE -DOPENSSL_PIC -DOPENSSLDIR="\"/usr/local/ssl\"" -DENGINESDIR="\"/usr/local/lib/engines-3\"" -DMODULESDIR="\"/usr/local/lib/ossl-modules\"" -DOPENSSL_BUILDING_OPENSSL -DNDEBUG -D__ANDROID_API__=24 -g -DANDROID -fdata-sections -ffunction-sections -funwind-tables -fstack-protector-strong -no-canonical-prefixes -D__BIONIC_NO_PAGE_SIZE_MACRO -D_FORTIFY_SOURCE=2 -Wformat -Werror=format-security   -ffile-prefix-map=/home/runner/work/x25-airplay-receiver/x25-airplay-receiver/app/src/main/cpp=. -ffile-prefix-map=/home/runner/work/x25-airplay-receiver/x25-airplay-receiver/app/.cxx/RelWithDebInfo/416841uv/x86_64=. -ffile-prefix-map=/usr/local/lib/android/sdk/ndk/27.0.12077973=. -Qunused-arguments -MMD -MF crypto/poly1305/libcrypto-shlib-poly1305.d.tmp -c -o crypto/poly1305/libcrypto-shlib-poly1305.o crypto/poly1305/poly1305.c
C/C++: 1 warning generated.
C/C++: In file included from /home/runner/work/x25-airplay-receiver/x25-airplay-receiver/app/.cxx/RelWithDebInfo/416841uv/x86_64/<built-in>:399:
C/C++: /home/runner/work/x25-airplay-receiver/x25-airplay-receiver/app/.cxx/RelWithDebInfo/416841uv/x86_64/<command line>:30:9: warning: '__ANDROID_API__' macro redefined [-Wmacro-redefined]
C/C++:    30 | #define __ANDROID_API__ 24
C/C++:       |         ^
C/C++: /home/runner/work/x25-airplay-receiver/x25-airplay-receiver/app/.cxx/RelWithDebInfo/416841uv/x86_64/<built-in>:391:9: note: previous definition is here
C/C++:   391 | #define __ANDROID_API__ __ANDROID_MIN_SDK_VERSION__
C/C++:       |         ^
C/C++: 1 warning generated.
C/C++: In file included from /home/runner/work/x25-airplay-receiver/x25-airplay-receiver/app/.cxx/RelWithDebInfo/416841uv/x86_64/<built-in>:399:
C/C++: /home/runner/work/x25-airplay-receiver/x25-airplay-receiver/app/.cxx/RelWithDebInfo/416841uv/x86_64/<command line>:30:9: warning: '__ANDROID_API__' macro redefined [-Wmacro-redefined]
C/C++:    30 | #define __ANDROID_API__ 24
C/C++:       |         ^
C/C++: /home/runner/work/x25-airplay-receiver/x25-airplay-receiver/app/.cxx/RelWithDebInfo/416841uv/x86_64/<built-in>:391:9: note: previous definition is here
C/C++:   391 | #define __ANDROID_API__ __ANDROID_MIN_SDK_VERSION__
C/C++:       |         ^
C/C++: x86_64-linux-android24-clang  -I. -Iinclude -Iproviders/common/include -Iproviders/implementations/include  -DAES_ASM -DBSAES_ASM -DECP_NISTZ256_ASM -DGHASH_ASM -DKECCAK1600_ASM -DMD5_ASM -DOPENSSL_BN_ASM_GF2m -DOPENSSL_BN_ASM_MONT -DOPENSSL_BN_ASM_MONT5 -DOPENSSL_CPUID_OBJ -DOPENSSL_IA32_SSE2 -DPOLY1305_ASM -DSHA1_ASM -DSHA256_ASM -DSHA512_ASM -DSTATIC_LEGACY -DVPAES_ASM -DWHIRLPOOL_ASM -DX25519_ASM -fPIC -pthread -Wa,--noexecstack -Qunused-arguments -g -DANDROID -fdata-sections -ffunction-sections -funwind-tables -fstack-protector-strong -no-canonical-prefixes -D__BIONIC_NO_PAGE_SIZE_MACRO -D_FORTIFY_SOURCE=2 -Wformat -Werror=format-security  -ffile-prefix-map=/home/runner/work/x25-airplay-receiver/x25-airplay-receiver/app/src/main/cpp=. -ffile-prefix-map=/home/runner/work/x25-airplay-receiver/x25-airplay-receiver/app/.cxx/RelWithDebInfo/416841uv/x86_64=. -ffile-prefix-map=/usr/local/lib/android/sdk/ndk/27.0.12077973=. -Qunused-arguments -DOPENSSL_USE_NODELETE -DOPENSSL_PIC -DOPENSSLDIR="\"/usr/local/ssl\"" -DENGINESDIR="\"/usr/local/lib/engines-3\"" -DMODULESDIR="\"/usr/local/lib/ossl-modules\"" -DOPENSSL_BUILDING_OPENSSL -DNDEBUG -D__ANDROID_API__=24 -g -DANDROID -fdata-sections -ffunction-sections -funwind-tables -fstack-protector-strong -no-canonical-prefixes -D__BIONIC_NO_PAGE_SIZE_MACRO -D_FORTIFY_SOURCE=2 -Wformat -Werror=format-security   -ffile-prefix-map=/home/runner/work/x25-airplay-receiver/x25-airplay-receiver/app/src/main/cpp=. -ffile-prefix-map=/home/runner/work/x25-airplay-receiver/x25-airplay-receiver/app/.cxx/RelWithDebInfo/416841uv/x86_64=. -ffile-prefix-map=/usr/local/lib/android/sdk/ndk/27.0.12077973=. -Qunused-arguments -MMD -MF crypto/property/libcrypto-shlib-property.d.tmp -c -o crypto/property/libcrypto-shlib-property.o crypto/property/property.c
C/C++: In file included from /home/runner/work/x25-airplay-receiver/x25-airplay-receiver/app/.cxx/RelWithDebInfo/416841uv/x86_64/<built-in>:399:
C/C++: /home/runner/work/x25-airplay-receiver/x25-airplay-receiver/app/.cxx/RelWithDebInfo/416841uv/x86_64/<command line>:30:9: warning: '__ANDROID_API__' macro redefined [-Wmacro-redefined]
C/C++:    30 | #define __ANDROID_API__ 24
C/C++:       |         ^
C/C++: /home/runner/work/x25-airplay-receiver/x25-airplay-receiver/app/.cxx/RelWithDebInfo/416841uv/x86_64/<built-in>:391:9: note: previous definition is here
C/C++:   391 | #define __ANDROID_API__ __ANDROID_MIN_SDK_VERSION__
C/C++:       |         ^
C/C++: 1 warning generated.
C/C++: In file included from /home/runner/work/x25-airplay-receiver/x25-airplay-receiver/app/.cxx/RelWithDebInfo/416841uv/x86_64/<built-in>:399:
C/C++: /home/runner/work/x25-airplay-receiver/x25-airplay-receiver/app/.cxx/RelWithDebInfo/416841uv/x86_64/<command line>:30:9: warning: '__ANDROID_API__' macro redefined [-Wmacro-redefined]
C/C++:    30 | #define __ANDROID_API__ 24
C/C++:       |         ^
C/C++: /home/runner/work/x25-airplay-receiver/x25-airplay-receiver/app/.cxx/RelWithDebInfo/416841uv/x86_64/<built-in>:391:9: note: previous definition is here
C/C++:   391 | #define __ANDROID_API__ __ANDROID_MIN_SDK_VERSION__
C/C++:       |         ^
C/C++: In file included from /home/runner/work/x25-airplay-receiver/x25-airplay-receiver/app/.cxx/RelWithDebInfo/416841uv/x86_64/<built-in>:399:
C/C++: /home/runner/work/x25-airplay-receiver/x25-airplay-receiver/app/.cxx/RelWithDebInfo/416841uv/x86_64/<command line>:30:9: warning: '__ANDROID_API__' macro redefined [-Wmacro-redefined]
C/C++:    30 | #define __ANDROID_API__ 24
C/C++:       |         ^
C/C++: /home/runner/work/x25-airplay-receiver/x25-airplay-receiver/app/.cxx/RelWithDebInfo/416841uv/x86_64/<built-in>:391:9: note: previous definition is here
C/C++:   391 | #define __ANDROID_API__ __ANDROID_MIN_SDK_VERSION__
C/C++:       |         ^
C/C++: 1 warning generated.
C/C++: In file included from /home/runner/work/x25-airplay-receiver/x25-airplay-receiver/app/.cxx/RelWithDebInfo/416841uv/x86_64/<built-in>:399:
C/C++: /home/runner/work/x25-airplay-receiver/x25-airplay-receiver/app/.cxx/RelWithDebInfo/416841uv/x86_64/<command line>:30:9: warning: '__ANDROID_API__' macro redefined [-Wmacro-redefined]
C/C++:    30 | #define __ANDROID_API__ 24
C/C++:       |         ^
C/C++: /home/runner/work/x25-airplay-receiver/x25-airplay-receiver/app/.cxx/RelWithDebInfo/416841uv/x86_64/<built-in>:391:9: note: previous definition is here
C/C++:   391 | #define __ANDROID_API__ __ANDROID_MIN_SDK_VERSION__
C/C++:       |         ^
C/C++: In file included from /home/runner/work/x25-airplay-receiver/x25-airplay-receiver/app/.cxx/RelWithDebInfo/416841uv/x86_64/<built-in>:399:
C/C++: /home/runner/work/x25-airplay-receiver/x25-airplay-receiver/app/.cxx/RelWithDebInfo/416841uv/x86_64/<command line>:30:9: warning: '__ANDROID_API__' macro redefined [-Wmacro-redefined]
C/C++:    30 | #define __ANDROID_API__ 24
C/C++:       |         ^
C/C++: /home/runner/work/x25-airplay-receiver/x25-airplay-receiver/app/.cxx/RelWithDebInfo/416841uv/x86_64/<built-in>:391:9: note: previous definition is here
C/C++:   391 | #define __ANDROID_API__ __ANDROID_MIN_SDK_VERSION__
C/C++:       |         ^
C/C++: 1 warning generated.
C/C++: In file included from /home/runner/work/x25-airplay-receiver/x25-airplay-receiver/app/.cxx/RelWithDebInfo/416841uv/x86_64/<built-in>:399:
C/C++: /home/runner/work/x25-airplay-receiver/x25-airplay-receiver/app/.cxx/RelWithDebInfo/416841uv/x86_64/<command line>:30:9: warning: '__ANDROID_API__' macro redefined [-Wmacro-redefined]
C/C++:    30 | #define __ANDROID_API__ 24
C/C++:       |         ^
C/C++: /home/runner/work/x25-airplay-receiver/x25-airplay-receiver/app/.cxx/RelWithDebInfo/416841uv/x86_64/<built-in>:391:9: note: previous definition is here
C/C++:   391 | #define __ANDROID_API__ __ANDROID_MIN_SDK_VERSION__
C/C++:       |         ^
C/C++: 1 warning generated.
C/C++: In file included from /home/runner/work/x25-airplay-receiver/x25-airplay-receiver/app/.cxx/RelWithDebInfo/416841uv/x86_64/<built-in>:399:
C/C++: /home/runner/work/x25-airplay-receiver/x25-airplay-receiver/app/.cxx/RelWithDebInfo/416841uv/x86_64/<command line>:30:9: warning: '__ANDROID_API__' macro redefined [-Wmacro-redefined]
C/C++:    30 | #define __ANDROID_API__ 24
C/C++:       |         ^
C/C++: /home/runner/work/x25-airplay-receiver/x25-airplay-receiver/app/.cxx/RelWithDebInfo/416841uv/x86_64/<built-in>:391:9: note: previous definition is here
C/C++:   391 | #define __ANDROID_API__ __ANDROID_MIN_SDK_VERSION__
C/C++:       |         ^
C/C++: In file included from /home/runner/work/x25-airplay-receiver/x25-airplay-receiver/app/.cxx/RelWithDebInfo/416841uv/x86_64/<built-in>:399:
C/C++: /home/runner/work/x25-airplay-receiver/x25-airplay-receiver/app/.cxx/RelWithDebInfo/416841uv/x86_64/<command line>:30:9: warning: '__ANDROID_API__' macro redefined [-Wmacro-redefined]
C/C++:    30 | #define __ANDROID_API__ 24
C/C++:       |         ^
C/C++: /home/runner/work/x25-airplay-receiver/x25-airplay-receiver/app/.cxx/RelWithDebInfo/416841uv/x86_64/<built-in>:391:9: note: previous definition is here
C/C++:   391 | #define __ANDROID_API__ __ANDROID_MIN_SDK_VERSION__
C/C++:       |         ^
C/C++: x86_64-linux-android24-clang  -I. -Iinclude -Iproviders/common/include -Iproviders/implementations/include  -DAES_ASM -DBSAES_ASM -DECP_NISTZ256_ASM -DGHASH_ASM -DKECCAK1600_ASM -DMD5_ASM -DOPENSSL_BN_ASM_GF2m -DOPENSSL_BN_ASM_MONT -DOPENSSL_BN_ASM_MONT5 -DOPENSSL_CPUID_OBJ -DOPENSSL_IA32_SSE2 -DPOLY1305_ASM -DSHA1_ASM -DSHA256_ASM -DSHA512_ASM -DSTATIC_LEGACY -DVPAES_ASM -DWHIRLPOOL_ASM -DX25519_ASM -fPIC -pthread -Wa,--noexecstack -Qunused-arguments -g -DANDROID -fdata-sections -ffunction-sections -funwind-tables -fstack-protector-strong -no-canonical-prefixes -D__BIONIC_NO_PAGE_SIZE_MACRO -D_FORTIFY_SOURCE=2 -Wformat -Werror=format-security  -ffile-prefix-map=/home/runner/work/x25-airplay-receiver/x25-airplay-receiver/app/src/main/cpp=. -ffile-prefix-map=/home/runner/work/x25-airplay-receiver/x25-airplay-receiver/app/.cxx/RelWithDebInfo/416841uv/x86_64=. -ffile-prefix-map=/usr/local/lib/android/sdk/ndk/27.0.12077973=. -Qunused-arguments -DOPENSSL_USE_NODELETE -DOPENSSL_PIC -DOPENSSLDIR="\"/usr/local/ssl\"" -DENGINESDIR="\"/usr/local/lib/engines-3\"" -DMODULESDIR="\"/usr/local/lib/ossl-modules\"" -DOPENSSL_BUILDING_OPENSSL -DNDEBUG -D__ANDROID_API__=24 -g -DANDROID -fdata-sections -ffunction-sections -funwind-tables -fstack-protector-strong -no-canonical-prefixes -D__BIONIC_NO_PAGE_SIZE_MACRO -D_FORTIFY_SOURCE=2 -Wformat -Werror=format-security   -ffile-prefix-map=/home/runner/work/x25-airplay-receiver/x25-airplay-receiver/app/src/main/cpp=. -ffile-prefix-map=/home/runner/work/x25-airplay-receiver/x25-airplay-receiver/app/.cxx/RelWithDebInfo/416841uv/x86_64=. -ffile-prefix-map=/usr/local/lib/android/sdk/ndk/27.0.12077973=. -Qunused-arguments -MMD -MF crypto/rand/libcrypto-shlib-rand_lib.d.tmp -c -o crypto/rand/libcrypto-shlib-rand_lib.o crypto/rand/rand_lib.c
C/C++: In file included from /home/runner/work/x25-airplay-receiver/x25-airplay-receiver/app/.cxx/RelWithDebInfo/416841uv/x86_64/<built-in>:399:
C/C++: /home/runner/work/x25-airplay-receiver/x25-airplay-receiver/app/.cxx/RelWithDebInfo/416841uv/x86_64/<command line>:30:9: warning: '__ANDROID_API__' macro redefined [-Wmacro-redefined]
C/C++:    30 | #define __ANDROID_API__ 24
C/C++:       |         ^
C/C++: /home/runner/work/x25-airplay-receiver/x25-airplay-receiver/app/.cxx/RelWithDebInfo/416841uv/x86_64/<built-in>:391:9: note: previous definition is here
C/C++:   391 | #define __ANDROID_API__ __ANDROID_MIN_SDK_VERSION__
C/C++:       |         ^
C/C++: 1 warning generated.
C/C++: In file included from /home/runner/work/x25-airplay-receiver/x25-airplay-receiver/app/.cxx/RelWithDebInfo/416841uv/x86_64/<built-in>:399:
C/C++: /home/runner/work/x25-airplay-receiver/x25-airplay-receiver/app/.cxx/RelWithDebInfo/416841uv/x86_64/<command line>:30:9: warning: '__ANDROID_API__' macro redefined [-Wmacro-redefined]
C/C++:    30 | #define __ANDROID_API__ 24
C/C++:       |         ^
C/C++: /home/runner/work/x25-airplay-receiver/x25-airplay-receiver/app/.cxx/RelWithDebInfo/416841uv/x86_64/<built-in>:391:9: note: previous definition is here
C/C++:   391 | #define __ANDROID_API__ __ANDROID_MIN_SDK_VERSION__
C/C++:       |         ^
C/C++: 1 warning generated.
C/C++: In file included from /home/runner/work/x25-airplay-receiver/x25-airplay-receiver/app/.cxx/RelWithDebInfo/416841uv/x86_64/<built-in>:399:
C/C++: /home/runner/work/x25-airplay-receiver/x25-airplay-receiver/app/.cxx/RelWithDebInfo/416841uv/x86_64/<command line>:30:9: warning: '__ANDROID_API__' macro redefined [-Wmacro-redefined]
C/C++:    30 | #define __ANDROID_API__ 24
C/C++:       |         ^
C/C++: /home/runner/work/x25-airplay-receiver/x25-airplay-receiver/app/.cxx/RelWithDebInfo/416841uv/x86_64/<built-in>:391:9: note: previous definition is here
C/C++:   391 | #define __ANDROID_API__ __ANDROID_MIN_SDK_VERSION__
C/C++:       |         ^
C/C++: In file included from /home/runner/work/x25-airplay-receiver/x25-airplay-receiver/app/.cxx/RelWithDebInfo/416841uv/x86_64/<built-in>:399:
C/C++: /home/runner/work/x25-airplay-receiver/x25-airplay-receiver/app/.cxx/RelWithDebInfo/416841uv/x86_64/<command line>:30:9: warning: '__ANDROID_API__' macro redefined [-Wmacro-redefined]
C/C++:    30 | #define __ANDROID_API__ 24
C/C++:       |         ^
C/C++: /home/runner/work/x25-airplay-receiver/x25-airplay-receiver/app/.cxx/RelWithDebInfo/416841uv/x86_64/<built-in>:391:9: note: previous definition is here
C/C++:   391 | #define __ANDROID_API__ __ANDROID_MIN_SDK_VERSION__
C/C++:       |         ^
C/C++: 1 warning generated.
C/C++: In file included from /home/runner/work/x25-airplay-receiver/x25-airplay-receiver/app/.cxx/RelWithDebInfo/416841uv/x86_64/<built-in>:399:
C/C++: /home/runner/work/x25-airplay-receiver/x25-airplay-receiver/app/.cxx/RelWithDebInfo/416841uv/x86_64/<command line>:30:9: warning: '__ANDROID_API__' macro redefined [-Wmacro-redefined]
C/C++:    30 | #define __ANDROID_API__ 24
C/C++:       |         ^
C/C++: /home/runner/work/x25-airplay-receiver/x25-airplay-receiver/app/.cxx/RelWithDebInfo/416841uv/x86_64/<built-in>:391:9: note: previous definition is here
C/C++:   391 | #define __ANDROID_API__ __ANDROID_MIN_SDK_VERSION__
C/C++:       |         ^
C/C++: 1 warning generated.
C/C++: In file included from /home/runner/work/x25-airplay-receiver/x25-airplay-receiver/app/.cxx/RelWithDebInfo/416841uv/x86_64/<built-in>:399:
C/C++: /home/runner/work/x25-airplay-receiver/x25-airplay-receiver/app/.cxx/RelWithDebInfo/416841uv/x86_64/<command line>:30:9: warning: '__ANDROID_API__' macro redefined [-Wmacro-redefined]
C/C++:    30 | #define __ANDROID_API__ 24
C/C++:       |         ^
C/C++: /home/runner/work/x25-airplay-receiver/x25-airplay-receiver/app/.cxx/RelWithDebInfo/416841uv/x86_64/<built-in>:391:9: note: previous definition is here
C/C++:   391 | #define __ANDROID_API__ __ANDROID_MIN_SDK_VERSION__
C/C++:       |         ^
C/C++: 1 warning generated.
C/C++: In file included from /home/runner/work/x25-airplay-receiver/x25-airplay-receiver/app/.cxx/RelWithDebInfo/416841uv/x86_64/<built-in>:399:
C/C++: /home/runner/work/x25-airplay-receiver/x25-airplay-receiver/app/.cxx/RelWithDebInfo/416841uv/x86_64/<command line>:30:9: warning: '__ANDROID_API__' macro redefined [-Wmacro-redefined]
C/C++:    30 | #define __ANDROID_API__ 24
C/C++:       |         ^
C/C++: /home/runner/work/x25-airplay-receiver/x25-airplay-receiver/app/.cxx/RelWithDebInfo/416841uv/x86_64/<built-in>:391:9: note: previous definition is here
C/C++:   391 | #define __ANDROID_API__ __ANDROID_MIN_SDK_VERSION__
C/C++:       |         ^
C/C++: x86_64-linux-android24-clang  -I. -Iinclude -Iproviders/common/include -Iproviders/implementations/include  -DAES_ASM -DBSAES_ASM -DECP_NISTZ256_ASM -DGHASH_ASM -DKECCAK1600_ASM -DMD5_ASM -DOPENSSL_BN_ASM_GF2m -DOPENSSL_BN_ASM_MONT -DOPENSSL_BN_ASM_MONT5 -DOPENSSL_CPUID_OBJ -DOPENSSL_IA32_SSE2 -DPOLY1305_ASM -DSHA1_ASM -DSHA256_ASM -DSHA512_ASM -DSTATIC_LEGACY -DVPAES_ASM -DWHIRLPOOL_ASM -DX25519_ASM -fPIC -pthread -Wa,--noexecstack -Qunused-arguments -g -DANDROID -fdata-sections -ffunction-sections -funwind-tables -fstack-protector-strong -no-canonical-prefixes -D__BIONIC_NO_PAGE_SIZE_MACRO -D_FORTIFY_SOURCE=2 -Wformat -Werror=format-security  -ffile-prefix-map=/home/runner/work/x25-airplay-receiver/x25-airplay-receiver/app/src/main/cpp=. -ffile-prefix-map=/home/runner/work/x25-airplay-receiver/x25-airplay-receiver/app/.cxx/RelWithDebInfo/416841uv/x86_64=. -ffile-prefix-map=/usr/local/lib/android/sdk/ndk/27.0.12077973=. -Qunused-arguments -DOPENSSL_USE_NODELETE -DOPENSSL_PIC -DOPENSSLDIR="\"/usr/local/ssl\"" -DENGINESDIR="\"/usr/local/lib/engines-3\"" -DMODULESDIR="\"/usr/local/lib/ossl-modules\"" -DOPENSSL_BUILDING_OPENSSL -DNDEBUG -D__ANDROID_API__=24 -g -DANDROID -fdata-sections -ffunction-sections -funwind-tables -fstack-protector-strong -no-canonical-prefixes -D__BIONIC_NO_PAGE_SIZE_MACRO -D_FORTIFY_SOURCE=2 -Wformat -Werror=format-security   -ffile-prefix-map=/home/runner/work/x25-airplay-receiver/x25-airplay-receiver/app/src/main/cpp=. -ffile-prefix-map=/home/runner/work/x25-airplay-receiver/x25-airplay-receiver/app/.cxx/RelWithDebInfo/416841uv/x86_64=. -ffile-prefix-map=/usr/local/lib/android/sdk/ndk/27.0.12077973=. -Qunused-arguments -MMD -MF crypto/rsa/libcrypto-shlib-rsa_asn1.d.tmp -c -o crypto/rsa/libcrypto-shlib-rsa_asn1.o crypto/rsa/rsa_asn1.c
C/C++: 1 warning generated.
C/C++: In file included from /home/runner/work/x25-airplay-receiver/x25-airplay-receiver/app/.cxx/RelWithDebInfo/416841uv/x86_64/<built-in>:399:
C/C++: /home/runner/work/x25-airplay-receiver/x25-airplay-receiver/app/.cxx/RelWithDebInfo/416841uv/x86_64/<command line>:30:9: warning: '__ANDROID_API__' macro redefined [-Wmacro-redefined]
C/C++:    30 | #define __ANDROID_API__ 24
C/C++:       |         ^
C/C++: /home/runner/work/x25-airplay-receiver/x25-airplay-receiver/app/.cxx/RelWithDebInfo/416841uv/x86_64/<built-in>:391:9: note: previous definition is here
C/C++:   391 | #define __ANDROID_API__ __ANDROID_MIN_SDK_VERSION__
C/C++:       |         ^
C/C++: In file included from /home/runner/work/x25-airplay-receiver/x25-airplay-receiver/app/.cxx/RelWithDebInfo/416841uv/x86_64/<built-in>:399:
C/C++: /home/runner/work/x25-airplay-receiver/x25-airplay-receiver/app/.cxx/RelWithDebInfo/416841uv/x86_64/<command line>:30:9: warning: '__ANDROID_API__' macro redefined [-Wmacro-redefined]
C/C++:    30 | #define __ANDROID_API__ 24
C/C++:       |         ^
C/C++: /home/runner/work/x25-airplay-receiver/x25-airplay-receiver/app/.cxx/RelWithDebInfo/416841uv/x86_64/<built-in>:391:9: note: previous definition is here
C/C++:   391 | #define __ANDROID_API__ __ANDROID_MIN_SDK_VERSION__
C/C++:       |         ^
C/C++: 1 warning generated.
C/C++: In file included from /home/runner/work/x25-airplay-receiver/x25-airplay-receiver/app/.cxx/RelWithDebInfo/416841uv/x86_64/<built-in>:399:
C/C++: /home/runner/work/x25-airplay-receiver/x25-airplay-receiver/app/.cxx/RelWithDebInfo/416841uv/x86_64/<command line>:30:9: warning: '__ANDROID_API__' macro redefined [-Wmacro-redefined]
C/C++:    30 | #define __ANDROID_API__ 24
C/C++:       |         ^
C/C++: /home/runner/work/x25-airplay-receiver/x25-airplay-receiver/app/.cxx/RelWithDebInfo/416841uv/x86_64/<built-in>:391:9: note: previous definition is here
C/C++:   391 | #define __ANDROID_API__ __ANDROID_MIN_SDK_VERSION__
C/C++:       |         ^
C/C++: 1 warning generated.
C/C++: In file included from /home/runner/work/x25-airplay-receiver/x25-airplay-receiver/app/.cxx/RelWithDebInfo/416841uv/x86_64/<built-in>:399:
C/C++: /home/runner/work/x25-airplay-receiver/x25-airplay-receiver/app/.cxx/RelWithDebInfo/416841uv/x86_64/<command line>:30:9: warning: '__ANDROID_API__' macro redefined [-Wmacro-redefined]
C/C++:    30 | #define __ANDROID_API__ 24
C/C++:       |         ^
C/C++: /home/runner/work/x25-airplay-receiver/x25-airplay-receiver/app/.cxx/RelWithDebInfo/416841uv/x86_64/<built-in>:391:9: note: previous definition is here
C/C++:   391 | #define __ANDROID_API__ __ANDROID_MIN_SDK_VERSION__
C/C++:       |         ^
C/C++: In file included from /home/runner/work/x25-airplay-receiver/x25-airplay-receiver/app/.cxx/RelWithDebInfo/416841uv/x86_64/<built-in>:399:
C/C++: /home/runner/work/x25-airplay-receiver/x25-airplay-receiver/app/.cxx/RelWithDebInfo/416841uv/x86_64/<command line>:30:9: warning: '__ANDROID_API__' macro redefined [-Wmacro-redefined]
C/C++:    30 | #define __ANDROID_API__ 24
C/C++:       |         ^
C/C++: /home/runner/work/x25-airplay-receiver/x25-airplay-receiver/app/.cxx/RelWithDebInfo/416841uv/x86_64/<built-in>:391:9: note: previous definition is here
C/C++:   391 | #define __ANDROID_API__ __ANDROID_MIN_SDK_VERSION__
C/C++:       |         ^
C/C++: In file included from /home/runner/work/x25-airplay-receiver/x25-airplay-receiver/app/.cxx/RelWithDebInfo/416841uv/x86_64/<built-in>:399:
C/C++: /home/runner/work/x25-airplay-receiver/x25-airplay-receiver/app/.cxx/RelWithDebInfo/416841uv/x86_64/<command line>:30:9: warning: '__ANDROID_API__' macro redefined [-Wmacro-redefined]
C/C++:    30 | #define __ANDROID_API__ 24
C/C++:       |         ^
C/C++: /home/runner/work/x25-airplay-receiver/x25-airplay-receiver/app/.cxx/RelWithDebInfo/416841uv/x86_64/<built-in>:391:9: note: previous definition is here
C/C++:   391 | #define __ANDROID_API__ __ANDROID_MIN_SDK_VERSION__
C/C++:       |         ^
C/C++: 1 warning generated.
C/C++: In file included from /home/runner/work/x25-airplay-receiver/x25-airplay-receiver/app/.cxx/RelWithDebInfo/416841uv/x86_64/<built-in>:399:
C/C++: /home/runner/work/x25-airplay-receiver/x25-airplay-receiver/app/.cxx/RelWithDebInfo/416841uv/x86_64/<command line>:30:9: warning: '__ANDROID_API__' macro redefined [-Wmacro-redefined]
C/C++:    30 | #define __ANDROID_API__ 24
C/C++:       |         ^x86_64-linux-android24-clang  -I. -Iinclude -Iproviders/common/include -Iproviders/implementations/include  -DAES_ASM -DBSAES_ASM -DECP_NISTZ256_ASM -DGHASH_ASM -DKECCAK1600_ASM -DMD5_ASM -DOPENSSL_BN_ASM_GF2m -DOPENSSL_BN_ASM_MONT -DOPENSSL_BN_ASM_MONT5 -DOPENSSL_CPUID_OBJ -DOPENSSL_IA32_SSE2 -DPOLY1305_ASM -DSHA1_ASM -DSHA256_ASM -DSHA512_ASM -DSTATIC_LEGACY -DVPAES_ASM -DWHIRLPOOL_ASM -DX25519_ASM -fPIC -pthread -Wa,--noexecstack -Qunused-arguments -g -DANDROID -fdata-sections -ffunction-sections -funwind-tables -fstack-protector-strong -no-canonical-prefixes -D__BIONIC_NO_PAGE_SIZE_MACRO -D_FORTIFY_SOURCE=2 -Wformat -Werror=format-security  -ffile-prefix-map=/home/runner/work/x25-airplay-receiver/x25-airplay-receiver/app/src/main/cpp=. -ffile-prefix-map=/home/runner/work/x25-airplay-receiver/x25-airplay-receiver/app/.cxx/RelWithDebInfo/416841uv/x86_64=. -ffile-prefix-map=/usr/local/lib/android/sdk/ndk/27.0.12077973=. -Qunused-arguments -DOPENSSL_USE_NODELETE -DOPENSSL_PIC -DOPENSSLDIR="\"/usr/local/ssl\"" -DENGINESDIR="\"/usr/local/lib/engines-3\"" -DMODULESDIR="\"/usr/local/lib/ossl-modules\"" -DOPENSSL_BUILDING_OPENSSL -DNDEBUG -D__ANDROID_API__=24 -g -DANDROID -fdata-sections -ffunction-sections -funwind-tables -fstack-protector-strong -no-canonical-prefixes -D__BIONIC_NO_PAGE_SIZE_MACRO -D_FORTIFY_SOURCE=2 -Wformat -Werror=format-security   -ffile-prefix-map=/home/runner/work/x25-airplay-receiver/x25-airplay-receiver/app/src/main/cpp=. -ffile-prefix-map=/home/runner/work/x25-airplay-receiver/x25-airplay-receiver/app/.cxx/RelWithDebInfo/416841uv/x86_64=. -ffile-prefix-map=/usr/local/lib/android/sdk/ndk/27.0.12077973=. -Qunused-arguments -MMD -MF crypto/rsa/libcrypto-shlib-rsa_meth.d.tmp -c -o crypto/rsa/libcrypto-shlib-rsa_meth.o crypto/rsa/rsa_meth.c
C/C++: /home/runner/work/x25-airplay-receiver/x25-airplay-receiver/app/.cxx/RelWithDebInfo/416841uv/x86_64/<built-in>:391:9: note: previous definition is here
C/C++:   391 | #define __ANDROID_API__ __ANDROID_MIN_SDK_VERSION__
C/C++:       |         ^
C/C++: In file included from /home/runner/work/x25-airplay-receiver/x25-airplay-receiver/app/.cxx/RelWithDebInfo/416841uv/x86_64/<built-in>:399:
C/C++: /home/runner/work/x25-airplay-receiver/x25-airplay-receiver/app/.cxx/RelWithDebInfo/416841uv/x86_64/<command line>:30:9: warning: '__ANDROID_API__' macro redefined [-Wmacro-redefined]
C/C++:    30 | #define __ANDROID_API__ 24
C/C++:       |         ^
C/C++: /home/runner/work/x25-airplay-receiver/x25-airplay-receiver/app/.cxx/RelWithDebInfo/416841uv/x86_64/<built-in>:391:9: note: previous definition is here
C/C++:   391 | #define __ANDROID_API__ __ANDROID_MIN_SDK_VERSION__
C/C++:       |         ^
C/C++: 1 warning generated.
C/C++: In file included from /home/runner/work/x25-airplay-receiver/x25-airplay-receiver/app/.cxx/RelWithDebInfo/416841uv/x86_64/<built-in>:399:
C/C++: /home/runner/work/x25-airplay-receiver/x25-airplay-receiver/app/.cxx/RelWithDebInfo/416841uv/x86_64/<command line>:30:9: warning: '__ANDROID_API__' macro redefined [-Wmacro-redefined]
C/C++:    30 | #define __ANDROID_API__ 24
C/C++:       |         ^
C/C++: /home/runner/work/x25-airplay-receiver/x25-airplay-receiver/app/.cxx/RelWithDebInfo/416841uv/x86_64/<built-in>:391:9: note: previous definition is here
C/C++:   391 | #define __ANDROID_API__ __ANDROID_MIN_SDK_VERSION__
C/C++:       |         ^
C/C++: x86_64-linux-android24-clang  -I. -Iinclude -Iproviders/common/include -Iproviders/implementations/include  -DAES_ASM -DBSAES_ASM -DECP_NISTZ256_ASM -DGHASH_ASM -DKECCAK1600_ASM -DMD5_ASM -DOPENSSL_BN_ASM_GF2m -DOPENSSL_BN_ASM_MONT -DOPENSSL_BN_ASM_MONT5 -DOPENSSL_CPUID_OBJ -DOPENSSL_IA32_SSE2 -DPOLY1305_ASM -DSHA1_ASM -DSHA256_ASM -DSHA512_ASM -DSTATIC_LEGACY -DVPAES_ASM -DWHIRLPOOL_ASM -DX25519_ASM -fPIC -pthread -Wa,--noexecstack -Qunused-arguments -g -DANDROID -fdata-sections -ffunction-sections -funwind-tables -fstack-protector-strong -no-canonical-prefixes -D__BIONIC_NO_PAGE_SIZE_MACRO -D_FORTIFY_SOURCE=2 -Wformat -Werror=format-security  -ffile-prefix-map=/home/runner/work/x25-airplay-receiver/x25-airplay-receiver/app/src/main/cpp=. -ffile-prefix-map=/home/runner/work/x25-airplay-receiver/x25-airplay-receiver/app/.cxx/RelWithDebInfo/416841uv/x86_64=. -ffile-prefix-map=/usr/local/lib/android/sdk/ndk/27.0.12077973=. -Qunused-arguments -DOPENSSL_USE_NODELETE -DOPENSSL_PIC -DOPENSSLDIR="\"/usr/local/ssl\"" -DENGINESDIR="\"/usr/local/lib/engines-3\"" -DMODULESDIR="\"/usr/local/lib/ossl-modules\"" -DOPENSSL_BUILDING_OPENSSL -DNDEBUG -D__ANDROID_API__=24 -g -DANDROID -fdata-sections -ffunction-sections -funwind-tables -fstack-protector-strong -no-canonical-prefixes -D__BIONIC_NO_PAGE_SIZE_MACRO -D_FORTIFY_SOURCE=2 -Wformat -Werror=format-security   -ffile-prefix-map=/home/runner/work/x25-airplay-receiver/x25-airplay-receiver/app/src/main/cpp=. -ffile-prefix-map=/home/runner/work/x25-airplay-receiver/x25-airplay-receiver/app/.cxx/RelWithDebInfo/416841uv/x86_64=. -ffile-prefix-map=/usr/local/lib/android/sdk/ndk/27.0.12077973=. -Qunused-arguments -MMD -MF crypto/rsa/libcrypto-shlib-rsa_mp_names.d.tmp -c -o crypto/rsa/libcrypto-shlib-rsa_mp_names.o crypto/rsa/rsa_mp_names.c
C/C++: x86_64-linux-android24-clang  -I. -Iinclude -Iproviders/common/include -Iproviders/implementations/include  -DAES_ASM -DBSAES_ASM -DECP_NISTZ256_ASM -DGHASH_ASM -DKECCAK1600_ASM -DMD5_ASM -DOPENSSL_BN_ASM_GF2m -DOPENSSL_BN_ASM_MONT -DOPENSSL_BN_ASM_MONT5 -DOPENSSL_CPUID_OBJ -DOPENSSL_IA32_SSE2 -DPOLY1305_ASM -DSHA1_ASM -DSHA256_ASM -DSHA512_ASM -DSTATIC_LEGACY -DVPAES_ASM -DWHIRLPOOL_ASM -DX25519_ASM -fPIC -pthread -Wa,--noexecstack -Qunused-arguments -g -DANDROID -fdata-sections -ffunction-sections -funwind-tables -fstack-protector-strong -no-canonical-prefixes -D__BIONIC_NO_PAGE_SIZE_MACRO -D_FORTIFY_SOURCE=2 -Wformat -Werror=format-security  -ffile-prefix-map=/home/runner/work/x25-airplay-receiver/x25-airplay-receiver/app/src/main/cpp=. -ffile-prefix-map=/home/runner/work/x25-airplay-receiver/x25-airplay-receiver/app/.cxx/RelWithDebInfo/416841uv/x86_64=. -ffile-prefix-map=/usr/local/lib/android/sdk/ndk/27.0.12077973=. -Qunused-arguments -DOPENSSL_USE_NODELETE -DOPENSSL_PIC -DOPENSSLDIR="\"/usr/local/ssl\"" -DENGINESDIR="\"/usr/local/lib/engines-3\"" -DMODULESDIR="\"/usr/local/lib/ossl-modules\"" -DOPENSSL_BUILDING_OPENSSL -DNDEBUG -D__ANDROID_API__=24 -g -DANDROID -fdata-sections -ffunction-sections -funwind-tables -fstack-protector-strong -no-canonical-prefixes -D__BIONIC_NO_PAGE_SIZE_MACRO -D_FORTIFY_SOURCE=2 -Wformat -Werror=format-security   -ffile-prefix-map=/home/runner/work/x25-airplay-receiver/x25-airplay-receiver/app/src/main/cpp=. -ffile-prefix-map=/home/runner/work/x25-airplay-receiver/x25-airplay-receiver/app/.cxx/RelWithDebInfo/416841uv/x86_64=. -ffile-prefix-map=/usr/local/lib/android/sdk/ndk/27.0.12077973=. -Qunused-arguments -MMD -MF crypto/rsa/libcrypto-shlib-rsa_none.d.tmp -c -o crypto/rsa/libcrypto-shlib-rsa_none.o crypto/rsa/rsa_none.c
C/C++: In file included from /home/runner/work/x25-airplay-receiver/x25-airplay-receiver/app/.cxx/RelWithDebInfo/416841uv/x86_64/<built-in>:399:
C/C++: /home/runner/work/x25-airplay-receiver/x25-airplay-receiver/app/.cxx/RelWithDebInfo/416841uv/x86_64/<command line>:30:9: warning: '__ANDROID_API__' macro redefined [-Wmacro-redefined]
C/C++:    30 | #define __ANDROID_API__ 24
C/C++:       |         ^
C/C++: /home/runner/work/x25-airplay-receiver/x25-airplay-receiver/app/.cxx/RelWithDebInfo/416841uv/x86_64/<built-in>:391:9: note: previous definition is here
C/C++:   391 | #define __ANDROID_API__ __ANDROID_MIN_SDK_VERSION__
C/C++:       |         ^
C/C++: In file included from /home/runner/work/x25-airplay-receiver/x25-airplay-receiver/app/.cxx/RelWithDebInfo/416841uv/x86_64/<built-in>:399:
C/C++: /home/runner/work/x25-airplay-receiver/x25-airplay-receiver/app/.cxx/RelWithDebInfo/416841uv/x86_64/<command line>:30:9: warning: '__ANDROID_API__' macro redefined [-Wmacro-redefined]
C/C++:    30 | #define __ANDROID_API__ 24
C/C++:       |         ^
C/C++: /home/runner/work/x25-airplay-receiver/x25-airplay-receiver/app/.cxx/RelWithDebInfo/416841uv/x86_64/<built-in>:391:9: note: previous definition is here
C/C++:   391 | #define __ANDROID_API__ __ANDROID_MIN_SDK_VERSION__
C/C++:       |         ^
C/C++: 1 warning generated.
C/C++: In file included from /home/runner/work/x25-airplay-receiver/x25-airplay-receiver/app/.cxx/RelWithDebInfo/416841uv/x86_64/<built-in>:399:
C/C++: /home/runner/work/x25-airplay-receiver/x25-airplay-receiver/app/.cxx/RelWithDebInfo/416841uv/x86_64/<command line>:30:9: warning: '__ANDROID_API__' macro redefined [-Wmacro-redefined]
C/C++:    30 | #define __ANDROID_API__ 24
C/C++:       |         ^
C/C++: /home/runner/work/x25-airplay-receiver/x25-airplay-receiver/app/.cxx/RelWithDebInfo/416841uv/x86_64/<built-in>:391:9: note: previous definition is here
C/C++:   391 | #define __ANDROID_API__ __ANDROID_MIN_SDK_VERSION__
C/C++:       |         ^
C/C++: 1 warning generated.
C/C++: In file included from /home/runner/work/x25-airplay-receiver/x25-airplay-receiver/app/.cxx/RelWithDebInfo/416841uv/x86_64/<built-in>:399:
C/C++: /home/runner/work/x25-airplay-receiver/x25-airplay-receiver/app/.cxx/RelWithDebInfo/416841uv/x86_64/<command line>:30:9: warning: '__ANDROID_API__' macro redefined [-Wmacro-redefined]
C/C++:    30 | #define __ANDROID_API__ 24
C/C++:       |         ^
C/C++: /home/runner/work/x25-airplay-receiver/x25-airplay-receiver/app/.cxx/RelWithDebInfo/416841uv/x86_64/<built-in>:391:9: note: previous definition is here
C/C++:   391 | #define __ANDROID_API__ __ANDROID_MIN_SDK_VERSION__
C/C++:       |         ^
C/C++: 1 warning generated.
C/C++: In file included from /home/runner/work/x25-airplay-receiver/x25-airplay-receiver/app/.cxx/RelWithDebInfo/416841uv/x86_64/<built-in>:399:
C/C++: /home/runner/work/x25-airplay-receiver/x25-airplay-receiver/app/.cxx/RelWithDebInfo/416841uv/x86_64/<command line>:30:9: warning: '__ANDROID_API__' macro redefined [-Wmacro-redefined]
C/C++:    30 | #define __ANDROID_API__ 24
C/C++:       |         ^
C/C++: /home/runner/work/x25-airplay-receiver/x25-airplay-receiver/app/.cxx/RelWithDebInfo/416841uv/x86_64/<built-in>:391:9: note: previous definition is here
C/C++:   391 | #define __ANDROID_API__ __ANDROID_MIN_SDK_VERSION__
C/C++:       |         ^
C/C++: In file included from /home/runner/work/x25-airplay-receiver/x25-airplay-receiver/app/.cxx/RelWithDebInfo/416841uv/x86_64/<built-in>:399:
C/C++: /home/runner/work/x25-airplay-receiver/x25-airplay-receiver/app/.cxx/RelWithDebInfo/416841uv/x86_64/<command line>:30:9: warning: '__ANDROID_API__' macro redefined [-Wmacro-redefined]
C/C++:    30 | #define __ANDROID_API__ 24
C/C++:       |         ^
C/C++: /home/runner/work/x25-airplay-receiver/x25-airplay-receiver/app/.cxx/RelWithDebInfo/416841uv/x86_64/<built-in>:391:9: note: previous definition is here
C/C++:   391 | #define __ANDROID_API__ __ANDROID_MIN_SDK_VERSION__
C/C++:       |         ^
C/C++: 1 warning generated.
C/C++: In file included from /home/runner/work/x25-airplay-receiver/x25-airplay-receiver/app/.cxx/RelWithDebInfo/416841uv/x86_64/<built-in>:399:
C/C++: /home/runner/work/x25-airplay-receiver/x25-airplay-receiver/app/.cxx/RelWithDebInfo/416841uv/x86_64/<command line>:30:9: warning: '__ANDROID_API__' macro redefined [-Wmacro-redefined]
C/C++:    30 | #define __ANDROID_API__ 24
C/C++:       |         ^
C/C++: /home/runner/work/x25-airplay-receiver/x25-airplay-receiver/app/.cxx/RelWithDebInfo/416841uv/x86_64/<built-in>:391:9: note: previous definition is here
C/C++:   391 | #define __ANDROID_API__ __ANDROID_MIN_SDK_VERSION__
C/C++:       |         ^
C/C++: 1 warning generated.
C/C++: In file included from /home/runner/work/x25-airplay-receiver/x25-airplay-receiver/app/.cxx/RelWithDebInfo/416841uv/x86_64/<built-in>:399:
C/C++: /home/runner/work/x25-airplay-receiver/x25-airplay-receiver/app/.cxx/RelWithDebInfo/416841uv/x86_64/<command line>:30:9: warning: '__ANDROID_API__' macro redefined [-Wmacro-redefined]
C/C++:    30 | #define __ANDROID_API__ 24
C/C++:       |         ^
C/C++: /home/runner/work/x25-airplay-receiver/x25-airplay-receiver/app/.cxx/RelWithDebInfo/416841uv/x86_64/<built-in>:391:9: note: previous definition is here
C/C++:   391 | #define __ANDROID_API__ __ANDROID_MIN_SDK_VERSION__
C/C++:       |         ^
C/C++: In file included from /home/runner/work/x25-airplay-receiver/x25-airplay-receiver/app/.cxx/RelWithDebInfo/416841uv/x86_64/<built-in>:399:
C/C++: /home/runner/work/x25-airplay-receiver/x25-airplay-receiver/app/.cxx/RelWithDebInfo/416841uv/x86_64/<command line>:30:9: warning: '__ANDROID_API__' macro redefined [-Wmacro-redefined]
C/C++:    30 | #define __ANDROID_API__ 24
C/C++:       |         ^
C/C++: /home/runner/work/x25-airplay-receiver/x25-airplay-receiver/app/.cxx/RelWithDebInfo/416841uv/x86_64/<built-in>:391:9: note: previous definition is here
C/C++:   391 | #define __ANDROID_API__ __ANDROID_MIN_SDK_VERSION__
C/C++:       |         ^
C/C++: 1 warning generated.
C/C++: In file included from /home/runner/work/x25-airplay-receiver/x25-airplay-receiver/app/.cxx/RelWithDebInfo/416841uv/x86_64/<built-in>:399:
C/C++: /home/runner/work/x25-airplay-receiver/x25-airplay-receiver/app/.cxx/RelWithDebInfo/416841uv/x86_64/<command line>:30:9: warning: '__ANDROID_API__' macro redefined [-Wmacro-redefined]
C/C++:    30 | #define __ANDROID_API__ 24
C/C++:       |         ^
C/C++: /home/runner/work/x25-airplay-receiver/x25-airplay-receiver/app/.cxx/RelWithDebInfo/416841uv/x86_64/<built-in>:391:9: note: previous definition is here
C/C++:   391 | #define __ANDROID_API__ __ANDROID_MIN_SDK_VERSION__
C/C++:       |         ^
C/C++: In file included from /home/runner/work/x25-airplay-receiver/x25-airplay-receiver/app/.cxx/RelWithDebInfo/416841uv/x86_64/<built-in>:399:
C/C++: /home/runner/work/x25-airplay-receiver/x25-airplay-receiver/app/.cxx/RelWithDebInfo/416841uv/x86_64/<command line>:30:9: warning: '__ANDROID_API__' macro redefined [-Wmacro-redefined]
C/C++:    30 | #define __ANDROID_API__ 24
C/C++:       |         ^
C/C++: /home/runner/work/x25-airplay-receiver/x25-airplay-receiver/app/.cxx/RelWithDebInfo/416841uv/x86_64/<built-in>:391:9: note: previous definition is here
C/C++:   391 | #define __ANDROID_API__ __ANDROID_MIN_SDK_VERSION__
C/C++:       |         ^
C/C++: 1 warning generated.
C/C++: In file included from /home/runner/work/x25-airplay-receiver/x25-airplay-receiver/app/.cxx/RelWithDebInfo/416841uv/x86_64/<built-in>:399:
C/C++: /home/runner/work/x25-airplay-receiver/x25-airplay-receiver/app/.cxx/RelWithDebInfo/416841uv/x86_64/<command line>:30:9: warning: '__ANDROID_API__' macro redefined [-Wmacro-redefined]
C/C++:    30 | #define __ANDROID_API__ 24
C/C++:       |         ^
C/C++: /home/runner/work/x25-airplay-receiver/x25-airplay-receiver/app/.cxx/RelWithDebInfo/416841uv/x86_64/<built-in>:391:9: note: previous definition is here
C/C++:   391 | #define __ANDROID_API__ __ANDROID_MIN_SDK_VERSION__
C/C++:       |         ^
C/C++: In file included from /home/runner/work/x25-airplay-receiver/x25-airplay-receiver/app/.cxx/RelWithDebInfo/416841uv/x86_64/<built-in>:399:
C/C++: /home/runner/work/x25-airplay-receiver/x25-airplay-receiver/app/.cxx/RelWithDebInfo/416841uv/x86_64/<command line>:30:9: warning: '__ANDROID_API__' macro redefined [-Wmacro-redefined]
C/C++:    30 | #define __ANDROID_API__ 24
C/C++:       |         ^
C/C++: /home/runner/work/x25-airplay-receiver/x25-airplay-receiver/app/.cxx/RelWithDebInfo/416841uv/x86_64/<built-in>:391:9: note: previous definition is here
C/C++:   391 | #define __ANDROID_API__ __ANDROID_MIN_SDK_VERSION__
C/C++:       |         ^
C/C++: 1 warning generated.
C/C++: In file included from /home/runner/work/x25-airplay-receiver/x25-airplay-receiver/app/.cxx/RelWithDebInfo/416841uv/x86_64/<built-in>:399:
C/C++: /home/runner/work/x25-airplay-receiver/x25-airplay-receiver/app/.cxx/RelWithDebInfo/416841uv/x86_64/<command line>:30:9: warning: '__ANDROID_API__' macro redefined [-Wmacro-redefined]
C/C++:    30 | #define __ANDROID_API__ 24
C/C++:       |         ^
C/C++: /home/runner/work/x25-airplay-receiver/x25-airplay-receiver/app/.cxx/RelWithDebInfo/416841uv/x86_64/<built-in>:391:9: note: previous definition is here
C/C++:   391 | #define __ANDROID_API__ __ANDROID_MIN_SDK_VERSION__
C/C++:       |         ^
C/C++: x86_64-linux-android24-clang  -I. -Iinclude -Iproviders/common/include -Iproviders/implementations/include  -DAES_ASM -DBSAES_ASM -DECP_NISTZ256_ASM -DGHASH_ASM -DKECCAK1600_ASM -DMD5_ASM -DOPENSSL_BN_ASM_GF2m -DOPENSSL_BN_ASM_MONT -DOPENSSL_BN_ASM_MONT5 -DOPENSSL_CPUID_OBJ -DOPENSSL_IA32_SSE2 -DPOLY1305_ASM -DSHA1_ASM -DSHA256_ASM -DSHA512_ASM -DSTATIC_LEGACY -DVPAES_ASM -DWHIRLPOOL_ASM -DX25519_ASM -fPIC -pthread -Wa,--noexecstack -Qunused-arguments -g -DANDROID -fdata-sections -ffunction-sections -funwind-tables -fstack-protector-strong -no-canonical-prefixes -D__BIONIC_NO_PAGE_SIZE_MACRO -D_FORTIFY_SOURCE=2 -Wformat -Werror=format-security  -ffile-prefix-map=/home/runner/work/x25-airplay-receiver/x25-airplay-receiver/app/src/main/cpp=. -ffile-prefix-map=/home/runner/work/x25-airplay-receiver/x25-airplay-receiver/app/.cxx/RelWithDebInfo/416841uv/x86_64=. -ffile-prefix-map=/usr/local/lib/android/sdk/ndk/27.0.12077973=. -Qunused-arguments -DOPENSSL_USE_NODELETE -DOPENSSL_PIC -DOPENSSLDIR="\"/usr/local/ssl\"" -DENGINESDIR="\"/usr/local/lib/engines-3\"" -DMODULESDIR="\"/usr/local/lib/ossl-modules\"" -DOPENSSL_BUILDING_OPENSSL -DNDEBUG -D__ANDROID_API__=24 -g -DANDROID -fdata-sections -ffunction-sections -funwind-tables -fstack-protector-strong -no-canonical-prefixes -D__BIONIC_NO_PAGE_SIZE_MACRO -D_FORTIFY_SOURCE=2 -Wformat -Werror=format-security   -ffile-prefix-map=/home/runner/work/x25-airplay-receiver/x25-airplay-receiver/app/src/main/cpp=. -ffile-prefix-map=/home/runner/work/x25-airplay-receiver/x25-airplay-receiver/app/.cxx/RelWithDebInfo/416841uv/x86_64=. -ffile-prefix-map=/usr/local/lib/android/sdk/ndk/27.0.12077973=. -Qunused-arguments -MMD -MF crypto/seed/libcrypto-shlib-seed.d.tmp -c -o crypto/seed/libcrypto-shlib-seed.o crypto/seed/seed.c
C/C++: In file included from /home/runner/work/x25-airplay-receiver/x25-airplay-receiver/app/.cxx/RelWithDebInfo/416841uv/x86_64/<built-in>:399:
C/C++: /home/runner/work/x25-airplay-receiver/x25-airplay-receiver/app/.cxx/RelWithDebInfo/416841uv/x86_64/<command line>:30:9: warning: '__ANDROID_API__' macro redefined [-Wmacro-redefined]
C/C++:    30 | #define __ANDROID_API__ 24
C/C++:       |         ^
C/C++: /home/runner/work/x25-airplay-receiver/x25-airplay-receiver/app/.cxx/RelWithDebInfo/416841uv/x86_64/<built-in>:391:9: note: previous definition is here
C/C++:   391 | #define __ANDROID_API__ __ANDROID_MIN_SDK_VERSION__
C/C++:       |         ^
C/C++: 1 warning generated.
C/C++: In file included from /home/runner/work/x25-airplay-receiver/x25-airplay-receiver/app/.cxx/RelWithDebInfo/416841uv/x86_64/<built-in>:399:
C/C++: /home/runner/work/x25-airplay-receiver/x25-airplay-receiver/app/.cxx/RelWithDebInfo/416841uv/x86_64/<command line>:30:9: warning: '__ANDROID_API__' macro redefined [-Wmacro-redefined]
C/C++:    30 | #define __ANDROID_API__ 24
C/C++:       | 1        ^
C/C++: <built-in>: warning391:9: note: previous definition is here
C/C++:  generated  391 | #define __ANDROID_API__ __ANDROID_MIN_SDK_VERSION__
C/C++:       |         ^
C/C++: .
C/C++: x86_64-linux-android24-clang  -I. -Iinclude -Iproviders/common/include -Iproviders/implementations/include  -DAES_ASM -DBSAES_ASM -DECP_NISTZ256_ASM -DGHASH_ASM -DKECCAK1600_ASM -DMD5_ASM -DOPENSSL_BN_ASM_GF2m -DOPENSSL_BN_ASM_MONT -DOPENSSL_BN_ASM_MONT5 -DOPENSSL_CPUID_OBJ -DOPENSSL_IA32_SSE2 -DPOLY1305_ASM -DSHA1_ASM -DSHA256_ASM -DSHA512_ASM -DSTATIC_LEGACY -DVPAES_ASM -DWHIRLPOOL_ASM -DX25519_ASM -fPIC -pthread -Wa,--noexecstack -Qunused-arguments -g -DANDROID -fdata-sections -ffunction-sections -funwind-tables -fstack-protector-strong -no-canonical-prefixes -D__BIONIC_NO_PAGE_SIZE_MACRO -D_FORTIFY_SOURCE=2 -Wformat -Werror=format-security  -ffile-prefix-map=/home/runner/work/x25-airplay-receiver/x25-airplay-receiver/app/src/main/cpp=. -ffile-prefix-map=/home/runner/work/x25-airplay-receiver/x25-airplay-receiver/app/.cxx/RelWithDebInfo/416841uv/x86_64=. -ffile-prefix-map=/usr/local/lib/android/sdk/ndk/27.0.12077973=. -Qunused-arguments -DOPENSSL_USE_NODELETE -DOPENSSL_PIC -DOPENSSLDIR="\"/usr/local/ssl\"" -DENGINESDIR="\"/usr/local/lib/engines-3\"" -DMODULESDIR="\"/usr/local/lib/ossl-modules\"" -DOPENSSL_BUILDING_OPENSSL -DNDEBUG -D__ANDROID_API__=24 -g -DANDROID -fdata-sections -ffunction-sections -funwind-tables -fstack-protector-strong -no-canonical-prefixes -D__BIONIC_NO_PAGE_SIZE_MACRO -D_FORTIFY_SOURCE=2 -Wformat -Werror=format-security   -ffile-prefix-map=/home/runner/work/x25-airplay-receiver/x25-airplay-receiver/app/src/main/cpp=. -ffile-prefix-map=/home/runner/work/x25-airplay-receiver/x25-airplay-receiver/app/.cxx/RelWithDebInfo/416841uv/x86_64=. -ffile-prefix-map=/usr/local/lib/android/sdk/ndk/27.0.12077973=. -Qunused-arguments -MMD -MF crypto/seed/libcrypto-shlib-seed_cfb.d.tmp -c -o crypto/seed/libcrypto-shlib-seed_cfb.o crypto/seed/seed_cfb.c
C/C++: 1 warning generated.
C/C++: In file included from /home/runner/work/x25-airplay-receiver/x25-airplay-receiver/app/.cxx/RelWithDebInfo/416841uv/x86_64/<built-in>:399:
C/C++: /home/runner/work/x25-airplay-receiver/x25-airplay-receiver/app/.cxx/RelWithDebInfo/416841uv/x86_64/<command line>:30:9: warning: '__ANDROID_API__' macro redefined [-Wmacro-redefined]
C/C++:    30 | #define __ANDROID_API__ 24
C/C++:       |         ^
C/C++: /home/runner/work/x25-airplay-receiver/x25-airplay-receiver/app/.cxx/RelWithDebInfo/416841uv/x86_64/<built-in>:391:9: note: previous definition is here
C/C++:   391 | #define __ANDROID_API__ __ANDROID_MIN_SDK_VERSION__
C/C++:       |         ^
C/C++: x86_64-linux-android24-clang  -I. -Iinclude -Iproviders/common/include -Iproviders/implementations/include  -DAES_ASM -DBSAES_ASM -DECP_NISTZ256_ASM -DGHASH_ASM -DKECCAK1600_ASM -DMD5_ASM -DOPENSSL_BN_ASM_GF2m -DOPENSSL_BN_ASM_MONT -DOPENSSL_BN_ASM_MONT5 -DOPENSSL_CPUID_OBJ -DOPENSSL_IA32_SSE2 -DPOLY1305_ASM -DSHA1_ASM -DSHA256_ASM -DSHA512_ASM -DSTATIC_LEGACY -DVPAES_ASM -DWHIRLPOOL_ASM -DX25519_ASM -fPIC -pthread -Wa,--noexecstack -Qunused-arguments -g -DANDROID -fdata-sections -ffunction-sections -funwind-tables -fstack-protector-strong -no-canonical-prefixes -D__BIONIC_NO_PAGE_SIZE_MACRO -D_FORTIFY_SOURCE=2 -Wformat -Werror=format-security  -ffile-prefix-map=/home/runner/work/x25-airplay-receiver/x25-airplay-receiver/app/src/main/cpp=. -ffile-prefix-map=/home/runner/work/x25-airplay-receiver/x25-airplay-receiver/app/.cxx/RelWithDebInfo/416841uv/x86_64=. -ffile-prefix-map=/usr/local/lib/android/sdk/ndk/27.0.12077973=. -Qunused-arguments -DOPENSSL_USE_NODELETE -DOPENSSL_PIC -DOPENSSLDIR="\"/usr/local/ssl\"" -DENGINESDIR="\"/usr/local/lib/engines-3\"" -DMODULESDIR="\"/usr/local/lib/ossl-modules\"" -DOPENSSL_BUILDING_OPENSSL -DNDEBUG -D__ANDROID_API__=24 -g -DANDROID -fdata-sections -ffunction-sections -funwind-tables -fstack-protector-strong -no-canonical-prefixes -D__BIONIC_NO_PAGE_SIZE_MACRO -D_FORTIFY_SOURCE=2 -Wformat -Werror=format-security   -ffile-prefix-map=/home/runner/work/x25-airplay-receiver/x25-airplay-receiver/app/src/main/cpp=. -ffile-prefix-map=/home/runner/work/x25-airplay-receiver/x25-airplay-receiver/app/.cxx/RelWithDebInfo/416841uv/x86_64=. -ffile-prefix-map=/usr/local/lib/android/sdk/ndk/27.0.12077973=. -Qunused-arguments -MMD -MF crypto/seed/libcrypto-shlib-seed_ofb.d.tmp -c -o crypto/seed/libcrypto-shlib-seed_ofb.o crypto/seed/seed_ofb.c
C/C++: In file included from /home/runner/work/x25-airplay-receiver/x25-airplay-receiver/app/.cxx/RelWithDebInfo/416841uv/x86_64/<built-in>:399:
C/C++: /home/runner/work/x25-airplay-receiver/x25-airplay-receiver/app/.cxx/RelWithDebInfo/416841uv/x86_64/<command line>:30:9: warning: '__ANDROID_API__' macro redefined [-Wmacro-redefined]
C/C++:    30 | #define __ANDROID_API__ 24
C/C++:       |         ^
C/C++: /home/runner/work/x25-airplay-receiver/x25-airplay-receiver/app/.cxx/RelWithDebInfo/416841uv/x86_64/<built-in>:391:9: note: previous definition is here
C/C++:   391 | #define __ANDROID_API__ __ANDROID_MIN_SDK_VERSION__
C/C++:       |         ^
C/C++: In file included from /home/runner/work/x25-airplay-receiver/x25-airplay-receiver/app/.cxx/RelWithDebInfo/416841uv/x86_64/<built-in>:399:
C/C++: /home/runner/work/x25-airplay-receiver/x25-airplay-receiver/app/.cxx/RelWithDebInfo/416841uv/x86_64/<command line>:30:9: warning: '__ANDROID_API__' macro redefined [-Wmacro-redefined]
C/C++:    30 | #define __ANDROID_API__ 24
C/C++:       |         ^
C/C++: /home/runner/work/x25-airplay-receiver/x25-airplay-receiver/app/.cxx/RelWithDebInfo/416841uv/x86_64/<built-in>:391:9: note: previous definition is here
C/C++:   391 | #define __ANDROID_API__ __ANDROID_MIN_SDK_VERSION__
C/C++:       |         ^
C/C++: 1 warning generated.
C/C++: In file included from /home/runner/work/x25-airplay-receiver/x25-airplay-receiver/app/.cxx/RelWithDebInfo/416841uv/x86_64/<built-in>:399:
C/C++: /home/runner/work/x25-airplay-receiver/x25-airplay-receiver/app/.cxx/RelWithDebInfo/416841uv/x86_64/<command line>:30:9: warning: '__ANDROID_API__' macro redefined [-Wmacro-redefined]
C/C++:    30 | #define __ANDROID_API__ 24
C/C++:       |         ^
C/C++: /home/runner/work/x25-airplay-receiver/x25-airplay-receiver/app/.cxx/RelWithDebInfo/416841uv/x86_64/<built-in>:391:9: note: previous definition is here
C/C++:   391 | #define __ANDROID_API__ __ANDROID_MIN_SDK_VERSION__
C/C++:       |         ^
C/C++: In file included from /home/runner/work/x25-airplay-receiver/x25-airplay-receiver/app/.cxx/RelWithDebInfo/416841uv/x86_64/<built-in>:399:
C/C++: /home/runner/work/x25-airplay-receiver/x25-airplay-receiver/app/.cxx/RelWithDebInfo/416841uv/x86_64/<command line>:30:9: warning: '__ANDROID_API__' macro redefined [-Wmacro-redefined]
C/C++:    30 | #define __ANDROID_API__ 24
C/C++:       |         ^
C/C++: /home/runner/work/x25-airplay-receiver/x25-airplay-receiver/app/.cxx/RelWithDebInfo/416841uv/x86_64/<built-in>:391:9: note: previous definition is here
C/C++:   391 | #define __ANDROID_API__ __ANDROID_MIN_SDK_VERSION__
C/C++:       |         ^
C/C++: x86_64-linux-android24-clang -fPIC -pthread -Wa,--noexecstack -Qunused-arguments -g -DANDROID -fdata-sections -ffunction-sections -funwind-tables -fstack-protector-strong -no-canonical-prefixes -D__BIONIC_NO_PAGE_SIZE_MACRO -D_FORTIFY_SOURCE=2 -Wformat -Werror=format-security  -ffile-prefix-map=/home/runner/work/x25-airplay-receiver/x25-airplay-receiver/app/src/main/cpp=. -ffile-prefix-map=/home/runner/work/x25-airplay-receiver/x25-airplay-receiver/app/.cxx/RelWithDebInfo/416841uv/x86_64=. -ffile-prefix-map=/usr/local/lib/android/sdk/ndk/27.0.12077973=. -Qunused-arguments -DOPENSSL_USE_NODELETE -DOPENSSL_PIC -DOPENSSLDIR="\"/usr/local/ssl\"" -DENGINESDIR="\"/usr/local/lib/engines-3\"" -DMODULESDIR="\"/usr/local/lib/ossl-modules\"" -DOPENSSL_BUILDING_OPENSSL -DNDEBUG -D__ANDROID_API__=24 -g -DANDROID -fdata-sections -ffunction-sections -funwind-tables -fstack-protector-strong -no-canonical-prefixes -D__BIONIC_NO_PAGE_SIZE_MACRO -D_FORTIFY_SOURCE=2 -Wformat -Werror=format-security   -ffile-prefix-map=/home/runner/work/x25-airplay-receiver/x25-airplay-receiver/app/src/main/cpp=. -ffile-prefix-map=/home/runner/work/x25-airplay-receiver/x25-airplay-receiver/app/.cxx/RelWithDebInfo/416841uv/x86_64=. -ffile-prefix-map=/usr/local/lib/android/sdk/ndk/27.0.12077973=. -Qunused-arguments -c -o crypto/sha/libcrypto-shlib-sha256-mb-x86_64.o crypto/sha/sha256-mb-x86_64.s
C/C++: x86_64-linux-android24-clang -fPIC -pthread -Wa,--noexecstack -Qunused-arguments -g -DANDROID -fdata-sections -ffunction-sections -funwind-tables -fstack-protector-strong -no-canonical-prefixes -D__BIONIC_NO_PAGE_SIZE_MACRO -D_FORTIFY_SOURCE=2 -Wformat -Werror=format-security  -ffile-prefix-map=/home/runner/work/x25-airplay-receiver/x25-airplay-receiver/app/src/main/cpp=. -ffile-prefix-map=/home/runner/work/x25-airplay-receiver/x25-airplay-receiver/app/.cxx/RelWithDebInfo/416841uv/x86_64=. -ffile-prefix-map=/usr/local/lib/android/sdk/ndk/27.0.12077973=. -Qunused-arguments -DOPENSSL_USE_NODELETE -DOPENSSL_PIC -DOPENSSLDIR="\"/usr/local/ssl\"" -DENGINESDIR="\"/usr/local/lib/engines-3\"" -DMODULESDIR="\"/usr/local/lib/ossl-modules\"" -DOPENSSL_BUILDING_OPENSSL -DNDEBUG -D__ANDROID_API__=24 -g -DANDROID -fdata-sections -ffunction-sections -funwind-tables -fstack-protector-strong -no-canonical-prefixes -D__BIONIC_NO_PAGE_SIZE_MACRO -D_FORTIFY_SOURCE=2 -Wformat -Werror=format-security   -ffile-prefix-map=/home/runner/work/x25-airplay-receiver/x25-airplay-receiver/app/src/main/cpp=. -ffile-prefix-map=/home/runner/work/x25-airplay-receiver/x25-airplay-receiver/app/.cxx/RelWithDebInfo/416841uv/x86_64=. -ffile-prefix-map=/usr/local/lib/android/sdk/ndk/27.0.12077973=. -Qunused-arguments -c -o crypto/sha/libcrypto-shlib-sha256-x86_64.o crypto/sha/sha256-x86_64.s
C/C++: x86_64-linux-android24-clang  -I. -Iinclude -Iproviders/common/include -Iproviders/implementations/include  -DAES_ASM -DBSAES_ASM -DECP_NISTZ256_ASM -DGHASH_ASM -DKECCAK1600_ASM -DMD5_ASM -DOPENSSL_BN_ASM_GF2m -DOPENSSL_BN_ASM_MONT -DOPENSSL_BN_ASM_MONT5 -DOPENSSL_CPUID_OBJ -DOPENSSL_IA32_SSE2 -DPOLY1305_ASM -DSHA1_ASM -DSHA256_ASM -DSHA512_ASM -DSTATIC_LEGACY -DVPAES_ASM -DWHIRLPOOL_ASM -DX25519_ASM -fPIC -pthread -Wa,--noexecstack -Qunused-arguments -g -DANDROID -fdata-sections -ffunction-sections -funwind-tables -fstack-protector-strong -no-canonical-prefixes -D__BIONIC_NO_PAGE_SIZE_MACRO -D_FORTIFY_SOURCE=2 -Wformat -Werror=format-security  -ffile-prefix-map=/home/runner/work/x25-airplay-receiver/x25-airplay-receiver/app/src/main/cpp=. -ffile-prefix-map=/home/runner/work/x25-airplay-receiver/x25-airplay-receiver/app/.cxx/RelWithDebInfo/416841uv/x86_64=. -ffile-prefix-map=/usr/local/lib/android/sdk/ndk/27.0.12077973=. -Qunused-arguments -DOPENSSL_USE_NODELETE -DOPENSSL_PIC -DOPENSSLDIR="\"/usr/local/ssl\"" -DENGINESDIR="\"/usr/local/lib/engines-3\"" -DMODULESDIR="\"/usr/local/lib/ossl-modules\"" -DOPENSSL_BUILDING_OPENSSL -DNDEBUG -D__ANDROID_API__=24 -g -DANDROID -fdata-sections -ffunction-sections -funwind-tables -fstack-protector-strong -no-canonical-prefixes -D__BIONIC_NO_PAGE_SIZE_MACRO -D_FORTIFY_SOURCE=2 -Wformat -Werror=format-security   -ffile-prefix-map=/home/runner/work/x25-airplay-receiver/x25-airplay-receiver/app/src/main/cpp=. -ffile-prefix-map=/home/runner/work/x25-airplay-receiver/x25-airplay-receiver/app/.cxx/RelWithDebInfo/416841uv/x86_64=. -ffile-prefix-map=/usr/local/lib/android/sdk/ndk/27.0.12077973=. -Qunused-arguments -MMD -MF crypto/sha/libcrypto-shlib-sha256.d.tmp -c -o crypto/sha/libcrypto-shlib-sha256.o crypto/sha/sha256.c
C/C++: x86_64-linux-android24-clang  -I. -Iinclude -Iproviders/common/include -Iproviders/implementations/include  -DAES_ASM -DBSAES_ASM -DECP_NISTZ256_ASM -DGHASH_ASM -DKECCAK1600_ASM -DMD5_ASM -DOPENSSL_BN_ASM_GF2m -DOPENSSL_BN_ASM_MONT -DOPENSSL_BN_ASM_MONT5 -DOPENSSL_CPUID_OBJ -DOPENSSL_IA32_SSE2 -DPOLY1305_ASM -DSHA1_ASM -DSHA256_ASM -DSHA512_ASM -DSTATIC_LEGACY -DVPAES_ASM -DWHIRLPOOL_ASM -DX25519_ASM -fPIC -pthread -Wa,--noexecstack -Qunused-arguments -g -DANDROID -fdata-sections -ffunction-sections -funwind-tables -fstack-protector-strong -no-canonical-prefixes -D__BIONIC_NO_PAGE_SIZE_MACRO -D_FORTIFY_SOURCE=2 -Wformat -Werror=format-security  -ffile-prefix-map=/home/runner/work/x25-airplay-receiver/x25-airplay-receiver/app/src/main/cpp=. -ffile-prefix-map=/home/runner/work/x25-airplay-receiver/x25-airplay-receiver/app/.cxx/RelWithDebInfo/416841uv/x86_64=. -ffile-prefix-map=/usr/local/lib/android/sdk/ndk/27.0.12077973=. -Qunused-arguments -DOPENSSL_USE_NODELETE -DOPENSSL_PIC -DOPENSSLDIR="\"/usr/local/ssl\"" -DENGINESDIR="\"/usr/local/lib/engines-3\"" -DMODULESDIR="\"/usr/local/lib/ossl-modules\"" -DOPENSSL_BUILDING_OPENSSL -DNDEBUG -D__ANDROID_API__=24 -g -DANDROID -fdata-sections -ffunction-sections -funwind-tables -fstack-protector-strong -no-canonical-prefixes -D__BIONIC_NO_PAGE_SIZE_MACRO -D_FORTIFY_SOURCE=2 -Wformat -Werror=format-security   -ffile-prefix-map=/home/runner/work/x25-airplay-receiver/x25-airplay-receiver/app/src/main/cpp=. -ffile-prefix-map=/home/runner/work/x25-airplay-receiver/x25-airplay-receiver/app/.cxx/RelWithDebInfo/416841uv/x86_64=. -ffile-prefix-map=/usr/local/lib/android/sdk/ndk/27.0.12077973=. -Qunused-arguments -MMD -MF crypto/sha/libcrypto-shlib-sha3.d.tmp -c -o crypto/sha/libcrypto-shlib-sha3.o crypto/sha/sha3.c
C/C++: In file included from /home/runner/work/x25-airplay-receiver/x25-airplay-receiver/app/.cxx/RelWithDebInfo/416841uv/x86_64/<built-in>:399:
C/C++: /home/runner/work/x25-airplay-receiver/x25-airplay-receiver/app/.cxx/RelWithDebInfo/416841uv/x86_64/<command line>:30:9: warning: '__ANDROID_API__' macro redefined [-Wmacro-redefined]
C/C++:    30 | #define __ANDROID_API__ 24
C/C++:       |         ^
C/C++: /home/runner/work/x25-airplay-receiver/x25-airplay-receiver/app/.cxx/RelWithDebInfo/416841uv/x86_64/<built-in>:391:9: note: previous definition is here
C/C++:   391 | #define __ANDROID_API__ __ANDROID_MIN_SDK_VERSION__
C/C++:       |         ^
C/C++: 1 warning generated.
C/C++: In file included from /home/runner/work/x25-airplay-receiver/x25-airplay-receiver/app/.cxx/RelWithDebInfo/416841uv/x86_64/<built-in>:399:
C/C++: /home/runner/work/x25-airplay-receiver/x25-airplay-receiver/app/.cxx/RelWithDebInfo/416841uv/x86_64/<command line>:30:9: warning: '__ANDROID_API__' macro redefined [-Wmacro-redefined]
C/C++:    30 | #define __ANDROID_API__ 24
C/C++:       |         ^
C/C++: /home/runner/work/x25-airplay-receiver/x25-airplay-receiver/app/.cxx/RelWithDebInfo/416841uv/x86_64/<built-in>:391:9: note: previous definition is here
C/C++:   391 | #define __ANDROID_API__ __ANDROID_MIN_SDK_VERSION__
C/C++:       |         ^
C/C++: x86_64-linux-android24-clang -fPIC -pthread -Wa,--noexecstack -Qunused-arguments -g -DANDROID -fdata-sections -ffunction-sections -funwind-tables -fstack-protector-strong -no-canonical-prefixes -D__BIONIC_NO_PAGE_SIZE_MACRO -D_FORTIFY_SOURCE=2 -Wformat -Werror=format-security  -ffile-prefix-map=/home/runner/work/x25-airplay-receiver/x25-airplay-receiver/app/src/main/cpp=. -ffile-prefix-map=/home/runner/work/x25-airplay-receiver/x25-airplay-receiver/app/.cxx/RelWithDebInfo/416841uv/x86_64=. -ffile-prefix-map=/usr/local/lib/android/sdk/ndk/27.0.12077973=. -Qunused-arguments -DOPENSSL_USE_NODELETE -DOPENSSL_PIC -DOPENSSLDIR="\"/usr/local/ssl\"" -DENGINESDIR="\"/usr/local/lib/engines-3\"" -DMODULESDIR="\"/usr/local/lib/ossl-modules\"" -DOPENSSL_BUILDING_OPENSSL -DNDEBUG -D__ANDROID_API__=24 -g -DANDROID -fdata-sections -ffunction-sections -funwind-tables -fstack-protector-strong -no-canonical-prefixes -D__BIONIC_NO_PAGE_SIZE_MACRO -D_FORTIFY_SOURCE=2 -Wformat -Werror=format-security   -ffile-prefix-map=/home/runner/work/x25-airplay-receiver/x25-airplay-receiver/app/src/main/cpp=. -ffile-prefix-map=/home/runner/work/x25-airplay-receiver/x25-airplay-receiver/app/.cxx/RelWithDebInfo/416841uv/x86_64=. -ffile-prefix-map=/usr/local/lib/android/sdk/ndk/27.0.12077973=. -Qunused-arguments -c -o crypto/sha/libcrypto-shlib-sha512-x86_64.o crypto/sha/sha512-x86_64.s
C/C++: 1 warning generated.
C/C++: In file included from /home/runner/work/x25-airplay-receiver/x25-airplay-receiver/app/.cxx/RelWithDebInfo/416841uv/x86_64/<built-in>:399:
C/C++: /home/runner/work/x25-airplay-receiver/x25-airplay-receiver/app/.cxx/RelWithDebInfo/416841uv/x86_64/<command line>:30:9: warning: '__ANDROID_API__' macro redefined [-Wmacro-redefined]
C/C++:    30 | #define __ANDROID_API__ 24
C/C++:       |         ^
C/C++: /home/runner/work/x25-airplay-receiver/x25-airplay-receiver/app/.cxx/RelWithDebInfo/416841uv/x86_64/<built-in>:391:9: note: previous definition is here
C/C++:   391 | #define __ANDROID_API__ __ANDROID_MIN_SDK_VERSION__
C/C++:       |         ^
C/C++: 1 warning generated.
C/C++: In file included from /home/runner/work/x25-airplay-receiver/x25-airplay-receiver/app/.cxx/RelWithDebInfo/416841uv/x86_64/<built-in>:399:
C/C++: /home/runner/work/x25-airplay-receiver/x25-airplay-receiver/app/.cxx/RelWithDebInfo/416841uv/x86_64/<command line>:30:9: warning: '__ANDROID_API__' macro redefined [-Wmacro-redefined]
C/C++:    30 | #define __ANDROID_API__ 24
C/C++:       |         ^
C/C++: /home/runner/work/x25-airplay-receiver/x25-airplay-receiver/app/.cxx/RelWithDebInfo/416841uv/x86_64/<built-in>:391:9: note: previous definition is here
C/C++:   391 | #define __ANDROID_API__ __ANDROID_MIN_SDK_VERSION__
C/C++:       |         ^
C/C++: In file included from /home/runner/work/x25-airplay-receiver/x25-airplay-receiver/app/.cxx/RelWithDebInfo/416841uv/x86_64/<built-in>:399:
C/C++: /home/runner/work/x25-airplay-receiver/x25-airplay-receiver/app/.cxx/RelWithDebInfo/416841uv/x86_64/<command line>:30:9: warning: '__ANDROID_API__' macro redefined [-Wmacro-redefined]
C/C++:    30 | #define __ANDROID_API__ 24
C/C++:       |         ^
C/C++: /home/runner/work/x25-airplay-receiver/x25-airplay-receiver/app/.cxx/RelWithDebInfo/416841uv/x86_64/<built-in>:391:9: note: previous definition is here
C/C++:   391 | #define __ANDROID_API__ __ANDROID_MIN_SDK_VIn file included from <built-in>:399:
C/C++: /home/runner/work/x25-airplay-receiver/x25-airplay-receiver/app/.cxx/RelWithDebInfo/416841uv/x86_64/<command line>:30:9: warning: '__ANDROID_API__' macro redefined [-Wmacro-redefined]
C/C++: ERSI   ON__
C/C++:       |         ^
C/C++: 30 | #define __ANDROID_API__ 24
C/C++:       |         ^
C/C++: /home/runner/work/x25-airplay-receiver/x25-airplay-receiver/app/.cxx/RelWithDebInfo/416841uv/x86_64/<built-in>:391:9: note: previous definition is here
C/C++:   391 | #define __ANDROID_API__ __ANDROID_MIN_SDK_VERSION__
C/C++:       |         ^
C/C++: 1 warning generated.
C/C++: In file included from /home/runner/work/x25-airplay-receiver/x25-airplay-receiver/app/.cxx/RelWithDebInfo/416841uv/x86_64/<built-in>:399:
C/C++: /home/runner/work/x25-airplay-receiver/x25-airplay-receiver/app/.cxx/RelWithDebInfo/416841uv/x86_64/<command line>:30:9: warning: '__ANDROID_API__' macro redefined [-Wmacro-redefined]
C/C++:    30 | #define __ANDROID_API__ 24
C/C++:       |         ^
C/C++: /home/runner/work/x25-airplay-receiver/x25-airplay-receiver/app/.cxx/RelWithDebInfo/416841uv/x86_64/<built-in>:391:9: note: previous definition is here
C/C++:   391 | #define __ANDROID_API__ __ANDROID_MIN_SDK_VERSION__
C/C++:       |         ^
C/C++: In file included from /home/runner/work/x25-airplay-receiver/x25-airplay-receiver/app/.cxx/RelWithDebInfo/416841uv/x86_64/<built-in>:399:
C/C++: /home/runner/work/x25-airplay-receiver/x25-airplay-receiver/app/.cxx/RelWithDebInfo/416841uv/x86_64/<command line>:30:9: warning: '__ANDROID_API__' macro redefined [-Wmacro-redefined]
C/C++:    30 | #define __ANDROID_API__ 24
C/C++:       |         ^
C/C++: /home/runner/work/x25-airplay-receiver/x25-airplay-receiver/app/.cxx/RelWithDebInfo/416841uv/x86_64/<built-in>:391:9: note: previous definition is here
C/C++:   391 | #define __ANDROID_API__ __ANDROID_MIN_SDK_VERSION__
C/C++:       |         ^
C/C++: In file included from /home/runner/work/x25-airplay-receiver/x25-airplay-receiver/app/.cxx/RelWithDebInfo/416841uv/x86_64/<built-in>:399:
C/C++: /home/runner/work/x25-airplay-receiver/x25-airplay-receiver/app/.cxx/RelWithDebInfo/416841uv/x86_64/<command line>:30:9: warning: '__ANDROID_API__' macro redefined [-Wmacro-redefined]
C/C++:    30 | #define __ANDROID_API__ 24
C/C++:       |         ^
C/C++: /home/runner/work/x25-airplay-receiver/x25-airplay-receiver/app/.cxx/RelWithDebInfo/416841uv/x86_64/<built-in>:391:9: note: previous definition is here
C/C++:   391 | #define __ANDROID_API__ __ANDROID_MIN_SDK_VERSION__
C/C++:       |         ^
C/C++: 1 warning generated.
C/C++: In file included from /home/runner/work/x25-airplay-receiver/x25-airplay-receiver/app/.cxx/RelWithDebInfo/416841uv/x86_64/<built-in>:399:
C/C++: /home/runner/work/x25-airplay-receiver/x25-airplay-receiver/app/.cxx/RelWithDebInfo/416841uv/x86_64/<command line>:30:9: warning: '__ANDROID_API__' macro redefined [-Wmacro-redefined]
C/C++:    30 | #define __ANDROID_API__ 24
C/C++:       |         ^
C/C++: /home/runner/work/x25-airplay-receiver/x25-airplay-receiver/app/.cxx/RelWithDebInfo/416841uv/x86_64/<built-in>:391:9: note: previous definition is here
C/C++:   391 | #define __ANDROID_API__ __ANDROID_MIN_SDK_VERSION__
C/C++:       |         ^
C/C++: In file included from /home/runner/work/x25-airplay-receiver/x25-airplay-receiver/app/.cxx/RelWithDebInfo/416841uv/x86_64/<built-in>:399:
C/C++: /home/runner/work/x25-airplay-receiver/x25-airplay-receiver/app/.cxx/RelWithDebInfo/416841uv/x86_64/<command line>:30:9: warning: '__ANDROID_API__' macro redefined [-Wmacro-redefined]
C/C++:    30 | #define __ANDROID_API__ 24
C/C++:       |         ^
C/C++: /home/runner/work/x25-airplay-receiver/x25-airplay-receiver/app/.cxx/RelWithDebInfo/416841uv/x86_64/<built-in>:391:9: note: previous definition is here
C/C++:   391 | #define __ANDROID_API__ __ANDROID_MIN_SDK_VERSION__
C/C++:       |         ^
C/C++: 1 warning generated.
C/C++: In file included from /home/runner/work/x25-airplay-receiver/x25-airplay-receiver/app/.cxx/RelWithDebInfo/416841uv/x86_64/<built-in>:399:
C/C++: /home/runner/work/x25-airplay-receiver/x25-airplay-receiver/app/.cxx/RelWithDebInfo/416841uv/x86_64/<command line>:30:9: warning: '__ANDROID_API__' macro redefined [-Wmacro-redefined]
C/C++:    30 | #define __ANDROID_API__ 24
C/C++:       |         ^
C/C++: /home/runner/work/x25-airplay-receiver/x25-airplay-receiver/app/.cxx/RelWithDebInfo/416841uv/x86_64/<built-in>:391:9: note: previous definition is here
C/C++:   391 | #define __ANDROID_API__ __ANDROID_MIN_SDK_VERSION__
C/C++:       |         ^
C/C++: In file included from /home/runner/work/x25-airplay-receiver/x25-airplay-receiver/app/.cxx/RelWithDebInfo/416841uv/x86_64/<built-in>:399:
C/C++: /home/runner/work/x25-airplay-receiver/x25-airplay-receiver/app/.cxx/RelWithDebInfo/416841uv/x86_64/<command line>:30:9: warning: '__ANDROID_API__' macro redefined [-Wmacro-redefined]
C/C++:    30 | #define __ANDROID_API__ 24
C/C++:       |         ^
C/C++: /home/runner/work/x25-airplay-receiver/x25-airplay-receiver/app/.cxx/RelWithDebInfo/416841uv/x86_64/<built-in>:391:9: note: previous definition is here
C/C++:   391 | #define __ANDROID_API__ __ANDROID_MIN_SDK_VERSIIn file included from <built-in>:399:
C/C++: ON__
C/C++:       |         ^
C/C++: /home/runner/work/x25-airplay-receiver/x25-airplay-receiver/app/.cxx/RelWithDebInfo/416841uv/x86_64/<command line>:30:9: warning: '__ANDROID_API__' macro redefined [-Wmacro-redefined]
C/C++:    30 | #define __ANDROID_API__ 24
C/C++:       |         ^
C/C++: /home/runner/work/x25-airplay-receiver/x25-airplay-receiver/app/.cxx/RelWithDebInfo/416841uv/x86_64/<built-in>:391:9: note: previous definition is here
C/C++:   391 | #define __ANDROID_API__ __ANDROID_MIN_SDK_VERSION__
C/C++:       |         ^
C/C++: 1 warning generated.
C/C++: In file included from /home/runner/work/x25-airplay-receiver/x25-airplay-receiver/app/.cxx/RelWithDebInfo/416841uv/x86_64/<built-in>:399:
C/C++: /home/runner/work/x25-airplay-receiver/x25-airplay-receiver/app/.cxx/RelWithDebInfo/416841uv/x86_64/<command line>:30:9: warning: '__ANDROID_API__' macro redefined [-Wmacro-redefined]
C/C++:    30 | #define __ANDROID_API__ 24
C/C++:       |         ^
C/C++: /home/runner/work/x25-airplay-receiver/x25-airplay-receiver/app/.cxx/RelWithDebInfo/416841uv/x86_64/<built-in>:391:9: note: previous definition is here
C/C++:   391 | #define __ANDROID_API__ __ANDROID_MIN_SDK_VERSION__
C/C++:       |         ^
C/C++: 1 warning generated.
C/C++: In file included from /home/runner/work/x25-airplay-receiver/x25-airplay-receiver/app/.cxx/RelWithDebInfo/416841uv/x86_64/<built-in>:399:
C/C++: /home/runner/work/x25-airplay-receiver/x25-airplay-receiver/app/.cxx/RelWithDebInfo/416841uv/x86_64/<command line>:30:9: warning: '__ANDROID_API__' macro redefined [-Wmacro-redefined]
C/C++:    30 | #define __ANDROID_API__ 24
C/C++:       |         ^
C/C++: /home/runner/work/x25-airplay-receiver/x25-airplay-receiver/app/.cxx/RelWithDebInfo/416841uv/x86_64/<built-in>:391:9: note: previous definition is here
C/C++:   391 | #define __ANDROID_API__ __ANDROID_MIN_SDK_VERSION__
C/C++:       |         ^
C/C++: In file included from /home/runner/work/x25-airplay-receiver/x25-airplay-receiver/app/.cxx/RelWithDebInfo/416841uv/x86_64/<built-in>:399:
C/C++: /home/runner/work/x25-airplay-receiver/x25-airplay-receiver/app/.cxx/RelWithDebInfo/416841uv/x86_64/<command line>:30:9: warning: '__ANDROID_API__' macro redefined [-Wmacro-redefined]
C/C++:    30 | #define __ANDROID_API__ 24
C/C++:       |         ^
C/C++: /home/runner/work/x25-airplay-receiver/x25-airplay-receiver/app/.cxx/RelWithDebInfo/416841uv/x86_64/<built-in>:391:9: note: previous definition is here
C/C++:   391 | #define __ANDROID_API__ __ANDROID_MIN_SDK_VERSION__
C/C++:       |         ^
C/C++: 1 warning generated.
C/C++: In file included from /home/runner/work/x25-airplay-receiver/x25-airplay-receiver/app/.cxx/RelWithDebInfo/416841uv/x86_64/<built-in>:399:
C/C++: /home/runner/work/x25-airplay-receiver/x25-airplay-receiver/app/.cxx/RelWithDebInfo/416841uv/x86_64/<command line>:30:9: warning: '__ANDROID_API__' macro redefined [-Wmacro-redefined]
C/C++:    30 | #define __ANDROID_API__ 24
C/C++:       |         ^
C/C++: /home/runner/work/x25-airplay-receiver/x25-airplay-receiver/app/.cxx/RelWithDebInfo/416841uv/x86_64/<built-in>:391:9: note: previous definition is here
C/C++:   391 | #define __ANDROID_API__ __ANDROID_MIN_SDK_VERSION__
C/C++:       |         ^
C/C++: 1 warning generated.
C/C++: In file included from /home/runner/work/x25-airplay-receiver/x25-airplay-receiver/app/.cxx/RelWithDebInfo/416841uv/x86_64/<built-in>:399:
C/C++: /home/runner/work/x25-airplay-receiver/x25-airplay-receiver/app/.cxx/RelWithDebInfo/416841uv/x86_64/<command line>:30:9: warning: '__ANDROID_API__' macro redefined [-Wmacro-redefined]
C/C++:    30 | #define __ANDROID_API__ 24
C/C++:       |         ^
C/C++: /home/runner/work/x25-airplay-receiver/x25-airplay-receiver/app/.cxx/RelWithDebInfo/416841uv/x86_64/<built-in>:391:9: note: previous definition is here
C/C++:   391 | #define __In file included from ANDROID_API__ __ANDROID_MIN_SDK_VERSION__
C/C++:       |         ^
C/C++: <built-in>:399:
C/C++: /home/runner/work/x25-airplay-receiver/x25-airplay-receiver/app/.cxx/RelWithDebInfo/416841uv/x86_64/<command line>:30:9: warning: '__ANDROID_API__' macro redefined [-Wmacro-redefined]
C/C++:    30 | #define __ANDROID_API__ 24
C/C++:       |         ^
C/C++: /home/runner/work/x25-airplay-receiver/x25-airplay-receiver/app/.cxx/RelWithDebInfo/416841uv/x86_64/<built-in>:391:9: note: previous definition is here
C/C++:   391 | #define __ANDROID_API__ __ANDROID_MIN_SDK_VERSION__
C/C++:       |         ^
C/C++: x86_64-linux-android24-clang  -I. -Iinclude -Iproviders/common/include -Iproviders/implementations/include  -DAES_ASM -DBSAES_ASM -DECP_NISTZ256_ASM -DGHASH_ASM -DKECCAK1600_ASM -DMD5_ASM -DOPENSSL_BN_ASM_GF2m -DOPENSSL_BN_ASM_MONT -DOPENSSL_BN_ASM_MONT5 -DOPENSSL_CPUID_OBJ -DOPENSSL_IA32_SSE2 -DPOLY1305_ASM -DSHA1_ASM -DSHA256_ASM -DSHA512_ASM -DSTATIC_LEGACY -DVPAES_ASM -DWHIRLPOOL_ASM -DX25519_ASM -fPIC -pthread -Wa,--noexecstack -Qunused-arguments -g -DANDROID -fdata-sections -ffunction-sections -funwind-tables -fstack-protector-strong -no-canonical-prefixes -D__BIONIC_NO_PAGE_SIZE_MACRO -D_FORTIFY_SOURCE=2 -Wformat -Werror=format-security  -ffile-prefix-map=/home/runner/work/x25-airplay-receiver/x25-airplay-receiver/app/src/main/cpp=. -ffile-prefix-map=/home/runner/work/x25-airplay-receiver/x25-airplay-receiver/app/.cxx/RelWithDebInfo/416841uv/x86_64=. -ffile-prefix-map=/usr/local/lib/android/sdk/ndk/27.0.12077973=. -Qunused-arguments -DOPENSSL_USE_NODELETE -DOPENSSL_PIC -DOPENSSLDIR="\"/usr/local/ssl\"" -DENGINESDIR="\"/usr/local/lib/engines-3\"" -DMODULESDIR="\"/usr/local/lib/ossl-modules\"" -DOPENSSL_BUILDING_OPENSSL -DNDEBUG -D__ANDROID_API__=24 -g -DANDROID -fdata-sections -ffunction-sections -funwind-tables -fstack-protector-strong -no-canonical-prefixes -D__BIONIC_NO_PAGE_SIZE_MACRO -D_FORTIFY_SOURCE=2 -Wformat -Werror=format-security   -ffile-prefix-map=/home/runner/work/x25-airplay-receiver/x25-airplay-receiver/app/src/main/cpp=. -ffile-prefix-map=/home/runner/work/x25-airplay-receiver/x25-airplay-receiver/app/.cxx/RelWithDebInfo/416841uv/x86_64=. -ffile-prefix-map=/usr/local/lib/android/sdk/ndk/27.0.12077973=. -Qunused-arguments -MMD -MF crypto/thread/libcrypto-shlib-api.d.tmp -c -o crypto/thread/libcrypto-shlib-api.o crypto/thread/api.c
C/C++: In file included from /home/runner/work/x25-airplay-receiver/x25-airplay-receiver/app/.cxx/RelWithDebInfo/416841uv/x86_64/<built-in>:399:
C/C++: /home/runner/work/x25-airplay-receiver/x25-airplay-receiver/app/.cxx/RelWithDebInfo/416841uv/x86_64/<command line>:30:9: warning: '__ANDROID_API__' macro redefined [-Wmacro-redefined]
C/C++:    30 | #define __ANDROID_API__ 24
C/C++:       |         ^
C/C++: /home/runner/work/x25-airplay-receiver/x25-airplay-receiver/app/.cxx/RelWithDebInfo/416841uv/x86_64/<built-in>:391:9: note: previous definition is here
C/C++:   391 | #define __ANDROID_API__ __ANDROID_MIN_SDK_VERSION__
C/C++:       |         ^
C/C++: 1 warning generated.
C/C++: In file included from /home/runner/work/x25-airplay-receiver/x25-airplay-receiver/app/.cxx/RelWithDebInfo/416841uv/x86_64/<built-in>:399:
C/C++: /home/runner/work/x25-airplay-receiver/x25-airplay-receiver/app/.cxx/RelWithDebInfo/416841uv/x86_64/<command line>:30:9: warning: '__ANDROID_API__' macro redefined [-Wmacro-redefined]
C/C++:    30 | #define __ANDROID_API__ 24
C/C++:       |         ^
C/C++: /home/runner/work/x25-airplay-receiver/x25-airplay-receiver/app/.cxx/RelWithDebInfo/416841uv/x86_64/<built-in>:391:9: note: previous definition is here
C/C++:   391 | #define __ANDROID_API__ __ANDROID_MIN_SDK_VERSION__
C/C++:       |         ^
C/C++: In file included from /home/runner/work/x25-airplay-receiver/x25-airplay-receiver/app/.cxx/RelWithDebInfo/416841uv/x86_64/<built-in>:399:
C/C++: /home/runner/work/x25-airplay-receiver/x25-airplay-receiver/app/.cxx/RelWithDebInfo/416841uv/x86_64/<command line>:30:9: warning: '__ANDROID_API__' macro redefined [-Wmacro-redefined]
C/C++:    30 | #define __ANDROID_API__ 24
C/C++:       |         ^
C/C++: /home/runner/work/x25-airplay-receiver/x25-airplay-receiver/app/.cxx/RelWithDebInfo/416841uv/x86_64/<built-in>:391:9: note: previous definition is here
C/C++:   391 | #define __ANDROID_API__ __ANDROID_MIN_SDK_VERSION__
C/C++:       |         ^
C/C++: In file included from /home/runner/work/x25-airplay-receiver/x25-airplay-receiver/app/.cxx/RelWithDebInfo/416841uv/x86_64/<built-in>:399:
C/C++: /home/runner/work/x25-airplay-receiver/x25-airplay-receiver/app/.cxx/RelWithDebInfo/416841uv/x86_64/<command line>:30:9: warning: '__ANDROID_API__' macro redefined [-Wmacro-redefined]
C/C++:    30 | #define __ANDROID_API__ 24
C/C++:       |         ^
C/C++: /home/runner/work/x25-airplay-receiver/x25-airplay-receiver/app/.cxx/RelWithDebInfo/416841uv/x86_64/<built-in>:391:9: note: previous definition is here
C/C++:   391 | #define __ANDROID_API__ __ANDROID_MIN_SDK_VERSION__
C/C++:       |         ^
C/C++: 1 warning generated.
C/C++: In file included from /home/runner/work/x25-airplay-receiver/x25-airplay-receiver/app/.cxx/RelWithDebInfo/416841uv/x86_64/<built-in>:399:
C/C++: /home/runner/work/x25-airplay-receiver/x25-airplay-receiver/app/.cxx/RelWithDebInfo/416841uv/x86_64/<command line>:30:9: warning: '__ANDROID_API__' macro redefined [-Wmacro-redefined]
C/C++:    30 | #define __ANDROID_API__ 24
C/C++:       |         ^
C/C++: /home/runner/work/x25-airplay-receiver/x25-airplay-receiver/app/.cxx/RelWithDebInfo/416841uv/x86_64/<built-in>:391:9: note: previous definition is here
C/C++:   391 | #define __ANDROID_API__ __ANDROID_MIN_SDK_VERSION__
C/C++:       |         ^
C/C++: In file included from /home/runner/work/x25-airplay-receiver/x25-airplay-receiver/app/.cxx/RelWithDebInfo/416841uv/x86_64/<built-in>:399:
C/C++: /home/runner/work/x25-airplay-receiver/x25-airplay-receiver/app/.cxx/RelWithDebInfo/416841uv/x86_64/<command line>:30:9: warning: '__ANDROID_API__' macro redefined [-Wmacro-redefined]
C/C++:    30 | #define __ANDROID_API__ 24
C/C++:       |         ^
C/C++: /home/runner/work/x25-airplay-receiver/x25-airplay-receiver/app/.cxx/RelWithDebInfo/416841uv/x86_64/<built-in>:391:9: note: previous definition is here
C/C++:   391 | #define __ANDROID_API__ __ANDROID_MIN_SDK_VERSION__
C/C++:       |         ^
C/C++: 1 warning generated.
C/C++: In file included from /home/runner/work/x25-airplay-receiver/x25-airplay-receiver/app/.cxx/RelWithDebInfo/416841uv/x86_64/<built-in>:399:
C/C++: /home/runner/work/x25-airplay-receiver/x25-airplay-receiver/app/.cxx/RelWithDebInfo/416841uv/x86_64/<command line>:30:9: warning: '__ANDROID_API__' macro redefined [-Wmacro-redefined]
C/C++:    30 | #define __ANDROID_API__ 24
C/C++:       |         ^
C/C++: /home/runner/work/x25-airplay-receiver/x25-airplay-receiver/app/.cxx/RelWithDebInfo/416841uv/x86_64/<built-in>:391:9: note: previous definition is here
C/C++:   391 | #define __ANDROID_API__ __ANDROID_MIN_SDK_VERSION__
C/C++:       |         ^
C/C++: 1 warning generated.
C/C++: In file included from /home/runner/work/x25-airplay-receiver/x25-airplay-receiver/app/.cxx/RelWithDebInfo/416841uv/x86_64/<built-in>:399:
C/C++: /home/runner/work/x25-airplay-receiver/x25-airplay-receiver/app/.cxx/RelWithDebInfo/416841uv/x86_64/<command line>:30:9: warning: '__ANDROID_API__' macro redefined [-Wmacro-redefined]
C/C++:    30 | #define __ANDROID_API__ 24
C/C++:       |         ^
C/C++: /home/runner/work/x25-airplay-receiver/x25-airplay-receiver/app/.cxx/RelWithDebInfo/416841uv/x86_64/<built-in>:391:9: note: previous definition is here
C/C++:   391 | #define __ANDROID_API__ __ANDROID_MIN_SDK_VERSION__
C/C++:       |         ^
C/C++: 1 warning generated.
C/C++: In file included from /home/runner/work/x25-airplay-receiver/x25-airplay-receiver/app/.cxx/RelWithDebInfo/416841uv/x86_64/<built-in>:399:
C/C++: /home/runner/work/x25-airplay-receiver/x25-airplay-receiver/app/.cxx/RelWithDebInfo/416841uv/x86_64/<command line>:30:9: warning: '__ANDROID_API__' macro redefined [-Wmacro-redefined]
C/C++:    30 | #define __ANDROID_API__ 24
C/C++:       |         ^
C/C++: /home/runner/work/x25-airplay-receiver/x25-airplay-receiver/app/.cxx/RelWithDebInfo/416841uv/x86_64/<built-in>:391:9: note: previous definition is here
C/C++:   391 | #define __ANDROID_API__ __ANDROID_MIN_SDK_VERSION__
C/C++:       |         ^
C/C++: 1 warning generated.
C/C++: In file included from /home/runner/work/x25-airplay-receiver/x25-airplay-receiver/app/.cxx/RelWithDebInfo/416841uv/x86_64/<built-in>:399:
C/C++: /home/runner/work/x25-airplay-receiver/x25-airplay-receiver/app/.cxx/RelWithDebInfo/416841uv/x86_64/<command line>:30:9: warning: '__ANDROID_API__' macro redefined [-Wmacro-redefined]
C/C++:    30 | #define __ANDROID_API__ 24
C/C++:       |         ^
C/C++: /home/runner/work/x25-airplay-receiver/x25-airplay-receiver/app/.cxx/RelWithDebInfo/416841uv/x86_64/<built-in>:391:9: note: previous definition is here
C/C++:   391 | #define __ANDROID_API__ __ANDROID_MIN_SDK_VERSION__
C/C++:       |         ^
C/C++: x86_64-linux-android24-clang  -I. -Iinclude -Iproviders/common/include -Iproviders/implementations/include  -DAES_ASM -DBSAES_ASM -DECP_NISTZ256_ASM -DGHASH_ASM -DKECCAK1600_ASM -DMD5_ASM -DOPENSSL_BN_ASM_GF2m -DOPENSSL_BN_ASM_MONT -DOPENSSL_BN_ASM_MONT5 -DOPENSSL_CPUID_OBJ -DOPENSSL_IA32_SSE2 -DPOLY1305_ASM -DSHA1_ASM -DSHA256_ASM -DSHA512_ASM -DSTATIC_LEGACY -DVPAES_ASM -DWHIRLPOOL_ASM -DX25519_ASM -fPIC -pthread -Wa,--noexecstack -Qunused-arguments -g -DANDROID -fdata-sections -ffunction-sections -funwind-tables -fstack-protector-strong -no-canonical-prefixes -D__BIONIC_NO_PAGE_SIZE_MACRO -D_FORTIFY_SOURCE=2 -Wformat -Werror=format-security  -ffile-prefix-map=/home/runner/work/x25-airplay-receiver/x25-airplay-receiver/app/src/main/cpp=. -ffile-prefix-map=/home/runner/work/x25-airplay-receiver/x25-airplay-receiver/app/.cxx/RelWithDebInfo/416841uv/x86_64=. -ffile-prefix-map=/usr/local/lib/android/sdk/ndk/27.0.12077973=. -Qunused-arguments -DOPENSSL_USE_NODELETE -DOPENSSL_PIC -DOPENSSLDIR="\"/usr/local/ssl\"" -DENGINESDIR="\"/usr/local/lib/engines-3\"" -DMODULESDIR="\"/usr/local/lib/ossl-modules\"" -DOPENSSL_BUILDING_OPENSSL -DNDEBUG -D__ANDROID_API__=24 -g -DANDROID -fdata-sections -ffunction-sections -funwind-tables -fstack-protector-strong -no-canonical-prefixes -D__BIONIC_NO_PAGE_SIZE_MACRO -D_FORTIFY_SOURCE=2 -Wformat -Werror=format-security   -ffile-prefix-map=/home/runner/work/x25-airplay-receiver/x25-airplay-receiver/app/src/main/cpp=. -ffile-prefix-map=/home/runner/work/x25-airplay-receiver/x25-airplay-receiver/app/.cxx/RelWithDebInfo/416841uv/x86_64=. -ffile-prefix-map=/usr/local/lib/android/sdk/ndk/27.0.12077973=. -Qunused-arguments -MMD -MF crypto/ts/libcrypto-shlib-ts_rsp_sign.d.tmp -c -o crypto/ts/libcrypto-shlib-ts_rsp_sign.o crypto/ts/ts_rsp_sign.c
C/C++: 1 warning generated.
C/C++: In file included from /home/runner/work/x25-airplay-receiver/x25-airplay-receiver/app/.cxx/RelWithDebInfo/416841uv/x86_64/<built-in>:399:
C/C++: /home/runner/work/x25-airplay-receiver/x25-airplay-receiver/app/.cxx/RelWithDebInfo/416841uv/x86_64/<command line>:30:9: warning: '__ANDROID_API__' macro redefined [-Wmacro-redefined]
C/C++:    30 | #define __ANDROID_APx86_64-linux-android24-clang  -I. -Iinclude -Iproviders/common/include -Iproviders/implementations/include  -DAES_ASM -DBSAES_ASM -DECP_NISTZ256_ASM -DGHASH_ASM -DKECCAK1600_ASM -DMD5_ASM -DOPENSSL_BN_ASM_GF2m -DOPENSSL_BN_ASM_MONT -DOPENSSL_BN_ASM_MONT5 -DOPENSSL_CPUID_OBJ -DOPENSSL_IA32_SSE2 -DPOLY1305_ASM -DSHA1_ASM -DSHA256_ASM -DSHA512_ASM -DSTATIC_LEGACY -DVPAES_ASM -DWHIRLPOOL_ASM -DX25519_ASM -fPIC -pthread -Wa,--noexecstack -Qunused-arguments -g -DANDROID -fdata-sections -ffunction-sections -funwind-tables -fstack-protector-strong -no-canonical-prefixes -D__BIONIC_NO_PAGE_SIZE_MACRO -D_FORTIFY_SOURCE=2 -Wformat -Werror=format-security  -ffile-prefix-map=/home/runner/work/x25-airplay-receiver/x25-airplay-receiver/app/src/main/cpp=. -ffile-prefix-map=/home/runner/work/x25-airplay-receiver/x25-airplay-receiver/app/.cxx/RelWithDebInfo/416841uv/x86_64=. -ffile-prefix-map=/usr/local/lib/android/sdk/ndk/27.0.12077973=. -Qunused-arguments -DOPENSSL_USE_NODELETE -DOPENSSL_PIC -DOPENSSLDIR="\"/usr/local/ssl\"" -DENGINESDIR="\"/usr/local/lib/engines-3\"" -DMODULESDIR="\"/usr/local/lib/ossl-modules\"" -DOPENSSL_BUILDING_OPENSSL -DNDEBUG -D__ANDROID_API__=24 -g -DANDROID -fdata-sections -ffunction-sections -funwind-tables -fstack-protector-strong -no-canonical-prefixes -D__BIONIC_NO_PAGE_SIZE_MACRO -D_FORTIFY_SOURCE=2 -Wformat -Werror=format-security   -ffile-prefix-map=/home/runner/work/x25-airplay-receiver/x25-airplay-receiver/app/src/main/cpp=. -ffile-prefix-map=/home/runner/work/x25-airplay-receiver/x25-airplay-receiver/app/.cxx/RelWithDebInfo/416841uv/x86_64=. -ffile-prefix-map=/usr/local/lib/android/sdk/ndk/27.0.12077973=. -Qunused-arguments -MMD -MF crypto/ts/libcrypto-shlib-ts_rsp_utils.d.tmp -c -o crypto/ts/libcrypto-shlib-ts_rsp_utils.o crypto/ts/ts_rsp_utils.c
C/C++: I__ 24
C/C++:       |         ^
C/C++: /home/runner/work/x25-airplay-receiver/x25-airplay-receiver/app/.cxx/RelWithDebInfo/416841uv/x86_64/<built-in>:391:9: note: previous definition is here
C/C++:   391 | #define __ANDROID_API__ __ANDROID_MIN_SDK_VERSION__
C/C++:       |         ^
C/C++: In file included from /home/runner/work/x25-airplay-receiver/x25-airplay-receiver/app/.cxx/RelWithDebInfo/416841uv/x86_64/<built-in>:399:
C/C++: /home/runner/work/x25-airplay-receiver/x25-airplay-receiver/app/.cxx/RelWithDebInfo/416841uv/x86_64/<command line>:30:9: warning: '__ANDROID_API__' macro redefined [-Wmacro-redefined]
C/C++:    30 | #define __ANDROID_API__ 24
C/C++:       |         ^
C/C++: /home/runner/work/x25-airplay-receiver/x25-airplay-receiver/app/.cxx/RelWithDebInfo/416841uv/x86_64/<built-in>:391:9: note: previous definition is here
C/C++:   391 | #define __ANDROID_API__ __ANDROID_MIN_SDK_VERSION__
C/C++:       |         ^
C/C++: 1 warning generated.
C/C++: In file included from /home/runner/work/x25-airplay-receiver/x25-airplay-receiver/app/.cxx/RelWithDebInfo/416841uv/x86_64/<built-in>:399:
C/C++: /home/runner/work/x25-airplay-receiver/x25-airplay-receiver/app/.cxx/RelWithDebInfo/416841uv/x86_64/<command line>:30:9: warning: '__ANDROID_API__' macro redefined [-Wmacro-redefined]
C/C++:    30 | #define __ANDROID_API__ 24
C/C++:       |         ^
C/C++: /home/runner/work/x25-airplay-receiver/x25-airplay-receiver/app/.cxx/RelWithDebInfo/416841uv/x86_64/<built-in>:391:9: note: previous definition is here
C/C++:   391 | #define __ANDROID_API__ __ANDROID_MIN_SDK_VERSION__
C/C++:       |         ^
C/C++: 1 warning generated.
C/C++: In file included from /home/runner/work/x25-airplay-receiver/x25-airplay-receiver/app/.cxx/RelWithDebInfo/416841uv/x86_64/<built-in>:399:
C/C++: /home/runner/work/x25-airplay-receiver/x25-airplay-receiver/app/.cxx/RelWithDebInfo/416841uv/x86_64/<command line>:30:9: warning: '__ANDROID_API__' macro redefined [-Wmacro-redefined]
C/C++:    30 | #define __ANDROID_API__ 24
C/C++:       |         ^
C/C++: /home/runner/work/x25-airplay-receiver/x25-airplay-receiver/app/.cxx/RelWithDebInfo/416841uv/x86_64/<built-in>:391:9: note: previous definition is here
C/C++:   391 | #define __ANDROID_API__ __ANDROID_MIN_SDK_VERSION__
C/C++:       |         ^
C/C++: 1 warning generated.
C/C++: In file included from /home/runner/work/x25-airplay-receiver/x25-airplay-receiver/app/.cxx/RelWithDebInfo/416841uv/x86_64/<built-in>:399:
C/C++: /home/runner/work/x25-airplay-receiver/x25-airplay-receiver/app/.cxx/RelWithDebInfo/416841uv/x86_64/<command line>:30:9: warning: '__ANDROID_API__' macro redefined [-Wmacro-redefined]
C/C++:    30 | #define __ANDROID_API__ 24
C/C++:       |         ^
C/C++: /home/runner/work/x25-airplay-receiver/x25-airplay-receiver/app/.cxx/RelWithDebInfo/416841uv/x86_64/<built-in>:391:9: note: previous definition is here
C/C++:   391 | #define __ANDROID_API__ __ANDROID_MIN_SDK_VERSION__
C/C++:       |         ^
C/C++: In file included from /home/runner/work/x25-airplay-receiver/x25-airplay-receiver/app/.cxx/RelWithDebInfo/416841uv/x86_64/<built-in>:399:
C/C++: /home/runner/work/x25-airplay-receiver/x25-airplay-receiver/app/.cxx/RelWithDebInfo/416841uv/x86_64/<command line>:30:9: warning: '__ANDROID_API__' macro redefined [-Wmacro-redefined]
C/C++:    30 | #define __ANDROID_API__ 24
C/C++:       |         ^
C/C++: /home/runner/work/x25-airplay-receiver/x25-airplay-receiver/app/.cxx/RelWithDebInfo/416841uv/x86_64/<built-in>:391:9: note: previous definition is here
C/C++:   391 | #define __ANDROID_API__ __ANDROID_MIN_SDK_VERSION__
C/C++:       |         ^
C/C++: 1 warning generated.
C/C++: In file included from /home/runner/work/x25-airplay-receiver/x25-airplay-receiver/app/.cxx/RelWithDebInfo/416841uv/x86_64/<built-in>:399:
C/C++: /home/runner/work/x25-airplay-receiver/x25-airplay-receiver/app/.cxx/RelWithDebInfo/416841uv/x86_64/<command line>:30:9: warning: '__ANDROID_API__' macro redefined [-Wmacro-redefined]
C/C++:    30 | #define __ANDROID_API__ 24
C/C++:       |         ^
C/C++: /home/runner/work/x25-airplay-receiver/x25-airplay-receiver/app/.cxx/RelWithDebInfo/416841uv/x86_64/<built-in>:391:9: note: previous definition is here
C/C++:   391 | #define __ANDROID_API__ __ANDROID_MIN_SDK_VERSION__
C/C++:       |         ^
C/C++: 1 warning generated.
C/C++: In file included from /home/runner/work/x25-airplay-receiver/x25-airplay-receiver/app/.cxx/RelWithDebInfo/416841uv/x86_64/<built-in>:399:
C/C++: /home/runner/work/x25-airplay-receiver/x25-airplay-receiver/app/.cxx/RelWithDebInfo/416841uv/x86_64/<command line>:30:9: warning: '__ANDROID_API__' macro redefined [-Wmacro-redefined]
C/C++:    30 | #define __ANDROID_API__ 24
C/C++:       |         ^
C/C++: /home/runner/work/x25-airplay-receiver/x25-airplay-receiver/app/.cxx/RelWithDebInfo/416841uv/x86_64/<built-in>:391:9: note: previous definition is here
C/C++:   391 | #define __ANDROID_API__ __ANDROID_MIN_SDK_VERSION__
C/C++:       |         ^
C/C++: In file included from /home/runner/work/x25-airplay-receiver/x25-airplay-receiver/app/.cxx/RelWithDebInfo/416841uv/x86_64/<built-in>:399:
C/C++: In file included from /home/runner/work/x25-airplay-receiver/x25-airplay-receiver/app/.cxx/RelWithDebInfo/416841uv/x86_64/<built-in>:399:
C/C++: /home/runner/work/x25-airplay-receiver/x25-airplay-receiver/app/.cxx/RelWithDebInfo/416841uv/x86_64/<command line>:30:9: warning: '__ANDROID_API__' macro redefined [-Wmacro-redefined]
C/C++: <command line>:30:9   30 | #define __ANDROID_API__ 24
C/C++:       |         ^
C/C++: /home/runner/work/x25-airplay-receiver/x25-airplay-receiver/app/.cxx/RelWithDebInfo/416841uv/x86_64/:<built-in>:391:9: note: previous definition is here
C/C++:    391 | #define __ANDROID_API__ __ANDROID_MIN_SDK_VERSION__
C/C++:       |         ^
C/C++: warning: '__ANDROID_API__' macro redefined [-Wmacro-redefined]
C/C++:    30 | #define __ANDROID_API__ 24
C/C++:       |         ^
C/C++: /home/runner/work/x25-airplay-receiver/x25-airplay-receiver/app/.cxx/RelWithDebInfo/416841uv/x86_64/<built-in>:391:9: note: previous definition is here
C/C++:   391 | #define __ANDROID_API__ __ANDROID_MIN_SDK_VERSION__
C/C++:       |         ^
C/C++: 1 warning generated.
C/C++: In file included from /home/runner/work/x25-airplay-receiver/x25-airplay-receiver/app/.cxx/RelWithDebInfo/416841uv/x86_64/<built-in>:399:
C/C++: /home/runner/work/x25-airplay-receiver/x25-airplay-receiver/app/.cxx/RelWithDebInfo/416841uv/x86_64/<built-in>:391:9: note: previous definition is here
C/C++:   391 | #define __ANDROID_API__ __ANDROID_MIN_SDK_VERSION__
C/C++:       |         ^
C/C++: x86_64-linux-android24-clang  -I. -Iinclude -Iproviders/common/include -Iproviders/implementations/include  -DAES_ASM -DBSAES_ASM -DECP_NISTZ256_ASM -DGHASH_ASM -DKECCAK1600_ASM -DMD5_ASM -DOPENSSL_BN_ASM_GF2m -DOPENSSL_BN_ASM_MONT -DOPENSSL_BN_ASM_MONT5 -DOPENSSL_CPUID_OBJ -DOPENSSL_IA32_SSE2 -DPOLY1305_ASM -DSHA1_ASM -DSHA256_ASM -DSHA512_ASM -DSTATIC_LEGACY -DVPAES_ASM -DWHIRLPOOL_ASM -DX25519_ASM -fPIC -pthread -Wa,--noexecstack -Qunused-arguments -g -DANDROID -fdata-sections -ffunction-sections -funwind-tables -fstack-protector-strong -no-canonical-prefixes -D__BIONIC_NO_PAGE_SIZE_MACRO -D_FORTIFY_SOURCE=2 -Wformat -Werror=format-security  -ffile-prefix-map=/home/runner/work/x25-airplay-receiver/x25-airplay-receiver/app/src/main/cpp=. -ffile-prefix-map=/home/runner/work/x25-airplay-receiver/x25-airplay-receiver/app/.cxx/RelWithDebInfo/416841uv/x86_64=. -ffile-prefix-map=/usr/local/lib/android/sdk/ndk/27.0.12077973=. -Qunused-arguments -DOPENSSL_USE_NODELETE -DOPENSSL_PIC -DOPENSSLDIR="\"/usr/local/ssl\"" -DENGINESDIR="\"/usr/local/lib/engines-3\"" -DMODULESDIR="\"/usr/local/lib/ossl-modules\"" -DOPENSSL_BUILDING_OPENSSL -DNDEBUG -D__ANDROID_API__=24 -g -DANDROID -fdata-sections -ffunction-sections -funwind-tables -fstack-protector-strong -no-canonical-prefixes -D__BIONIC_NO_PAGE_SIZE_MACRO -D_FORTIFY_SOURCE=2 -Wformat -Werror=format-security   -ffile-prefix-map=/home/runner/work/x25-airplay-receiver/x25-airplay-receiver/app/src/main/cpp=. -ffile-prefix-map=/home/runner/work/x25-airplay-receiver/x25-airplay-receiver/app/.cxx/RelWithDebInfo/416841uv/x86_64=. -ffile-prefix-map=/usr/local/lib/android/sdk/ndk/27.0.12077973=. -Qunused-arguments -MMD -MF crypto/x509/libcrypto-shlib-by_store.d.tmp -c -o crypto/x509/libcrypto-shlib-by_store.o crypto/x509/by_store.c
C/C++: In file included from /home/runner/work/x25-airplay-receiver/x25-airplay-receiver/app/.cxx/RelWithDebInfo/416841uv/x86_64/<built-in>:399:
C/C++: /home/runner/work/x25-airplay-receiver/x25-airplay-receiver/app/.cxx/RelWithDebInfo/416841uv/x86_64/<command line>:30:9: warning: '__ANDROID_API__' macro redefined [-Wmacro-redefined]
C/C++:    30 | #define __ANDROID_API__ 24
C/C++:       |         ^
C/C++: /home/runner/work/x25-airplay-receiver/x25-airplay-receiver/app/.cxx/RelWithDebInfo/416841uv/x86_64/<built-in>:391:9: note: previous definition is here
C/C++:   391 | #define __ANDROID_API__ __ANDROID_MIN_SDK_VERSION__
C/C++:       |         ^
C/C++: In file included from /home/runner/work/x25-airplay-receiver/x25-airplay-receiver/app/.cxx/RelWithDebInfo/416841uv/x86_64/<built-in>:399:
C/C++: /home/runner/work/x25-airplay-receiver/x25-airplay-receiver/app/.cxx/RelWithDebInfo/416841uv/x86_64/<command line>:30:9: warning: '__ANDROID_API__' macro redefined [-Wmacro-redefined]
C/C++:    30 | #define __ANDROID_API__ 24
C/C++:       |         ^
C/C++: /home/runner/work/x25-airplay-receiver/x25-airplay-receiver/app/.cxx/RelWithDebInfo/416841uv/x86_64/<built-in>:391:9: note: previous definition is here
C/C++:   391 | #define __ANDROID_API__ __ANDROID_MIN_SDK_VERSION__
C/C++:       |         ^
C/C++: In file included from /home/runner/work/x25-airplay-receiver/x25-airplay-receiver/app/.cxx/RelWithDebInfo/416841uv/x86_64/<built-in>:399:
C/C++: /home/runner/work/x25-airplay-receiver/x25-airplay-receiver/app/.cxx/RelWithDebInfo/416841uv/x86_64/<command line>:30:9: warning: '__ANDROID_API__' macro redefined [-Wmacro-redefined]
C/C++:    30 | #define __ANDROID_API__ 24
C/C++:       |         ^
C/C++: /home/runner/work/x25-airplay-receiver/x25-airplay-receiver/app/.cxx/RelWithDebInfo/416841uv/x86_64/<built-in>:391:9: note: previous definition is here
C/C++:   391 | #define __ANDROID_API__ __ANDROID_MIN_SDK_VERSION__
C/C++:       |         ^
C/C++: 1 warning generated.
C/C++: In file included from /home/runner/work/x25-airplay-receiver/x25-airplay-receiver/app/.cxx/RelWithDebInfo/416841uv/x86_64/<built-in>:399:
C/C++: /home/runner/work/x25-airplay-receiver/x25-airplay-receiver/app/.cxx/RelWithDebInfo/416841uv/x86_64/<command line>:30:9: warning: '__ANDROID_API__' macro redefined [-Wmacro-redefined]
C/C++:    30 | #define __ANDROID_API__ 24
C/C++:       |         ^
C/C++: /home/runner/work/x25-airplay-receiver/x25-airplay-receiver/app/.cxx/RelWithDebInfo/416841uv/x86_64/<built-in>:391:9: note: previous definition is here
C/C++:   391 | #define __ANDROID_API__ __ANDROID_MIN_SDK_VERSION__
C/C++:       |         ^
C/C++: 1 warning generated.
C/C++: In file included from /home/runner/work/x25-airplay-receiver/x25-airplay-receiver/app/.cxx/RelWithDebInfo/416841uv/x86_64/In file included from <built-in>:399:
C/C++: /home/runner/work/x25-airplay-receiver/x25-airplay-receiver/app/.cxx/RelWithDebInfo/416841uv/x86_64/<command line>:30:9: warning: '__ANDROID_API__' macro redefined [-Wmacro-redefined]
C/C++: <built-in>:399:
C/C++:    30 | #define __ANDROID_API__ 24
C/C++:       |         ^
C/C++: /home/runner/work/x25-airplay-receiver/x25-airplay-receiver/app/.cxx/RelWithDebInfo/416841uv/x86_64/<command line><built-in>:30:9: warning: '__ANDROID_API__' macro redefined [-Wmacro-redefined]
C/C++: :391:9   30 | #define __ANDROID_API__ 24
C/C++:       |         ^
C/C++: /home/runner/work/x25-airplay-receiver/x25-airplay-receiver/app/.cxx/RelWithDebInfo/416841uv/x86_64/:<built-in>:391:9: note: previous definition is here
C/C++:    391 | #define __ANDROID_API__ __ANDROID_MIN_SDK_VERSION__
C/C++:       |         ^
C/C++: note: previous definition is here
C/C++:   391 | #define __ANDROID_API__ __ANDROID_MIN_SDK_VERSION__
C/C++:       |         ^
C/C++: In file included from /home/runner/work/x25-airplay-receiver/x25-airplay-receiver/app/.cxx/RelWithDebInfo/416841uv/x86_64/<built-in>:399:
C/C++: /home/runner/work/x25-airplay-receiver/x25-airplay-receiver/app/.cxx/RelWithDebInfo/416841uv/x86_64/<command line>:30:9: warning: '__ANDROID_API__' macro redefined [-Wmacro-redefined]
C/C++:    30 | #define __ANDROID_API__ 24
C/C++:       |         ^
C/C++: /home/runner/work/x25-airplay-receiver/x25-airplay-receiver/app/.cxx/RelWithDebInfo/416841uv/x86_64/<built-in>:391:9: note: previous definition is here
C/C++:   391 | #define __ANDROID_API__ __ANDROID_MIN_SDK_VERSION__
C/C++:       |         ^
C/C++: 1 warning generated.
C/C++: In file included from /home/runner/work/x25-airplay-receiver/x25-airplay-receiver/app/.cxx/RelWithDebInfo/416841uv/x86_64/<built-in>:399:
C/C++: /home/runner/work/x25-airplay-receiver/x25-airplay-receiver/app/.cxx/RelWithDebInfo/416841uv/x86_64/<command line>:30:9: warning: '__ANDROID_API__' macro redefined [-Wmacro-redefined]
C/C++:    30 | #define __ANDROID_API__ 24
C/C++:       |         ^
C/C++: /home/runner/work/x25-airplay-receiver/x25-airplay-receiver/app/.cxx/RelWithDebInfo/416841uv/x86_64/<built-in>:391:9: note: previous definition is here
C/C++:   391 | #define __ANDROID_API__ __ANDROID_MIN_SDK_VERSION__
C/C++:       |         ^
C/C++: 1 warning generated.
C/C++: In file included from /home/runner/work/x25-airplay-receiver/x25-airplay-receiver/app/.cxx/RelWithDebInfo/416841uv/x86_64/<built-in>:399:
C/C++: /home/runner/work/x25-airplay-receiver/x25-airplay-receiver/app/.cxx/RelWithDebInfo/416841uv/x86_64/<command line>:30:9: warning: '__ANDROID_API__' macro redefined [-Wmacro-redefined]
C/C++:    30 | #define __ANDROID_API__ 24
C/C++:       |         ^
C/C++: /home/runner/work/x25-airplay-receiver/x25-airplay-receiver/app/.cxx/RelWithDebInfo/416841uv/x86_64/<built-in>:391:9: note: previous definition is here
C/C++:   391 | #define __ANDROID_API__ __ANDROID_MIN_SDK_VERSION__
C/C++:       |         ^
C/C++: In file included from /home/runner/work/x25-airplay-receiver/x25-airplay-receiver/app/.cxx/RelWithDebInfo/416841uv/x86_64/<built-in>:399:
C/C++: /home/runner/work/x25-airplay-receiver/x25-airplay-receiver/app/.cxx/RelWithDebInfo/416841uv/x86_64/<command line>:30:9: warning: '__ANDROID_API__' macro redefined [-Wmacro-redefined]
C/C++:    30 | #define __ANDROID_API__ 24
C/C++:       |         ^
C/C++: /home/runner/work/x25-airplay-receiver/x25-airplay-receiver/app/.cxx/RelWithDebInfo/416841uv/x86_64/<built-in>:391:9: note: previous definition is here
C/C++:   391 | #define In file included from _<built-in>_:A399N:
C/C++: D<command line>R:O30I:D9_:A Pwarning: I'__ANDROID_API__' macro redefined [-Wmacro-redefined]_
C/C++: _ __ANDROID_MIN_SDK_VERSION__
C/C++:       |         ^
C/C++:    30 | #define __ANDROID_API__ 24
C/C++:       |         ^
C/C++: /home/runner/work/x25-airplay-receiver/x25-airplay-receiver/app/.cxx/RelWithDebInfo/416841uv/x86_64/<built-in>:391:9: note: previous definition is here
C/C++:   391 | #define __ANDROID_API__ __ANDROID_MIN_SDK_VERSION__
C/C++:       |         ^
C/C++: 1 warning generated.
C/C++: In file included from /home/runner/work/x25-airplay-receiver/x25-airplay-receiver/app/.cxx/RelWithDebInfo/416841uv/x86_64/<built-in>:399:
C/C++: /home/runner/work/x25-airplay-receiver/x25-airplay-receiver/app/.cxx/RelWithDebInfo/416841uv/x86_64/<command line>:30:9: warning: '__ANDROID_API__' macro redefined [-Wmacro-redefined]
C/C++:    30 | #define __ANDROID_API__ 24
C/C++:       |         ^
C/C++: /home/runner/work/x25-airplay-receiver/x25-airplay-receiver/app/.cxx/RelWithDebInfo/416841uv/x86_64/<built-in>:391:9: note: previous definition is here
C/C++:   391 | #define __ANDROID_API__ __ANDROID_MIN_SDK_VERSION__
C/C++:       |         ^
C/C++: 1 warning generated.
C/C++: In file included from /home/runner/work/x25-airplay-receiver/x25-airplay-receiver/app/.cxx/RelWithDebInfo/416841uv/x86_64/<built-in>:399:
C/C++: /home/runner/work/x25-airplay-receiver/x25-airplay-receiver/app/.cxx/RelWithDebInfo/416841uv/x86_64/<command line>:30:9: warning: '__ANDROID_API__' macro redefined [-Wmacro-redefined]
C/C++:    30 | #define __ANDROID_API__ 24
C/C++:       |         ^
C/C++: /home/runner/work/x25-airplay-receiver/x25-airplay-receiver/app/.cxx/RelWithDebInfo/416841uv/x86_64/<built-in>:391:9: note: previous definition is here
C/C++:   391 | #define __ANDROID_API__ __ANDROID_MIN_SDK_VERSION__
C/C++:       |         ^
C/C++: In file included from /home/runner/work/x25-airplay-receiver/x25-airplay-receiver/app/.cxx/RelWithDebInfo/416841uv/x86_64/<built-in>:399:
C/C++: /home/runner/work/x25-airplay-receiver/x25-airplay-receiver/app/.cxx/RelWithDebInfo/416841uv/x86_64/<command line>:30:9: warning: '__ANDROID_API__' macro redefined [-Wmacro-redefined]
C/C++:    30 | #define __ANDROID_API__ 24
C/C++:       |         ^
C/C++: /home/runner/work/x25-airplay-receiver/x25-airplay-receiver/app/.cxx/RelWithDebInfo/416841uv/x86_64/<built-in>:391:9: note: previous definition is here
C/C++:   391 | #define __ANDROID_API__ __ANDROID_MIN_SDK_VERSION__
C/C++:       |         ^
C/C++: In file included from /home/runner/work/x25-airplay-receiver/x25-airplay-receiver/app/.cxx/RelWithDebInfo/416841uv/x86_64/<built-in>:399:
C/C++: /home/runner/work/x25-airplay-receiver/x25-airplay-receiver/app/.cxx/RelWithDebInfo/416841uv/x86_64/<command line>:30:9: warning: '__ANDROID_API__' macro redefined [-Wmacro-redefined]
C/C++:    30 | #define __ANDROID_API__ 24
C/C++:       |         ^
C/C++: /home/runner/work/x25-airplay-receiver/x25-airplay-receiver/app/.cxx/RelWithDebInfo/416841uv/x86_64/<built-in>:391:9: note: previous definition is here
C/C++:   391 | #define __ANDROID_API__ __ANDROID_MIN_SDK_VERSION__
C/C++:       |         ^
C/C++: 1 warning generated.
C/C++: In file included from /home/runner/work/x25-airplay-receiver/x25-airplay-receiver/app/.cxx/RelWithDebInfo/416841uv/x86_64/<built-in>:399:
C/C++: /home/runner/work/x25-airplay-receiver/x25-airplay-receiver/app/.cxx/RelWithDebInfo/416841uv/x86_64/<command line>:30:9: warning: '__ANDROID_API__' macro redefined [-Wmacro-redefined]
C/C++:    30 | #define __ANDROID_API__ 24
C/C++:       |         ^
C/C++: /home/runner/work/x25-airplay-receiver/x25-airplay-receiver/app/.cxx/RelWithDebInfo/416841uv/x86_64/<built-in>:391:9: note: previous definition is here
C/C++:   391 | #define __ANDROID_API__ __ANDROID_MIN_SDK_VERSION__
C/C++:       |         ^
C/C++: 1 warning generated.
C/C++: In file included from /home/runner/work/x25-airplay-receiver/x25-airplay-receiver/app/.cxx/RelWithDebInfo/416841uv/x86_64/<built-in>:399:
C/C++: /home/runner/work/x25-airplay-receiver/x25-airplay-receiver/app/.cxx/RelWithDebInfo/416841uv/x86_64/<command line>:30:9: warning: '__ANDROID_API__' macro redefined [-Wmacro-redefined]
C/C++:    30 | #define __ANDROID_API__ 24
C/C++:       |         ^
C/C++: /home/runner/work/x25-airplay-receiver/x25-airplay-receiver/app/.cxx/RelWithDebInfo/416841uv/x86_64/<built-in>:391:9: note: previous definition is here
C/C++:   391 | #define __ANDROID_API__ __ANDROID_MIN_SDK_VERSION__
C/C++:       |         ^
C/C++: In file included from /home/runner/work/x25-airplay-receiver/x25-airplay-receiver/app/.cxx/RelWithDebInfo/416841uv/x86_64/<built-in>:399:
C/C++: /home/runner/work/x25-airplay-receiver/x25-airplay-receiver/app/.cxx/RelWithDebInfo/416841uv/x86_64/<command line>:30:9: warning: '__ANDROID_API__' macro redefined [-Wmacro-redefined]
C/C++:    30 | #define __ANDROID_API__ 24
C/C++:       |         ^
C/C++: /home/runner/work/x25-airplay-receiver/x25-airplay-receiver/app/.cxx/RelWithDebInfo/416841uv/x86_64/<built-in>:391:9: note: previous definition is here
C/C++:   391 | #define __ANDROID_API__ __ANDROID_MIN_SDK_VERSION__
C/C++:       |         ^
C/C++: 1 warning generated.
C/C++: In file included from /home/runner/work/x25-airplay-receiver/x25-airplay-receiver/app/.cxx/RelWithDebInfo/416841uv/x86_64/<built-in>:399:
C/C++: /home/runner/work/x25-airplay-receiver/x25-airplay-receiver/app/.cxx/RelWithDebInfo/416841uv/x86_64/<command line>:30:9: warning: '__ANDROID_API__' macro redefined [-Wmacro-redefined]
C/C++:    30 | #define __ANDROID_API__ 24
C/C++:       |         ^
C/C++: /home/runner/work/x25-airplay-receiver/x25-airplay-receiver/app/.cxx/RelWithDebInfo/416841uv/x86_64/<built-in>:391:9: note: previous definition is here
C/C++:   391 | #define __ANDROID_API__ __ANDROID_MIN_SDK_VERSION__
C/C++:       |         ^
C/C++: In file included from /home/runner/work/x25-airplay-receiver/x25-airplay-receiver/app/.cxx/RelWithDebInfo/416841uv/x86_64/<built-in>:399:
C/C++: /home/runner/work/x25-airplay-receiver/x25-airplay-receiver/app/.cxx/RelWithDebInfo/416841uv/x86_64/<command line>:30:9: warning: '__ANDROID_API__' macro redefined [-Wmacro-redefined]
C/C++:    30 | #define __ANDROID_API__ 24
C/C++:       |         ^
C/C++: /home/runner/work/x25-airplay-receiver/x25-airplay-receiver/app/.cxx/RelWithDebInfo/416841uv/x86_64/<built-in>:391:9: note: previous definition is here
C/C++:   391 | #define __ANDROID_API__ __ANDROID_MIN_SDK_VERSION__
C/C++:       |         ^
C/C++: 1 warning generated.
C/C++: In file included from /home/runner/work/x25-airplay-receiver/x25-airplay-receiver/app/.cxx/RelWithDebInfo/416841uv/x86_64/<built-in>:399:
C/C++: /home/runner/work/x25-airplay-receiver/x25-airplay-receiver/app/.cxx/RelWithDebInfo/416841uv/x86_64/<command line>:30:9: warning: '__ANDROID_API__' macro redefined [-Wmacro-redefined]
C/C++:    30 | #define __ANDROID_API__ 24
C/C++:       |         ^
C/C++: /home/runner/work/x25-airplay-receiver/x25-airplay-receiver/app/.cxx/RelWithDebInfo/416841uv/x86_64/<built-in>:391:9: note: previous definition is here
C/C++:   391 | #define __ANx86_64-linux-android24-clang  -I. -Iinclude -Iproviders/common/include -Iproviders/implementations/include  -DAES_ASM -DBSAES_ASM -DECP_NISTZ256_ASM -DGHASH_ASM -DKECCAK1600_ASM -DMD5_ASM -DOPENSSL_BN_ASM_GF2m -DOPENSSL_BN_ASM_MONT -DOPENSSL_BN_ASM_MONT5 -DOPENSSL_CPUID_OBJ -DOPENSSL_IA32_SSE2 -DPOLY1305_ASM -DSHA1_ASM -DSHA256_ASM -DSHA512_ASM -DSTATIC_LEGACY -DVPAES_ASM -DWHIRLPOOL_ASM -DX25519_ASM -fPIC -pthread -Wa,--noexecstack -Qunused-arguments -g -DANDROID -fdata-sections -ffunction-sections -funwind-tables -fstack-protector-strong -no-canonical-prefixes -D__BIONIC_NO_PAGE_SIZE_MACRO -D_FORTIFY_SOURCE=2 -Wformat -Werror=format-security  -ffile-prefix-map=/home/runner/work/x25-airplay-receiver/x25-airplay-receiver/app/src/main/cpp=. -ffile-prefix-map=/home/runner/work/x25-airplay-receiver/x25-airplay-receiver/app/.cxx/RelWithDebInfo/416841uv/x86_64=. -ffile-prefix-map=/usr/local/lib/android/sdk/ndk/27.0.12077973=. -Qunused-arguments -DOPENSSL_USE_NODELETE -DOPENSSL_PIC -DOPENSSLDIR="\"/usr/local/ssl\"" -DENGINESDIR="\"/usr/local/lib/engines-3\"" -DMODULESDIR="\"/usr/local/lib/ossl-modules\"" -DOPENSSL_BUILDING_OPENSSL -DNDEBUG -D__ANDROID_API__=24 -g -DANDROID -fdata-sections -ffunction-sections -funwind-tables -fstack-protector-strong -no-canonical-prefixes -D__BIONIC_NO_PAGE_SIZE_MACRO -D_FORTIFY_SOURCE=2 -Wformat -Werror=format-security   -ffile-prefix-map=/home/runner/work/x25-airplay-receiver/x25-airplay-receiver/app/src/main/cpp=. -ffile-prefix-map=/home/runner/work/x25-airplay-receiver/x25-airplay-receiver/app/.cxx/RelWithDebInfo/416841uv/x86_64=. -ffile-prefix-map=/usr/local/lib/android/sdk/ndk/27.0.12077973=. -Qunused-arguments -MMD -MF crypto/x509/libcrypto-shlib-v3_bcons.d.tmp -c -o crypto/x509/libcrypto-shlib-v3_bcons.o crypto/x509/v3_bcons.c
C/C++: DROID_API__ __ANDROID_MIN_SDK_VERSION__
C/C++:       |         ^
C/C++: 1 warning generated.
C/C++: In file included from /home/runner/work/x25-airplay-receiver/x25-airplay-receiver/app/.cxx/RelWithDebInfo/416841uv/x86_64/<built-in>:399:
C/C++: /home/runner/work/x25-airplay-receiver/x25-airplay-receiver/app/.cxx/RelWithDebInfo/416841uv/x86_64/<command line>:30:9: warning: '__ANDROID_API__' macro redefined [-Wmacro-redefined]
C/C++:    30 | #define __ANDROID_API__ 24
C/C++:       |         ^
C/C++: /home/runner/work/x25-airplay-receiver/x25-airplay-receiver/app/.cxx/RelWithDebInfo/416841uv/x86_64/<built-in>:391:9: note: previous definition is here
C/C++:   391 | #define __ANDROID_API__ __ANDROID_MIN_SDK_VERSION__
C/C++:       |         ^
C/C++: x86_64-linux-android24-clang  -I. -Iinclude -Iproviders/common/include -Iproviders/implementations/include  -DAES_ASM -DBSAES_ASM -DECP_NISTZ256_ASM -DGHASH_ASM -DKECCAK1600_ASM -DMD5_ASM -DOPENSSL_BN_ASM_GF2m -DOPENSSL_BN_ASM_MONT -DOPENSSL_BN_ASM_MONT5 -DOPENSSL_CPUID_OBJ -DOPENSSL_IA32_SSE2 -DPOLY1305_ASM -DSHA1_ASM -DSHA256_ASM -DSHA512_ASM -DSTATIC_LEGACY -DVPAES_ASM -DWHIRLPOOL_ASM -DX25519_ASM -fPIC -pthread -Wa,--noexecstack -Qunused-arguments -g -DANDROID -fdata-sections -ffunction-sections -funwind-tables -fstack-protector-strong -no-canonical-prefixes -D__BIONIC_NO_PAGE_SIZE_MACRO -D_FORTIFY_SOURCE=2 -Wformat -Werror=format-security  -ffile-prefix-map=/home/runner/work/x25-airplay-receiver/x25-airplay-receiver/app/src/main/cpp=. -ffile-prefix-map=/home/runner/work/x25-airplay-receiver/x25-airplay-receiver/app/.cxx/RelWithDebInfo/416841uv/x86_64=. -ffile-prefix-map=/usr/local/lib/android/sdk/ndk/27.0.12077973=. -Qunused-arguments -DOPENSSL_USE_NODELETE -DOPENSSL_PIC -DOPENSSLDIR="\"/usr/local/ssl\"" -DENGINESDIR="\"/usr/local/lib/engines-3\"" -DMODULESDIR="\"/usr/local/lib/ossl-modules\"" -DOPENSSL_BUILDING_OPENSSL -DNDEBUG -D__ANDROID_API__=24 -g -DANDROID -fdata-sections -ffunction-sections -funwind-tables -fstack-protector-strong -no-canonical-prefixes -D__BIONIC_NO_PAGE_SIZE_MACRO -D_FORTIFY_SOURCE=2 -Wformat -Werror=format-security   -ffile-prefix-map=/home/runner/work/x25-airplay-receiver/x25-airplay-receiver/app/src/main/cpp=. -ffile-prefix-map=/home/runner/work/x25-airplay-receiver/x25-airplay-receiver/app/.cxx/RelWithDebInfo/416841uv/x86_64=. -ffile-prefix-map=/usr/local/lib/android/sdk/ndk/27.0.12077973=. -Qunused-arguments -MMD -MF crypto/x509/libcrypto-shlib-v3_bitst.d.tmp -c -o crypto/x509/libcrypto-shlib-v3_bitst.o crypto/x509/v3_bitst.c
C/C++: In file included from /home/runner/work/x25-airplay-receiver/x25-airplay-receiver/app/.cxx/RelWithDebInfo/416841uv/x86_64/<built-in>:399:
C/C++: /home/runner/work/x25-airplay-receiver/x25-airplay-receiver/app/.cxx/RelWithDebInfo/416841uv/x86_64/<command line>:30:9: warning: '__ANDROID_API__' macro redefined [-Wmacro-redefined]
C/C++:    30 | #define __ANDROID_API__ 24
C/C++:       |         ^
C/C++: /home/runner/work/x25-airplay-receiver/x25-airplay-receiver/app/.cxx/RelWithDebInfo/416841uv/x86_64/<built-in>:391:9: note: previous definition is here
C/C++:   391 | #define __ANDROID_API__ __ANDROID_MIN_SDK_VERSION__
C/C++:       |         ^
C/C++: 1 warning generated.
C/C++: In file included from /home/runner/work/x25-airplay-receiver/x25-airplay-receiver/app/.cxx/RelWithDebInfo/416841uv/x86_64/<built-in>:399:
C/C++: /home/runner/work/x25-airplay-receiver/x25-airplay-receiver/app/.cxx/RelWithDebInfo/416841uv/x86_64/<command line>:30:9: warning: '__ANDROID_API__' macro redefined [-Wmacro-redefined]
C/C++:    30 | #define __ANDROID_API__ 24
C/C++:       |         ^
C/C++: /home/runner/work/x25-airplay-receiver/x25-airplay-receiver/app/.cxx/RelWithDebInfo/416841uv/x86_64/<built-in>:391:9: note: previous definition is here
C/C++:   391 | #define __ANDROID_API__ __ANDROID_MIN_SDK_VERSION__
C/C++:       |         ^
C/C++: 1 warning generated.
C/C++: In file included from /home/runner/work/x25-airplay-receiver/x25-airplay-receiver/app/.cxx/RelWithDebInfo/416841uv/x86_64/<built-in>:399:
C/C++: /home/runner/work/x25-airplay-receiver/x25-airplay-receiver/app/.cxx/RelWithDebInfo/416841uv/x86_64/<command line>:30:9: warning: '__ANDROID_API__' macro redefined [-Wmacro-redefined]
C/C++:    30 | #define __ANDROID_API__ 24
C/C++:       |         ^
C/C++: /home/runner/work/x25-airplay-receiver/x25-airplay-receiver/app/.cxx/RelWithDebInfo/416841uv/x86_64/<built-in>:391:9: note: previous definition is here
C/C++:   391 | #define __ANDROID_API__ __ANDROID_MIN_SDK_VERSION__
C/C++:       |         ^
C/C++: x86_64-linux-android24-clang  -I. -Iinclude -Iproviders/common/include -Iproviders/implementations/include  -DAES_ASM -DBSAES_ASM -DECP_NISTZ256_ASM -DGHASH_ASM -DKECCAK1600_ASM -DMD5_ASM -DOPENSSL_BN_ASM_GF2m -DOPENSSL_BN_ASM_MONT -DOPENSSL_BN_ASM_MONT5 -DOPENSSL_CPUID_OBJ -DOPENSSL_IA32_SSE2 -DPOLY1305_ASM -DSHA1_ASM -DSHA256_ASM -DSHA512_ASM -DSTATIC_LEGACY -DVPAES_ASM -DWHIRLPOOL_ASM -DX25519_ASM -fPIC -pthread -Wa,--noexecstack -Qunused-arguments -g -DANDROID -fdata-sections -ffunction-sections -funwind-tables -fstack-protector-strong -no-canonical-prefixes -D__BIONIC_NO_PAGE_SIZE_MACRO -D_FORTIFY_SOURCE=2 -Wformat -Werror=format-security  -ffile-prefix-map=/home/runner/work/x25-airplay-receiver/x25-airplay-receiver/app/src/main/cpp=. -ffile-prefix-map=/home/runner/work/x25-airplay-receiver/x25-airplay-receiver/app/.cxx/RelWithDebInfo/416841uv/x86_64=. -ffile-prefix-map=/usr/local/lib/android/sdk/ndk/27.0.12077973=. -Qunused-arguments -DOPENSSL_USE_NODELETE -DOPENSSL_PIC -DOPENSSLDIR="\"/usr/local/ssl\"" -DENGINESDIR="\"/usr/local/lib/engines-3\"" -DMODULESDIR="\"/usr/local/lib/ossl-modules\"" -DOPENSSL_BUILDING_OPENSSL -DNDEBUG -D__ANDROID_API__=24 -g -DANDROID -fdata-sections -ffunction-sections -funwind-tables -fstack-protector-strong -no-canonical-prefixes -D__BIONIC_NO_PAGE_SIZE_MACRO -D_FORTIFY_SOURCE=2 -Wformat -Werror=format-security   -ffile-prefix-map=/home/runner/work/x25-airplay-receiver/x25-airplay-receiver/app/src/main/cpp=. -ffile-prefix-map=/home/runner/work/x25-airplay-receiver/x25-airplay-receiver/app/.cxx/RelWithDebInfo/416841uv/x86_64=. -ffile-prefix-map=/usr/local/lib/android/sdk/ndk/27.0.12077973=. -Qunused-arguments -MMD -MF crypto/x509/libcrypto-shlib-v3_crld.d.tmp -c -o crypto/x509/libcrypto-shlib-v3_crld.o crypto/x509/v3_crld.c
C/C++: 1 warning generated.
C/C++: In file included from /home/runner/work/x25-airplay-receiver/x25-airplay-receiver/app/.cxx/RelWithDebInfo/416841uv/x86_64/<built-in>:399:
C/C++: /home/runner/work/x25-airplay-receiver/x25-airplay-receiver/app/.cxx/RelWithDebInfo/416841uv/x86_64/<command line>:30:9: warning: '__ANDROID_API__' macro redefined [-Wmacro-redefined]
C/C++:    30 | #define __ANDROID_API__ 24
C/C++:       |         ^
C/C++: /home/runner/work/x25-airplay-receiver/x25-airplay-receiver/app/.cxx/RelWithDebInfo/416841uv/x86_64/<built-in>:391:9: note: previous definition is here
C/C++:   391 | #define __ANDROID_API__ __ANDROID_MIN_SDK_VERSION__
C/C++:       |         ^
C/C++: In file included from /home/runner/work/x25-airplay-receiver/x25-airplay-receiver/app/.cxx/RelWithDebInfo/416841uv/x86_64/<built-in>:399:
C/C++: /home/runner/work/x25-airplay-receiver/x25-airplay-receiver/app/.cxx/RelWithDebInfo/416841uv/x86_64/<command line>:30:9: warning: '__ANDROID_API__' macro redefined [-Wmacro-redefined]
C/C++:    30 | #define __ANDROID_API__ 24
C/C++:       |         ^
C/C++: /home/runner/work/x25-airplay-receiver/x25-airplay-receiver/app/.cxx/RelWithDebInfo/416841uv/x86_64/<built-in>:391:9: note: previous definition is here
C/C++:   391 | #define __ANDROID_API__ __ANDROID_MIN_SDK_VERSION__
C/C++:       |         ^
C/C++: 1 warning generated.
C/C++: In file included from /home/runner/work/x25-airplay-receiver/x25-airplay-receiver/app/.cxx/RelWithDebInfo/416841uv/x86_64/<built-in>:399:
C/C++: /home/runner/work/x25-airplay-receiver/x25-airplay-receiver/app/.cxx/RelWithDebInfo/416841uv/x86_64/<command line>:30:9: warning: '__ANDROID_API__' macro redefined [-Wmacro-redefined]
C/C++:    30 | #define __ANDROID_API__ 24
C/C++:       |         ^
C/C++: /home/runner/work/x25-airplay-receiver/x25-airplay-receiver/app/.cxx/RelWithDebInfo/416841uv/x86_64/<built-in>:391:9: note: previous definition is here
C/C++:   391 | #define __ANDROID_API__ __ANDROID_MIN_SDK_VERSION__
C/C++:       |         ^
C/C++: 1 warning generated.
C/C++: In file included from /home/runner/work/x25-airplay-receiver/x25-airplay-receiver/app/.cxx/RelWithDebInfo/416841uv/x86_64/<built-in>:399:
C/C++: /home/runner/work/x25-airplay-receiver/x25-airplay-receiver/app/.cxx/RelWithDebInfo/416841uv/x86_64/<command line>:30:9: warning: '__ANDROID_API__' macro redefined [-Wmacro-redefined]
C/C++:    30 | #define __ANDROID_API__ 24
C/C++:       |         ^
C/C++: /home/runner/work/x25-airplay-receiver/x25-airplay-receiver/app/.cxx/RelWithDebInfo/416841uv/x86_64/<built-in>:391:9: note: previous definition is here
C/C++:   391 | #define __ANDROID_API__ __ANDROID_MIN_SDK_VERSION__
C/C++:       |         ^
C/C++: x86_64-linux-android24-clang  -I. -Iinclude -Iproviders/common/include -Iproviders/implementations/include  -DAES_ASM -DBSAES_ASM -DECP_NISTZ256_ASM -DGHASH_ASM -DKECCAK1600_ASM -DMD5_ASM -DOPENSSL_BN_ASM_GF2m -DOPENSSL_BN_ASM_MONT -DOPENSSL_BN_ASM_MONT5 -DOPENSSL_CPUID_OBJ -DOPENSSL_IA32_SSE2 -DPOLY1305_ASM -DSHA1_ASM -DSHA256_ASM -DSHA512_ASM -DSTATIC_LEGACY -DVPAES_ASM -DWHIRLPOOL_ASM -DX25519_ASM -fPIC -pthread -Wa,--noexecstack -Qunused-arguments -g -DANDROID -fdata-sections -ffunction-sections -funwind-tables -fstack-protector-strong -no-canonical-prefixes -D__BIONIC_NO_PAGE_SIZE_MACRO -D_FORTIFY_SOURCE=2 -Wformat -Werror=format-security  -ffile-prefix-map=/home/runner/work/x25-airplay-receiver/x25-airplay-receiver/app/src/main/cpp=. -ffile-prefix-map=/home/runner/work/x25-airplay-receiver/x25-airplay-receiver/app/.cxx/RelWithDebInfo/416841uv/x86_64=. -ffile-prefix-map=/usr/local/lib/android/sdk/ndk/27.0.12077973=. -Qunused-arguments -DOPENSSL_USE_NODELETE -DOPENSSL_PIC -DOPENSSLDIR="\"/usr/local/ssl\"" -DENGINESDIR="\"/usr/local/lib/engines-3\"" -DMODULESDIR="\"/usr/local/lib/ossl-modules\"" -DOPENSSL_BUILDING_OPENSSL -DNDEBUG -D__ANDROID_API__=24 -g -DANDROID -fdata-sections -ffunction-sections -funwind-tables -fstack-protector-strong -no-canonical-prefixes -D__BIONIC_NO_PAGE_SIZE_MACRO -D_FORTIFY_SOURCE=2 -Wformat -Werror=format-security   -ffile-prefix-map=/home/runner/work/x25-airplay-receiver/x25-airplay-receiver/app/src/main/cpp=. -ffile-prefix-map=/home/runner/work/x25-airplay-receiver/x25-airplay-receiver/app/.cxx/RelWithDebInfo/416841uv/x86_64=. -ffile-prefix-map=/usr/local/lib/android/sdk/ndk/27.0.12077973=. -Qunused-arguments -MMD -MF crypto/x509/libcrypto-shlib-v3_ia5.d.tmp -c -o crypto/x509/libcrypto-shlib-v3_ia5.o crypto/x509/v3_ia5.c
C/C++: In file included from /home/runner/work/x25-airplay-receiver/x25-airplay-receiver/app/.cxx/RelWithDebInfo/416841uv/x86_64/<built-in>:399:
C/C++: /home/runner/work/x25-airplay-receiver/x25-airplay-receiver/app/.cxx/RelWithDebInfo/416841uv/x86_64/<command line>:30:9: warning: '__ANDROID_API__' macro redefined [-Wmacro-redefined]
C/C++:    30 | #define __ANDROID_API__ 24
C/C++:       |         ^
C/C++: /home/runner/work/x25-airplay-receiver/x25-airplay-receiver/app/.cxx/RelWithDebInfo/416841uv/x86_64/<built-in>:391:9: note: previous definition is here
C/C++:   391 | #define __ANDROID_API__ __ANDROID_MIN_SDK_VERSION__
C/C++:       |         ^
C/C++: In file included from /home/runner/work/x25-airplay-receiver/x25-airplay-receiver/app/.cxx/RelWithDebInfo/416841uv/x86_64/<built-in>:399:
C/C++: /home/runner/work/x25-airplay-receiver/x25-airplay-receiver/app/.cxx/RelWithDebInfo/416841uv/x86_64/<command line>:30:9: warning: '__ANDROID_API__' macro redefined [-Wmacro-redefined]
C/C++:    30 | #define __ANDROID_API__ 24
C/C++:       |         ^
C/C++: /home/runner/work/x25-airplay-receiver/x25-airplay-receiver/app/.cxx/RelWithDebInfo/416841uv/x86_64/<built-in>:391:9: note: previous definition is here
C/C++:   391 | #define __ANDROID_API__ __ANDROID_MIN_SDK_VERSION__
C/C++:       |         ^
C/C++: 1 warning generated.
C/C++: In file included from /home/runner/work/x25-airplay-receiver/x25-airplay-receiver/app/.cxx/RelWithDebInfo/416841uv/x86_64/<built-in>:399:
C/C++: /home/runner/work/x25-airplay-receiver/x25-airplay-receiver/app/.cxx/RelWithDebInfo/416841uv/x86_64/<command line>:30:9: warning: '__ANDROID_API__' macro redefined [-Wmacro-redefined]
C/C++:    30 | #define __ANDROID_API__ 24
C/C++:       |         ^
C/C++: /home/runner/work/x25-airplay-receiver/x25-airplay-receiver/app/.cxx/RelWithDebInfo/416841uv/x86_64/<built-in>:391:9: note: previous definition is here
C/C++:   391 | #define __ANDROID_API__ __ANDROID_MIN_SDK_VERSION__
C/C++:       |         ^
C/C++: 1 warning generated.
C/C++: In file included from /home/runner/work/x25-airplay-receiver/x25-airplay-receiver/app/.cxx/RelWithDebInfo/416841uv/x86_64/<built-in>:399:
C/C++: /home/runner/work/x25-airplay-receiver/x25-airplay-receiver/app/.cxx/RelWithDebInfo/416841uv/x86_64/<command line>:30:9: warning: '__ANDROID_API__' macro redefined [-Wmacro-redefined]
C/C++:    30 | #define __ANDROID_API__ 24
C/C++:       |         ^
C/C++: /home/runner/work/x25-airplay-receiver/x25-airplay-receiver/app/.cxx/RelWithDebInfo/416841uv/x86_64/<built-in>:391:9: note: previous definition is here
C/C++:   391 | #define __ANDROID_API__ __ANDROID_MIN_SDK_VERSION__
C/C++:       |         ^
C/C++: x86_64-linux-android24-clang  -I. -Iinclude -Iproviders/common/include -Iproviders/implementations/include  -DAES_ASM -DBSAES_ASM -DECP_NISTZ256_ASM -DGHASH_ASM -DKECCAK1600_ASM -DMD5_ASM -DOPENSSL_BN_ASM_GF2m -DOPENSSL_BN_ASM_MONT -DOPENSSL_BN_ASM_MONT5 -DOPENSSL_CPUID_OBJ -DOPENSSL_IA32_SSE2 -DPOLY1305_ASM -DSHA1_ASM -DSHA256_ASM -DSHA512_ASM -DSTATIC_LEGACY -DVPAES_ASM -DWHIRLPOOL_ASM -DX25519_ASM -fPIC -pthread -Wa,--noexecstack -Qunused-arguments -g -DANDROID -fdata-sections -ffunction-sections -funwind-tables -fstack-protector-strong -no-canonical-prefixes -D__BIONIC_NO_PAGE_SIZE_MACRO -D_FORTIFY_SOURCE=2 -Wformat -Werror=format-security  -ffile-prefix-map=/home/runner/work/x25-airplay-receiver/x25-airplay-receiver/app/src/main/cpp=. -ffile-prefix-map=/home/runner/work/x25-airplay-receiver/x25-airplay-receiver/app/.cxx/RelWithDebInfo/416841uv/x86_64=. -ffile-prefix-map=/usr/local/lib/android/sdk/ndk/27.0.12077973=. -Qunused-arguments -DOPENSSL_USE_NODELETE -DOPENSSL_PIC -DOPENSSLDIR="\"/usr/local/ssl\"" -DENGINESDIR="\"/usr/local/lib/engines-3\"" -DMODULESDIR="\"/usr/local/lib/ossl-modules\"" -DOPENSSL_BUILDING_OPENSSL -DNDEBUG -D__ANDROID_API__=24 -g -DANDROID -fdata-sections -ffunction-sections -funwind-tables -fstack-protector-strong -no-canonical-prefixes -D__BIONIC_NO_PAGE_SIZE_MACRO -D_FORTIFY_SOURCE=2 -Wformat -Werror=format-security   -ffile-prefix-map=/home/runner/work/x25-airplay-receiver/x25-airplay-receiver/app/src/main/cpp=. -ffile-prefix-map=/home/runner/work/x25-airplay-receiver/x25-airplay-receiver/app/.cxx/RelWithDebInfo/416841uv/x86_64=. -ffile-prefix-map=/usr/local/lib/android/sdk/ndk/27.0.12077973=. -Qunused-arguments -MMD -MF crypto/x509/libcrypto-shlib-v3_iobo.d.tmp -c -o crypto/x509/libcrypto-shlib-v3_iobo.o crypto/x509/v3_iobo.c
C/C++: In file included from /home/runner/work/x25-airplay-receiver/x25-airplay-receiver/app/.cxx/RelWithDebInfo/416841uv/x86_64/<built-in>:399:
C/C++: /home/runner/work/x25-airplay-receiver/x25-airplay-receiver/app/.cxx/RelWithDebInfo/416841uv/x86_64/<command line>:30:9: warning: '__ANDROID_API__' macro redefined [-Wmacro-redefined]
C/C++:    30 | #define __ANDROID_API__ 24
C/C++:       |         ^
C/C++: /home/runner/work/x25-airplay-receiver/x25-airplay-receiver/app/.cxx/RelWithDebInfo/416841uv/x86_64/<built-in>:391:9: note: previous definition is here
C/C++:   391 | #define __ANDROID_API__ __ANDROID_MIN_SDK_VERSION__
C/C++:       |         ^
C/C++: In file included from /home/runner/work/x25-airplay-receiver/x25-airplay-receiver/app/.cxx/RelWithDebInfo/416841uv/x86_64/<built-in>:399:
C/C++: /home/runner/work/x25-airplay-receiver/x25-airplay-receiver/app/.cxx/RelWithDebInfo/416841uv/x86_64/<command line>:30:9: warning: '__ANDROID_API__' macro redefined [-Wmacro-redefined]
C/C++:    30 | #define __ANDROID_API__ 24
C/C++:       |         ^
C/C++: /home/runner/work/x25-airplay-receiver/x25-airplay-receiver/app/.cxx/RelWithDebInfo/416841uv/x86_64/<built-in>:391:9: note: previous definition is here
C/C++:   391 | #define __ANDROID_API__ __ANDROID_MIN_SDK_VERSION__
C/C++:       |         ^
C/C++: 1 warning generated.
C/C++: In file included from /home/runner/work/x25-airplay-receiver/x25-airplay-receiver/app/.cxx/RelWithDebInfo/416841uv/x86_64/<built-in>:399:
C/C++: /home/runner/work/x25-airplay-receiver/x25-airplay-receiver/app/.cxx/RelWithDebInfo/416841uv/x86_64/<command line>:30:9: warning: '__ANDROID_API__' macro redefined [-Wmacro-redefined]
C/C++:    30 | #define __ANDROID_API__ 24
C/C++:       |         ^
C/C++: /home/runner/work/x25-airplay-receiver/x25-airplay-receiver/app/.cxx/RelWithDebInfo/416841uv/x86_64/<built-in>:391:9: note: previous definition is here
C/C++:   391 | #define __ANDROID_API__ __ANDROID_MIN_SDK_VERSION__
C/C++:       |         ^
C/C++: 11 warning generated.
C/C++: In file included from /home/runner/work/x25-airplay-receiver/x25-airplay-receiver/app/.cxx/RelWithDebInfo/416841uv/x86_64/In file included from <built-in>:399:
C/C++: /home/runner/work/x25-airplay-receiver/x25-airplay-receiver/app/.cxx/RelWithDebInfo/416841uv/x86_64/<command line>:30:9: warning: '__ANDROID_API__' macro redefined [-Wmacro-redefined]
C/C++: <built-in>:399   30 | #define __ANDROID_API__ 24
C/C++:       |         ^
C/C++: :
C/C++: /home/runner/work/x25-airplay-receiver/x25-airplay-receiver/app/.cxx/RelWithDebInfo/416841uv/x86_64/<built-in><command line>:30:9: warning: '__ANDROID_API__' macro redefined [-Wmacro-redefined]
C/C++: :391:9   30 | #define __ANDROID_API__ 24
C/C++:       |         ^
C/C++: /home/runner/work/x25-airplay-receiver/x25-airplay-receiver/app/.cxx/RelWithDebInfo/416841uv/x86_64/:<built-in>:391:9: note: previous definition is here
C/C++:    391 | #define __ANDROID_API__ __ANDROID_MIN_SDK_VERSION__
C/C++:       |         ^
C/C++: note: previous definition is here
C/C++:   391 | #define __ANDROID_API__ __ANDROID_MIN_SDK_VERSION__
C/C++:       |         ^
C/C++: In file included from /home/runner/work/x25-airplay-receiver/x25-airplay-receiver/app/.cxx/RelWithDebInfo/416841uv/x86_64/<built-in>:399:
C/C++: /home/runner/work/x25-airplay-receiver/x25-airplay-receiver/app/.cxx/RelWithDebInfo/416841uv/x86_64/<command line>:30:9: warning: '__ANDROID_API__' macro redefined [-Wmacro-redefined]
C/C++:    30 | #define __ANDROID_API__ 24
C/C++:       |         ^
C/C++: /home/runner/work/x25-airplay-receiver/x25-airplay-receiver/app/.cxx/RelWithDebInfo/416841uv/x86_64/<built-in>:391:9: note: previous definition is here
C/C++:   391 | #define __ANDROID_API__ __ANDROID_MIN_SDK_VERSION__
C/C++:       |         ^
C/C++: 1 warning generated.
C/C++: In file included from /home/runner/work/x25-airplay-receiver/x25-airplay-receiver/app/.cxx/RelWithDebInfo/416841uv/x86_64/<built-in>:399:
C/C++: /home/runner/work/x25-airplay-receiver/x25-airplay-receiver/app/.cxx/RelWithDebInfo/416841uv/x86_64/<command line>:30:9: warning: '__ANDROID_API__' macro redefined [-Wmacro-redefined]
C/C++:    30 | #define __ANDROID_API__ 24
C/C++:       |         ^
C/C++: /home/runner/work/x25-airplay-receiver/x25-airplay-receiver/app/.cxx/RelWithDebInfo/416841uv/x86_64/<built-in>:391:9: note: previous definition is here
C/C++:   391 | #define __ANDROID_API__ __ANDROID_MIN_SDK_VERSION__
C/C++:       |         ^
C/C++: 1 warning generated.
C/C++: In file included from /home/runner/work/x25-airplay-receiver/x25-airplay-receiver/app/.cxx/RelWithDebInfo/416841uv/x86_64/<built-in>:399:
C/C++: /home/runner/work/x25-airplay-receiver/x25-airplay-receiver/app/.cxx/RelWithDebInfo/416841uv/x86_64/<command line>:30:9: warning: '__ANDROID_API__' macro redefined [-Wmacro-redefined]
C/C++:    30 | #define __ANDROID_API__ 24
C/C++:       |         ^
C/C++: /home/runner/work/x25-airplay-receiver/x25-airplay-receiver/app/.cxx/RelWithDebInfo/416841uv/x86_64/<built-in>:391:9: note: previous definition is here
C/C++:   391 | #define __ANDROID_API__ __ANDROID_MIN_SDK_VERSION__
C/C++:       |         ^
C/C++: x86_64-linux-android24-clang  -I. -Iinclude -Iproviders/common/include -Iproviders/implementations/include  -DAES_ASM -DBSAES_ASM -DECP_NISTZ256_ASM -DGHASH_ASM -DKECCAK1600_ASM -DMD5_ASM -DOPENSSL_BN_ASM_GF2m -DOPENSSL_BN_ASM_MONT -DOPENSSL_BN_ASM_MONT5 -DOPENSSL_CPUID_OBJ -DOPENSSL_IA32_SSE2 -DPOLY1305_ASM -DSHA1_ASM -DSHA256_ASM -DSHA512_ASM -DSTATIC_LEGACY -DVPAES_ASM -DWHIRLPOOL_ASM -DX25519_ASM -fPIC -pthread -Wa,--noexecstack -Qunused-arguments -g -DANDROID -fdata-sections -ffunction-sections -funwind-tables -fstack-protector-strong -no-canonical-prefixes -D__BIONIC_NO_PAGE_SIZE_MACRO -D_FORTIFY_SOURCE=2 -Wformat -Werror=format-security  -ffile-prefix-map=/home/runner/work/x25-airplay-receiver/x25-airplay-receiver/app/src/main/cpp=. -ffile-prefix-map=/home/runner/work/x25-airplay-receiver/x25-airplay-receiver/app/.cxx/RelWithDebInfo/416841uv/x86_64=. -ffile-prefix-map=/usr/local/lib/android/sdk/ndk/27.0.12077973=. -Qunused-arguments -DOPENSSL_USE_NODELETE -DOPENSSL_PIC -DOPENSSLDIR="\"/usr/local/ssl\"" -DENGINESDIR="\"/usr/local/lib/engines-3\"" -DMODULESDIR="\"/usr/local/lib/ossl-modules\"" -DOPENSSL_BUILDING_OPENSSL -DNDEBUG -D__ANDROID_API__=24 -g -DANDROID -fdata-sections -ffunction-sections -funwind-tables -fstack-protector-strong -no-canonical-prefixes -D__BIONIC_NO_PAGE_SIZE_MACRO -D_FORTIFY_SOURCE=2 -Wformat -Werror=format-security   -ffile-prefix-map=/home/runner/work/x25-airplay-receiver/x25-airplay-receiver/app/src/main/cpp=. -ffile-prefix-map=/home/runner/work/x25-airplay-receiver/x25-airplay-receiver/app/.cxx/RelWithDebInfo/416841uv/x86_64=. -ffile-prefix-map=/usr/local/lib/android/sdk/ndk/27.0.12077973=. -Qunused-arguments -MMD -MF crypto/x509/libcrypto-shlib-v3_pcia.d.tmp -c -o crypto/x509/libcrypto-shlib-v3_pcia.o crypto/x509/v3_pcia.c
C/C++: 1 warning generated.
C/C++: In file included from /home/runner/work/x25-airplay-receiver/x25-airplay-receiver/app/.cxx/RelWithDebInfo/416841uv/x86_64/<built-in>:399:
C/C++: /home/runner/work/x25-airplay-receiver/x25-airplay-receiver/app/.cxx/RelWithDebInfo/416841uv/x86_64/<command line>:30:9: warning: '__ANDROID_API__' macro redefined [-Wmacro-redefined]
C/C++:    30 | #define __ANDROID_API__ 24
C/C++:       |         ^
C/C++: /home/runner/work/x25-airplay-receiver/x25-airplay-receiver/app/.cxx/RelWithDebInfo/416841uv/x86_64/<built-in>:391:9: note: previous definition is here
C/C++:   391 | #define __ANDROID_API__ __ANDROID_MIN_SDK_VERSION__
C/C++:       |         ^
C/C++: x86_64-linux-android24-clang  -I. -Iinclude -Iproviders/common/include -Iproviders/implementations/include  -DAES_ASM -DBSAES_ASM -DECP_NISTZ256_ASM -DGHASH_ASM -DKECCAK1600_ASM -DMD5_ASM -DOPENSSL_BN_ASM_GF2m -DOPENSSL_BN_ASM_MONT -DOPENSSL_BN_ASM_MONT5 -DOPENSSL_CPUID_OBJ -DOPENSSL_IA32_SSE2 -DPOLY1305_ASM -DSHA1_ASM -DSHA256_ASM -DSHA512_ASM -DSTATIC_LEGACY -DVPAES_ASM -DWHIRLPOOL_ASM -DX25519_ASM -fPIC -pthread -Wa,--noexecstack -Qunused-arguments -g -DANDROID -fdata-sections -ffunction-sections -funwind-tables -fstack-protector-strong -no-canonical-prefixes -D__BIONIC_NO_PAGE_SIZE_MACRO -D_FORTIFY_SOURCE=2 -Wformat -Werror=format-security  -ffile-prefix-map=/home/runner/work/x25-airplay-receiver/x25-airplay-receiver/app/src/main/cpp=. -ffile-prefix-map=/home/runner/work/x25-airplay-receiver/x25-airplay-receiver/app/.cxx/RelWithDebInfo/416841uv/x86_64=. -ffile-prefix-map=/usr/local/lib/android/sdk/ndk/27.0.12077973=. -Qunused-arguments -DOPENSSL_USE_NODELETE -DOPENSSL_PIC -DOPENSSLDIR="\"/usr/local/ssl\"" -DENGINESDIR="\"/usr/local/lib/engines-3\"" -DMODULESDIR="\"/usr/local/lib/ossl-modules\"" -DOPENSSL_BUILDING_OPENSSL -DNDEBUG -D__ANDROID_API__=24 -g -DANDROID -fdata-sections -ffunction-sections -funwind-tables -fstack-protector-strong -no-canonical-prefixes -D__BIONIC_NO_PAGE_SIZE_MACRO -D_FORTIFY_SOURCE=2 -Wformat -Werror=format-security   -ffile-prefix-map=/home/runner/work/x25-airplay-receiver/x25-airplay-receiver/app/src/main/cpp=. -ffile-prefix-map=/home/runner/work/x25-airplay-receiver/x25-airplay-receiver/app/.cxx/RelWithDebInfo/416841uv/x86_64=. -ffile-prefix-map=/usr/local/lib/android/sdk/ndk/27.0.12077973=. -Qunused-arguments -MMD -MF crypto/x509/libcrypto-shlib-v3_pcons.d.tmp -c -o crypto/x509/libcrypto-shlib-v3_pcons.o crypto/x509/v3_pcons.c
C/C++: In file included from /home/runner/work/x25-airplay-receiver/x25-airplay-receiver/app/.cxx/RelWithDebInfo/416841uv/x86_64/<built-in>:399:
C/C++: /home/runner/work/x25-airplay-receiver/x25-airplay-receiver/app/.cxx/RelWithDebInfo/416841uv/x86_64/<command line>:30:9: warning: '__ANDROID_API__' macro redefined [-Wmacro-redefined]
C/C++:    30 | #define __ANDROID_API__ 24
C/C++:       |         ^
C/C++: /home/runner/work/x25-airplay-receiver/x25-airplay-receiver/app/.cxx/RelWithDebInfo/416841uv/x86_64/<built-in>:391:9: note: previous definition is here
C/C++:   391 | #define __ANDROID_API__ __ANDROID_MIN_SDK_VERSION__
C/C++:       |         ^
C/C++: 1 warning generated.
C/C++: In file included from /home/runner/work/x25-airplay-receiver/x25-airplay-receiver/app/.cxx/RelWithDebInfo/416841uv/x86_64/<built-in>:399:
C/C++: /home/runner/work/x25-airplay-receiver/x25-airplay-receiver/app/.cxx/RelWithDebInfo/416841uv/x86_64/<command line>:30:9: warning: '__ANDROID_API__' macro redefined [-Wmacro-redefined]
C/C++:    30 | #define __ANDROID_API__ 24
C/C++:       |         ^
C/C++: /home/runner/work/x25-airplay-receiver/x25-airplay-receiver/app/.cxx/RelWithDebInfo/416841uv/x86_64/<built-in>:391:9: note: previous definition is here
C/C++:   391 | #define __ANDROID_API__ __ANDROID_MIN_SDK_VERSION__
C/C++:       |         ^
C/C++: 1 warning generated.
C/C++: In file included from /home/runner/work/x25-airplay-receiver/x25-airplay-receiver/app/.cxx/RelWithDebInfo/416841uv/x86_64/<built-in>:399:
C/C++: /home/runner/work/x25-airplay-receiver/x25-airplay-receiver/app/.cxx/RelWithDebInfo/416841uv/x86_64/<command line>:30:9: warning: '__ANDROID_API__' macro redefined [-Wmacro-redefined]
C/C++:    30 | #define __ANDROID_API__ 24
C/C++:       |         ^
C/C++: /home/runner/work/x25-airplay-receiver/x25-airplay-receiver/app/.cxx/RelWithDebInfo/416841uv/x86_64/<built-in>:391:9: note: previous definition is here
C/C++:   391 | #define __ANDROID_API__ __ANDRIn file included from <built-in>:399:
C/C++: /home/runner/work/x25-airplay-receiver/x25-airplay-receiver/app/.cxx/RelWithDebInfo/416841uv/x86_64/<command line>:30:9: warning: '__ANDROID_API__' macro redefined [-Wmacro-redefined]
C/C++: OID_   MIN_SDK_VERSION__
C/C++:       |         ^
C/C++: 30 | #define __ANDROID_API__ 24
C/C++:       |         ^
C/C++: /home/runner/work/x25-airplay-receiver/x25-airplay-receiver/app/.cxx/RelWithDebInfo/416841uv/x86_64/<built-in>:391:9: note: previous definition is here
C/C++:   391 | #define __ANDROID_API__ __ANDROID_MIN_SDK_VERSION__
C/C++:       |         ^
C/C++: 1 warning generated.
C/C++: In file included from /home/runner/work/x25-airplay-receiver/x25-airplay-receiver/app/.cxx/RelWithDebInfo/416841uv/x86_64/<built-in>:399:
C/C++: /home/runner/work/x25-airplay-receiver/x25-airplay-receiver/app/.cxx/RelWithDebInfo/416841uv/x86_64/<command line>:30:9: warning: '__ANDROID_API__' macro redefined [-Wmacro-redefined]
C/C++:    30 | #define __ANDROID_API__ 24
C/C++:       |         ^
C/C++: /home/runner/work/x25-airplay-receiver/x25-airplay-receiver/app/.cxx/RelWithDebInfo/416841uv/x86_64/<built-in>:391:9: note: previous definition is here
C/C++:   391 | #define __ANDROID_API__ __ANDROID_MIN_SDK_VERSION__
C/C++:       |         ^
C/C++: 1 warning generated.
C/C++: In file included from /home/runner/work/x25-airplay-receiver/x25-airplay-receiver/app/.cxx/RelWithDebInfo/416841uv/x86_64/<built-in>:399:
C/C++: /home/runner/work/x25-airplay-receiver/x25-airplay-receiver/app/.cxx/RelWithDebInfo/416841uv/x86_64/<command line>:30:9: warning: '__ANDROID_API__' macro redefined [-Wmacro-redefined]
C/C++:    30 | #define __ANDROID_API__ 24
C/C++:       |         ^
C/C++: /home/runner/work/x25-airplay-receiver/x25-airplay-receiver/app/.cxx/RelWithDebInfo/416841uv/x86_64/<built-in>:391:9: note: previous definition is here
C/C++:   391 | #define __ANDROID_API__ __ANDROID_MIN_SDK_VERSION__
C/C++:       |         ^
C/C++: 1 warning generated.
C/C++: In file included from /home/runner/work/x25-airplay-receiver/x25-airplay-receiver/app/.cxx/RelWithDebInfo/416841uv/x86_64/<built-in>:399:
C/C++: /home/runner/work/x25-airplay-receiver/x25-airplay-receiver/app/.cxx/RelWithDebInfo/416841uv/x86_64/<command line>:30:9: warning: '__ANDROID_API__' macro redefined [-Wmacro-redefined]
C/C++: In file included from /home/runner/work/x25-airplay-receiver/x25-airplay-receiver/app/.cxx/RelWithDebInfo/416841uv/x86_64/<built-in>:399:
C/C++: /home/runner/work/x25-airplay-receiver/x25-airplay-receiver/app/.cxx/RelWithDebInfo/416841uv/x86_64/<command line>:30:9: warning: '__ANDROID_API__' macro redefined [-Wmacro-redefined]
C/C++:    30 | #defi   n30e  | _#_dAeNDfRiOInDe_ A_P_IA_N_D R2O4I
C/C++: D      _| A        ^P
C/C++: I__ 24
C/C++:       | <built-in>        ^:
C/C++: 391:9: note: previous definition is here
C/C++: <built-in>  :391391 | :#9d:e fnote: iprevious definition is heren
C/C++: e __ANDROID  391_ | #AdPeIf_i_n _e_ A_N_DARNODIRDOI_D_MAIPNI___S _D_KA_NDVREROSIIODN__M_I
C/C++: N      _| S        ^D
C/C++: K_VERSION__
C/C++:       |         ^
C/C++: 1 warning generated.
C/C++: In file included from /home/runner/work/x25-airplay-receiver/x25-airplay-receiver/app/.cxx/RelWithDebInfo/416841uv/x86_64/<built-in>:399:
C/C++: /home/runner/work/x25-airplay-receiver/x25-airplay-receiver/app/.cxx/RelWithDebInfo/416841uv/x86_64/<command line>:30:9: warning: '__ANDROID_API__' macro redefined [-Wmacro-redefined]
C/C++:    30 | #define __ANDROID_API__ 24
C/C++:       |         ^
C/C++: /home/runner/work/x25-airplay-receiver/x25-airplay-receiver/app/.cxx/RelWithDebInfo/416841uv/x86_64/<built-in>:391:9: note: previous definition is here
C/C++:   391 | #define __ANDROID_API__ __ANDROID_MIN_SDK_VERSION__
C/C++:       |         ^
C/C++: In file included from /home/runner/work/x25-airplay-receiver/x25-airplay-receiver/app/.cxx/RelWithDebInfo/416841uv/x86_64/<built-in>:399:
C/C++: /home/runner/work/x25-airplay-receiver/x25-airplay-receiver/app/.cxx/RelWithDebInfo/416841uv/x86_64/<command line>:30:9: warning: '__ANDROID_API__' macro redefined [-Wmacro-redefined]
C/C++:    30 | #define __ANDROID_API__ 24
C/C++:       |         ^
C/C++: /home/runner/work/x25-airplay-receiver/x25-airplay-receiver/app/.cxx/RelWithDebInfo/416841uv/x86_64/<built-in>:391:9: note: previous definition is here
C/C++:   391 | #define __ANDROID_API__ __ANDROID_MIN_SDK_VERSION__
C/C++:       |         ^
C/C++: 1 warning generated.
C/C++: In file included from /home/runner/work/x25-airplay-receiver/x25-airplay-receiver/app/.cxx/RelWithDebInfo/416841uv/x86_64/<built-in>:399:
C/C++: /home/runner/work/x25-airplay-receiver/x25-airplay-receiver/app/.cxx/RelWithDebInfo/416841uv/x86_64/<command line>:30:9: warning: '__ANDROID_API__' macro redefined [-Wmacro-redefined]
C/C++: In file included from    <built-in>30: | 399#d:
C/C++: ef<command line>in:e30 :_9_:A Nwarning: D'__ANDROID_API__' macro redefined [-Wmacro-redefined]RO
C/C++: ID_API__ 24
C/C++:       |         ^
C/C++: /home/runner/work/x25-airplay-receiver/x25-airplay-receiver/app/.cxx/RelWithDebInfo/416841uv/x86_64/<built-in>:391:9: note: previous definition is here
C/C++:      30391 |  | ##dedfeifnien e ____AANNDDRROOIIDD__APAIP_I__ __ _2A4N
C/C++: D      R| O        ^I
C/C++: D_MIN_SDK_VERS<built-in>I:O391N:_9_:
C/C++:        | note:         ^
C/C++: previous definition is here
C/C++:   391 | #define __ANDROID_API__ __ANDROID_MIN_SDK_VERSION__
C/C++:       |         ^
C/C++: 1 warning generated.
C/C++: In file included from /home/runner/work/x25-airplay-receiver/x25-airplay-receiver/app/.cxx/RelWithDebInfo/416841uv/x86_64/<built-in>:399:
C/C++: /home/runner/work/x25-airplay-receiver/x25-airplay-receiver/app/.cxx/RelWithDebInfo/416841uv/x86_64/<command line>:30:9: warning: '__ANDROID_API__' macro redefined [-Wmacro-redefined]
C/C++:    30 | #define __ANDROID_API__ 24
C/C++:       |         ^
C/C++: /home/runner/work/x25-airplay-receiver/x25-airplay-receiver/app/.cxx/RelWithDebInfo/416841uv/x86_64/<built-in>:391:9: note: previous definition is here
C/C++:   391 | #define __ANDROID_API__ __ANDROID_MIN_SDK_VERSION__
C/C++:       |         ^
C/C++: In file included from /home/runner/work/x25-airplay-receiver/x25-airplay-receiver/app/.cxx/RelWithDebInfo/416841uv/x86_64/<built-in>:399:
C/C++: /home/runner/work/x25-airplay-receiver/x25-airplay-receiver/app/.cxx/RelWithDebInfo/416841uv/x86_64/<command line>:30:9: warning: '__ANDROID_API__' macro redefined [-Wmacro-redefined]
C/C++:    30 | #define __ANDROID_API__ 24
C/C++:       |         ^
C/C++: /home/runner/work/x25-airplay-receiver/x25-airplay-receiver/app/.cxx/RelWithDebInfo/416841uv/x86_64/<built-in>:391:9: note: previous definition is here
C/C++:   391 | #define __ANDROID_API__ __ANDROID_MIN_SDK_VERSION__
C/C++:       |         ^
C/C++: 1 warning generated.
C/C++: In file included from /home/runner/work/x25-airplay-receiver/x25-airplay-receiver/app/.cxx/RelWithDebInfo/416841uv/x86_64/<built-in>:399:
C/C++: /home/runner/work/x25-airplay-receiver/x25-airplay-receiver/app/.cxx/RelWithDebInfo/416841uv/x86_64/<command line>:30:9: warning: '__ANDROID_API__' macro redefined [-Wmacro-redefined]
C/C++:    30 | #define __ANDROID_API__ 24
C/C++:       |         ^
C/C++: /home/runner/work/x25-airplay-receiver/x25-airplay-receiver/app/.cxx/RelWithDebInfo/416841uv/x86_64/<built-in>:391:9: note: previous definition is here
C/C++:   391 | #define __ANDROID_API__ __ANDROID_MIN_SDK_VERSION__
C/C++:       |         ^
C/C++: In file included from /home/runner/work/x25-airplay-receiver/x25-airplay-receiver/app/.cxx/RelWithDebInfo/416841uv/x86_64/<built-in>:399:
C/C++: /home/runner/work/x25-airplay-receiver/x25-airplay-receiver/app/.cxx/RelWithDebInfo/416841uv/x86_64/<command line>:30:9: warning: '__ANDROID_API__' macro redefined [-Wmacro-redefined]
C/C++:    30 | #define __ANDROID_API__ 24
C/C++:       |         ^
C/C++: /home/runner/work/x25-airplay-receiver/x25-airplay-receiver/app/.cxx/RelWithDebInfo/416841uv/x86_64/<built-in>:391:9: note: previous definition is here
C/C++:   391 | #define __ANDROID_API__ __ANDROID_MIN_SDK_VERSION__
C/C++:       |         ^
C/C++: 1 warning generated.
C/C++: In file included from /home/runner/work/x25-airplay-receiver/x25-airplay-receiver/app/.cxx/RelWithDebInfo/416841uv/x86_64/<built-in>:399:
C/C++: /home/runner/work/x25-airplay-receiver/x25-airplay-receiver/app/.cxx/RelWithDebInfo/416841uv/x86_64/<command line>:30:9: warning: '__ANDROID_API__' macro redefined [-Wmacro-redefined]
C/C++:    30 | #define __ANDROID_API__ 24
C/C++:       |         ^
C/C++: /home/runner/work/x25-airplay-receiver/x25-airplay-receiver/app/.cxx/RelWithDebInfo/416841uv/x86_64/<built-in>:391:9: note: previous definition is here
C/C++:   391 | #define __ANDROID_API__ __ANDROID_MIN_SDK_VERSION__
C/C++:       |         ^
C/C++: 1 warning generated.
C/C++: In file included from /home/runner/work/x25-airplay-receiver/x25-airplay-receiver/app/.cxx/RelWithDebInfo/416841uv/x86_64/<built-in>:399:
C/C++: /home/runner/work/x25-airplay-receiver/x25-airplay-receiver/app/.cxx/RelWithDebInfo/416841uv/x86_64/<command line>:30:9: warning: '__ANDROID_API__' macro redefined [-Wmacro-redefined]
C/C++:    30 | #define __ANDROID_API__ 24
C/C++:       |         ^
C/C++: /home/runner/work/x25-airplay-receiver/x25-airplay-receiver/app/.cxx/RelWithDebInfo/416841uv/x86_64/<built-in>:391:9: note: previous definition is here
C/C++:   391 | #define __ANDROID_API__ __ANDROID_MIN_SDK_VERSION__
C/C++:       |         ^
C/C++: In file included from /home/runner/work/x25-airplay-receiver/x25-airplay-receiver/app/.cxx/RelWithDebInfo/416841uv/x86_64/<built-in>:399:
C/C++: /home/runner/work/x25-airplay-receiver/x25-airplay-receiver/app/.cxx/RelWithDebInfo/416841uv/x86_64/<command line>:30:9: warning: '__ANDROID_API__' macro redefined [-Wmacro-redefined]
C/C++:    30 | #define __ANDROID_API__ 24
C/C++:       |         ^
C/C++: /home/runner/work/x25-airplay-receiver/x25-airplay-receiver/app/.cxx/RelWithDebInfo/416841uv/x86_64/<built-in>:391:9: note: previous definition is here
C/C++:   391 | #define __ANDROID_API__ __ANDROID_MIN_SDK_VERSION__
C/C++:       |         ^
C/C++: 1 warning generated.
C/C++: In file included from /home/runner/work/x25-airplay-receiver/x25-airplay-receiver/app/.cxx/RelWithDebInfo/416841uv/x86_64/<built-in>:399:
C/C++: /home/runner/work/x25-airplay-receiver/x25-airplay-receiver/app/.cxx/RelWithDebInfo/416841uv/x86_64/<command line>:30:9: warning: '__ANDROID_API__' macro redefined [-Wmacro-redefined]
C/C++:    30 | #define __ANDROID_API__ 24
C/C++:       |         ^
C/C++: /home/runner/work/x25-airplay-receiver/x25-airplay-receiver/app/.cxx/RelWithDebInfo/416841uv/x86_64/<built-in>:391:9: note: previous definition is here
C/C++:   391 | #define __ANDROID_API__ __ANDROID_MIN_SDK_VERSION__
C/C++:       |         ^
C/C++: 1 warning generated.
C/C++: In file included from /home/runner/work/x25-airplay-receiver/x25-airplay-receiver/app/.cxx/RelWithDebInfo/416841uv/x86_64/<built-in>:399:
C/C++: /home/runner/work/x25-airplay-receiver/x25-airplay-receiver/app/.cxx/RelWithDebInfo/416841uv/x86_64/<command line>:30:9: warning: '__ANDROID_API__' macro redefined [-Wmacro-redefined]
C/C++:    30 | #define __ANDROID_API__ 24
C/C++:       |         ^
C/C++: /home/runner/work/x25-airplay-receiver/x25-airplay-receiver/app/.cxx/RelWithDebInfo/416841uv/x86_64/<built-in>:391:9: note: previous definition is here
C/C++:   391 | #define __ANDROID_API__ __ANDROID_MIN_SDK_VERSION__
C/C++:       |         ^
C/C++: x86_64-linux-android24-clang  -I. -Iinclude -Iproviders/common/include -Iproviders/implementations/include  -DAES_ASM -DBSAES_ASM -DECP_NISTZ256_ASM -DGHASH_ASM -DKECCAK1600_ASM -DMD5_ASM -DOPENSSL_BN_ASM_GF2m -DOPENSSL_BN_ASM_MONT -DOPENSSL_BN_ASM_MONT5 -DOPENSSL_CPUID_OBJ -DOPENSSL_IA32_SSE2 -DPOLY1305_ASM -DSHA1_ASM -DSHA256_ASM -DSHA512_ASM -DSTATIC_LEGACY -DVPAES_ASM -DWHIRLPOOL_ASM -DX25519_ASM -fPIC -pthread -Wa,--noexecstack -Qunused-arguments -g -DANDROID -fdata-sections -ffunction-sections -funwind-tables -fstack-protector-strong -no-canonical-prefixes -D__BIONIC_NO_PAGE_SIZE_MACRO -D_FORTIFY_SOURCE=2 -Wformat -Werror=format-security  -ffile-prefix-map=/home/runner/work/x25-airplay-receiver/x25-airplay-receiver/app/src/main/cpp=. -ffile-prefix-map=/home/runner/work/x25-airplay-receiver/x25-airplay-receiver/app/.cxx/RelWithDebInfo/416841uv/x86_64=. -ffile-prefix-map=/usr/local/lib/android/sdk/ndk/27.0.12077973=. -Qunused-arguments -DOPENSSL_USE_NODELETE -DOPENSSL_PIC -DOPENSSLDIR="\"/usr/local/ssl\"" -DENGINESDIR="\"/usr/local/lib/engines-3\"" -DMODULESDIR="\"/usr/local/lib/ossl-modules\"" -DOPENSSL_BUILDING_OPENSSL -DNDEBUG -D__ANDROID_API__=24 -g -DANDROID -fdata-sections -ffunction-sections -funwind-tables -fstack-protector-strong -no-canonical-prefixes -D__BIONIC_NO_PAGE_SIZE_MACRO -D_FORTIFY_SOURCE=2 -Wformat -Werror=format-security   -ffile-prefix-map=/home/runner/work/x25-airplay-receiver/x25-airplay-receiver/app/src/main/cpp=. -ffile-prefix-map=/home/runner/work/x25-airplay-receiver/x25-airplay-receiver/app/.cxx/RelWithDebInfo/416841uv/x86_64=. -ffile-prefix-map=/usr/local/lib/android/sdk/ndk/27.0.12077973=. -Qunused-arguments -MMD -MF crypto/x509/libcrypto-shlib-x509_err.d.tmp -c -o crypto/x509/libcrypto-shlib-x509_err.o crypto/x509/x509_err.c
C/C++: 1 warning generated.
C/C++: In file included from /home/runner/work/x25-airplay-receiver/x25-airplay-receiver/app/.cxx/RelWithDebInfo/416841uv/x86_64/<built-in>:399:
C/C++: :30:9: warning: '__ANDROID_API__' macro redefined [-Wmacro-redefined]
C/C++:    30 | #define __ANDROID_API__ 24
C/C++:       |         ^
C/C++: /home/runner/work/x25-airplay-receiver/x25-airplay-receiver/app/.cxx/RelWithDebInfo/416841uv/x86_64/<built-in>:391:9: note: previous definition is here
C/C++:   391 | #define __ANDROID_API__ __ANDROID_MIN_SDK_VERSION__
C/C++:       |         ^
C/C++: In file included from /home/runner/work/x25-airplay-receiver/x25-airplay-receiver/app/.cxx/RelWithDebInfo/416841uv/x86_64/<built-in>:399:
C/C++: /home/runner/work/x25-airplay-receiver/x25-airplay-receiver/app/.cxx/RelWithDebInfo/416841uv/x86_64/<command line>:30:9: warning: '__ANDROID_API__' macro redefined [-Wmacro-redefined]
C/C++:    30 | #define __ANDROID_API__ 24
C/C++:       |         ^
C/C++: /home/runner/work/x25-airplay-receiver/x25-airplay-receiver/app/.cxx/RelWithDebInfo/416841uv/x86_64/<built-in>:391:9: note: previous definition is here
C/C++:   391 | #define __ANDROID_API__ __ANDROID_MIN_SDK_VERSION__
C/C++:       |         ^
C/C++: 1 warning generated.
C/C++: In file included from /home/runner/work/x25-airplay-receiver/x25-airplay-receiver/app/.cxx/RelWithDebInfo/416841uv/x86_64/<built-in>:399:
C/C++: /home/runner/work/x25-airplay-receiver/x25-airplay-receiver/app/.cxx/RelWithDebInfo/416841uv/x86_64/<command line>:30:9: warning: '__ANDROID_API__' macro redefined [-Wmacro-redefined]
C/C++:    30 | #define __ANDROID_API__ 24
C/C++:       |         ^
C/C++: /home/runner/work/x25-airplay-receiver/x25-airplay-receiver/app/.cxx/RelWithDebInfo/416841uv/x86_64/<built-in>:391:9: note: previous definition is here
C/C++:   391 | #define __ANDROID_API__ __ANDROID_MIN_SDK_VERSION__
C/C++:       |         ^
C/C++: 1 warning generated.
C/C++: In file included from /home/runner/work/x25-airplay-receiver/x25-airplay-receiver/app/.cxx/RelWithDebInfo/416841uv/x86_64/<built-in>:399:
C/C++: /home/runner/work/x25-airplay-receiver/x25-airplay-receiver/app/.cxx/RelWithDebInfo/416841uv/x86_64/<command line>:30:9: warning: '__ANDROID_API__' macro redefined [-Wmacro-redefined]
C/C++:    30 | #define __ANDROID_API__ 24
C/C++:       |         ^
C/C++: /home/runner/work/x25-airplay-receiver/x25-airplay-receiver/app/.cxx/RelWithDebInfo/416841uv/x86_64/<built-in>:391:9: note: previous definition is here
C/C++:   391 | #define __ANDROID_API__ __ANDROID_MIN_SDK_VERSION__
C/C++:       |         ^
C/C++: In file included from /home/runner/work/x25-airplay-receiver/x25-airplay-receiver/app/.cxx/RelWithDebInfo/416841uv/x86_64/<built-in>:399:
C/C++: /home/runner/work/x25-airplay-receiver/x25-airplay-receiver/app/.cxx/RelWithDebInfo/416841uv/x86_64/<command line>:30:9: warning: '__ANDROID_API__' macro redefined [-Wmacro-redefined]
C/C++:    30 | #define __ANDROID_API__ 24
C/C++:       |         ^
C/C++: /home/runner/work/x25-airplay-receiver/x25-airplay-receiver/app/.cxx/RelWithDebInfo/416841uv/x86_64/<built-in>:391:9: note: previous definition is here
C/C++:   391 | #define __ANDROID_API__ __ANDROID_MIN_SDK_VERSION__
C/C++:       |         ^
C/C++: 1 warning generated.
C/C++: In file included from /home/runner/work/x25-airplay-receiver/x25-airplay-receiver/app/.cxx/RelWithDebInfo/416841uv/x86_64/<built-in>:399:
C/C++: /home/runner/work/x25-airplay-receiver/x25-airplay-receiver/app/.cxx/RelWithDebInfo/416841uv/x86_64/<command line>:30:9: warning: '__ANDROID_API__' macro redefined [-Wmacro-redefined]
C/C++:    30 | #define __ANDROID_API__ 24
C/C++:       |         ^
C/C++: /home/runner/work/x25-airplay-receiver/x25-airplay-receiver/app/.cxx/RelWithDebInfo/416841uv/x86_64/<built-in>:391:9: note: previous definition is here
C/C++:   391 | #define __ANDROID_API__ __ANDROID_MIN_SDK_VERSION__
C/C++:       |         ^
C/C++: 1 warning generated.
C/C++: In file included from /home/runner/work/x25-airplay-receiver/x25-airplay-receiver/app/.cxx/RelWithDebInfo/416841uv/x86_64/<built-in>In file included from <built-in>:399:
C/C++: /home/runner/work/x25-airplay-receiver/x25-airplay-receiver/app/.cxx/RelWithDebInfo/416841uv/x86_64/<command line>:30:9: warning: '__ANDROID_API__' macro redefined [-Wmacro-redefined]
C/C++: :399:
C/C++: <command line>:   30 | #define __ANDROID_API__ 24
C/C++:       | 30:9: warning: '__ANDROID_API__' macro redefined [-Wmacro-redefined]
C/C++:         ^
C/C++:    30<built-in>:391:9: note: previous definition is here
C/C++:  |   391 | #define __ANDROID_API__ __ANDROID_MIN_SDK_VERSION__
C/C++:       |         ^
C/C++: #define __ANDROID_API__ 24
C/C++:       |         ^
C/C++: /home/runner/work/x25-airplay-receiver/x25-airplay-receiver/app/.cxx/RelWithDebInfo/416841uv/x86_64/<built-in>:391:9: note: previous definition is here
C/C++:   391 | #define __ANDROID_API__ __ANDROID_MIN_SDK_VERSION__
C/C++:       |         ^
C/C++: x86_64-linux-android24-clang  -I. -Iinclude -Iproviders/common/include -Iproviders/implementations/include  -DAES_ASM -DBSAES_ASM -DECP_NISTZ256_ASM -DGHASH_ASM -DKECCAK1600_ASM -DMD5_ASM -DOPENSSL_BN_ASM_GF2m -DOPENSSL_BN_ASM_MONT -DOPENSSL_BN_ASM_MONT5 -DOPENSSL_CPUID_OBJ -DOPENSSL_IA32_SSE2 -DPOLY1305_ASM -DSHA1_ASM -DSHA256_ASM -DSHA512_ASM -DSTATIC_LEGACY -DVPAES_ASM -DWHIRLPOOL_ASM -DX25519_ASM -fPIC -pthread -Wa,--noexecstack -Qunused-arguments -g -DANDROID -fdata-sections -ffunction-sections -funwind-tables -fstack-protector-strong -no-canonical-prefixes -D__BIONIC_NO_PAGE_SIZE_MACRO -D_FORTIFY_SOURCE=2 -Wformat -Werror=format-security  -ffile-prefix-map=/home/runner/work/x25-airplay-receiver/x25-airplay-receiver/app/src/main/cpp=. -ffile-prefix-map=/home/runner/work/x25-airplay-receiver/x25-airplay-receiver/app/.cxx/RelWithDebInfo/416841uv/x86_64=. -ffile-prefix-map=/usr/local/lib/android/sdk/ndk/27.0.12077973=. -Qunused-arguments -DOPENSSL_USE_NODELETE -DOPENSSL_PIC -DOPENSSLDIR="\"/usr/local/ssl\"" -DENGINESDIR="\"/usr/local/lib/engines-3\"" -DMODULESDIR="\"/usr/local/lib/ossl-modules\"" -DOPENSSL_BUILDING_OPENSSL -DNDEBUG -D__ANDROID_API__=24 -g -DANDROID -fdata-sections -ffunction-sections -funwind-tables -fstack-protector-strong -no-canonical-prefixes -D__BIONIC_NO_PAGE_SIZE_MACRO -D_FORTIFY_SOURCE=2 -Wformat -Werror=format-security   -ffile-prefix-map=/home/runner/work/x25-airplay-receiver/x25-airplay-receiver/app/src/main/cpp=. -ffile-prefix-map=/home/runner/work/x25-airplay-receiver/x25-airplay-receiver/app/.cxx/RelWithDebInfo/416841uv/x86_64=. -ffile-prefix-map=/usr/local/lib/android/sdk/ndk/27.0.12077973=. -Qunused-arguments -MMD -MF crypto/x509/libcrypto-shlib-x509_trust.d.tmp -c -o crypto/x509/libcrypto-shlib-x509_trust.o crypto/x509/x509_trust.c
C/C++: In file included from /home/runner/work/x25-airplay-receiver/x25-airplay-receiver/app/.cxx/RelWithDebInfo/416841uv/x86_64/<built-in>:399:
C/C++: /home/runner/work/x25-airplay-receiver/x25-airplay-receiver/app/.cxx/RelWithDebInfo/416841uv/x86_64/<command line>:30:9: warning: '__ANDROID_API__' macro redefined [-Wmacro-redefined]
C/C++:    30 | #define __ANDROID_API__ 24
C/C++:       |         ^
C/C++: /home/runner/work/x25-airplay-receiver/x25-airplay-receiver/app/.cxx/RelWithDebInfo/416841uv/x86_64/<built-in>:391:9: note: previous definition is here
C/C++:   391 | #define __ANDROID_API__ __ANDROID_MIN_SDK_VERSION__
C/C++:       |         ^
C/C++: 1 warning generated.
C/C++: In file included from /home/runner/work/x25-airplay-receiver/x25-airplay-receiver/app/.cxx/RelWithDebInfo/416841uv/x86_64/<built-in>:399:
C/C++: /home/runner/work/x25-airplay-receiver/x25-airplay-receiver/app/.cxx/RelWithDebInfo/416841uv/x86_64/<command line>:30:9: warning: '__ANDROID_API__' macro redefined [-Wmacro-redefined]
C/C++:    30 | #define __ANDROID_API__ 24
C/C++:       |         ^
C/C++: /home/runner/work/x25-airplay-receiver/x25-airplay-receiver/app/.cxx/RelWithDebInfo/416841uv/x86_64/<built-in>:391:9: note: previous definition is here
C/C++:   391 | #define __ANDROID_API__ __ANDROID_MIN_SDK_VERSION__
C/C++:       |         ^
C/C++: 1 warning generated.
C/C++: In file included from /home/runner/work/x25-airplay-receiver/x25-airplay-receiver/app/.cxx/RelWithDebInfo/416841uv/x86_64/<built-in>:399:
C/C++: /home/runner/work/x25-airplay-receiver/x25-airplay-receiver/app/.cxx/RelWithDebInfo/416841uv/x86_64/<command line>:30:9: warning: '__ANDROID_API__' macro redefined [-Wmacro-redefined]
C/C++:    30 | #define __ANDROID_API__ 24
C/C++:       |         ^
C/C++: /home/runner/work/x25-airplay-receiver/x25-airplay-receiver/app/.cxx/RelWithDebInfo/416841uv/x86_64/<built-in>:391:9: note: previous definition is here
C/C++:   391 | #define __ANDROID_API__ __ANDROID_MIN_SDK_VERSION__
C/C++:       |         ^
C/C++: 1 warning generated.
C/C++: In file included from /home/runner/work/x25-airplay-receiver/x25-airplay-receiver/app/.cxx/RelWithDebInfo/416841uv/x86_64/<built-in>:399:
C/C++: /home/runner/work/x25-airplay-receiver/x25-airplay-receiver/app/.cxx/RelWithDebInfo/416841uv/x86_64/<command line>:30:9: warning: '__ANDROID_API__' macro redefined [-Wmacro-redefined]
C/C++:    30 | #define __ANDROID_API__ 24
C/C++:       |         ^
C/C++: /home/runner/work/x25-airplay-receiver/x25-airplay-receiver/app/.cxx/RelWithDebInfo/416841uv/x86_64/<built-in>:391:9: note: previous definition is here
C/C++:   391 | #define __ANDROID_API__ __ANDROID_MIN_SDK_VERSION__
C/C++:       |         ^
C/C++: x86_64-linux-android24-clang  -I. -Iinclude -Iproviders/common/include -Iproviders/implementations/include  -DAES_ASM -DBSAES_ASM -DECP_NISTZ256_ASM -DGHASH_ASM -DKECCAK1600_ASM -DMD5_ASM -DOPENSSL_BN_ASM_GF2m -DOPENSSL_BN_ASM_MONT -DOPENSSL_BN_ASM_MONT5 -DOPENSSL_CPUID_OBJ -DOPENSSL_IA32_SSE2 -DPOLY1305_ASM -DSHA1_ASM -DSHA256_ASM -DSHA512_ASM -DSTATIC_LEGACY -DVPAES_ASM -DWHIRLPOOL_ASM -DX25519_ASM -fPIC -pthread -Wa,--noexecstack -Qunused-arguments -g -DANDROID -fdata-sections -ffunction-sections -funwind-tables -fstack-protector-strong -no-canonical-prefixes -D__BIONIC_NO_PAGE_SIZE_MACRO -D_FORTIFY_SOURCE=2 -Wformat -Werror=format-security  -ffile-prefix-map=/home/runner/work/x25-airplay-receiver/x25-airplay-receiver/app/src/main/cpp=. -ffile-prefix-map=/home/runner/work/x25-airplay-receiver/x25-airplay-receiver/app/.cxx/RelWithDebInfo/416841uv/x86_64=. -ffile-prefix-map=/usr/local/lib/android/sdk/ndk/27.0.12077973=. -Qunused-arguments -DOPENSSL_USE_NODELETE -DOPENSSL_PIC -DOPENSSLDIR="\"/usr/local/ssl\"" -DENGINESDIR="\"/usr/local/lib/engines-3\"" -DMODULESDIR="\"/usr/local/lib/ossl-modules\"" -DOPENSSL_BUILDING_OPENSSL -DNDEBUG -D__ANDROID_API__=24 -g -DANDROID -fdata-sections -ffunction-sections -funwind-tables -fstack-protector-strong -no-canonical-prefixes -D__BIONIC_NO_PAGE_SIZE_MACRO -D_FORTIFY_SOURCE=2 -Wformat -Werror=format-security   -ffile-prefix-map=/home/runner/work/x25-airplay-receiver/x25-airplay-receiver/app/src/main/cpp=. -ffile-prefix-map=/home/runner/work/x25-airplay-receiver/x25-airplay-receiver/app/.cxx/RelWithDebInfo/416841uv/x86_64=. -ffile-prefix-map=/usr/local/lib/android/sdk/ndk/27.0.12077973=. -Qunused-arguments -MMD -MF crypto/x509/libcrypto-shlib-x509_vpm.d.tmp -c -o crypto/x509/libcrypto-shlib-x509_vpm.o crypto/x509/x509_vpm.c
C/C++: 1 warning generated.
C/C++: In file included from /home/runner/work/x25-airplay-receiver/x25-airplay-receiver/app/.cxx/RelWithDebInfo/416841uv/x86_64/<built-in>:399:
C/C++: /home/runner/work/x25-airplay-receiver/x25-airplay-receiver/app/.cxx/RelWithDebInfo/416841uv/x86_64/<command line>:30:9: warning: '__ANDROID_API__' macro redefined [-Wmacro-redefined]
C/C++:    30 | #define __ANDROID_API__ 24
C/C++:       |         ^
C/C++: /home/runner/work/x25-airplay-receiver/x25-airplay-receiver/app/.cxx/RelWithDebInfo/416841uv/x86_64/<built-in>:391:9: note: previous definition is here
C/C++:   391 | #define __ANDROID_API__ __ANDROID_MIN_SDK_VERSION__
C/C++:       |         ^
C/C++: In file included from /home/runner/work/x25-airplay-receiver/x25-airplay-receiver/app/.cxx/RelWithDebInfo/416841uv/x86_64/<built-in>:399:
C/C++: /home/runner/work/x25-airplay-receiver/x25-airplay-receiver/app/.cxx/RelWithDebInfo/416841uv/x86_64/<command line>:30:9: warning: '__ANDROID_API__' macro redefined [-Wmacro-redefined]
C/C++:    30 | #define __ANDROID_API__ 24
C/C++:       |         ^
C/C++: /home/runner/work/x25-airplay-receiver/x25-airplay-receiver/app/.cxx/RelWithDebInfo/416841uv/x86_64/<built-in>:391:9: note: previous definition is here
C/C++:   391 | #define __ANDROID_API__ __ANDROID_MIN_SDK_VERSION__
C/C++:       |         ^
C/C++: 1 warning generated.
C/C++: In file included from /home/runner/work/x25-airplay-receiver/x25-airplay-receiver/app/.cxx/RelWithDebInfo/416841uv/x86_64/<built-in>:399:
C/C++: /home/runner/work/x25-airplay-receiver/x25-airplay-receiver/app/.cxx/RelWithDebInfo/416841uv/x86_64/<command line>:30:9: warning: '__ANDROID_API__' macro redefined [-Wmacro-redefined]
C/C++:    30 | #define __ANDROID_API__ 24
C/C++:       |         ^
C/C++: 1<built-in> warning generated.
C/C++: :391:9: note: previous definition is here
C/C++:   391 | #define __ANDROID_API__ __ANDROID_MIN_SDK_VERSION__
C/C++:       |         ^
C/C++: x86_64-linux-android24-clang  -I. -Iinclude -Iproviders/common/include -Iproviders/implementations/include  -DAES_ASM -DBSAES_ASM -DECP_NISTZ256_ASM -DGHASH_ASM -DKECCAK1600_ASM -DMD5_ASM -DOPENSSL_BN_ASM_GF2m -DOPENSSL_BN_ASM_MONT -DOPENSSL_BN_ASM_MONT5 -DOPENSSL_CPUID_OBJ -DOPENSSL_IA32_SSE2 -DPOLY1305_ASM -DSHA1_ASM -DSHA256_ASM -DSHA512_ASM -DSTATIC_LEGACY -DVPAES_ASM -DWHIRLPOOL_ASM -DX25519_ASM -fPIC -pthread -Wa,--noexecstack -Qunused-arguments -g -DANDROID -fdata-sections -ffunction-sections -funwind-tables -fstack-protector-strong -no-canonical-prefixes -D__BIONIC_NO_PAGE_SIZE_MACRO -D_FORTIFY_SOURCE=2 -Wformat -Werror=format-security  -ffile-prefix-map=/home/runner/work/x25-airplay-receiver/x25-airplay-receiver/app/src/main/cpp=. -ffile-prefix-map=/home/runner/work/x25-airplay-receiver/x25-airplay-receiver/app/.cxx/RelWithDebInfo/416841uv/x86_64=. -ffile-prefix-map=/usr/local/lib/android/sdk/ndk/27.0.12077973=. -Qunused-arguments -DOPENSSL_USE_NODELETE -DOPENSSL_PIC -DOPENSSLDIR="\"/usr/local/ssl\"" -DENGINESDIR="\"/usr/local/lib/engines-3\"" -DMODULESDIR="\"/usr/local/lib/ossl-modules\"" -DOPENSSL_BUILDING_OPENSSL -DNDEBUG -D__ANDROID_API__=24 -g -DANDROID -fdata-sections -ffunction-sections -funwind-tables -fstack-protector-strong -no-canonical-prefixes -D__BIONIC_NO_PAGE_SIZE_MACRO -D_FORTIFY_SOURCE=2 -Wformat -Werror=format-security   -ffile-prefix-map=/home/runner/work/x25-airplay-receiver/x25-airplay-receiver/app/src/main/cpp=. -ffile-prefix-map=/home/runner/work/x25-airplay-receiver/x25-airplay-receiver/app/.cxx/RelWithDebInfo/416841uv/x86_64=. -ffile-prefix-map=/usr/local/lib/android/sdk/ndk/27.0.12077973=. -Qunused-arguments -MMD -MF crypto/x509/libcrypto-shlib-x509name.d.tmp -c -o crypto/x509/libcrypto-shlib-x509name.o crypto/x509/x509name.c
C/C++: 1 warning generated.
C/C++: In file included from /home/runner/work/x25-airplay-receiver/x25-airplay-receiver/app/.cxx/RelWithDebInfo/416841uv/x86_64/<built-in>:399:
C/C++: /home/runner/work/x25-airplay-receiver/x25-airplay-receiver/app/.cxx/RelWithDebInfo/416841uv/x86_64/<command line>:30:9: warning: '__ANDROID_API__' macro redefined [-Wmacro-redefined]
C/C++:    30 | #define __ANDROID_API__ 24
C/C++:       |         ^
C/C++: /home/runner/work/x25-airplay-receiver/x25-airplay-receiver/app/.cxx/RelWithDebInfo/416841uv/x86_64/<built-in>:391:9: note: previous definition is here
C/C++:   391 | #define __ANDROID_API__ __ANDROID_MIN_SDK_VERSION__
C/C++:       |         ^
C/C++: x86_64-linux-android24-clang  -I. -Iinclude -Iproviders/common/include -Iproviders/implementations/include  -DAES_ASM -DBSAES_ASM -DECP_NISTZ256_ASM -DGHASH_ASM -DKECCAK1600_ASM -DMD5_ASM -DOPENSSL_BN_ASM_GF2m -DOPENSSL_BN_ASM_MONT -DOPENSSL_BN_ASM_MONT5 -DOPENSSL_CPUID_OBJ -DOPENSSL_IA32_SSE2 -DPOLY1305_ASM -DSHA1_ASM -DSHA256_ASM -DSHA512_ASM -DSTATIC_LEGACY -DVPAES_ASM -DWHIRLPOOL_ASM -DX25519_ASM -fPIC -pthread -Wa,--noexecstack -Qunused-arguments -g -DANDROID -fdata-sections -ffunction-sections -funwind-tables -fstack-protector-strong -no-canonical-prefixes -D__BIONIC_NO_PAGE_SIZE_MACRO -D_FORTIFY_SOURCE=2 -Wformat -Werror=format-security  -ffile-prefix-map=/home/runner/work/x25-airplay-receiver/x25-airplay-receiver/app/src/main/cpp=. -ffile-prefix-map=/home/runner/work/x25-airplay-receiver/x25-airplay-receiver/app/.cxx/RelWithDebInfo/416841uv/x86_64=. -ffile-prefix-map=/usr/local/lib/android/sdk/ndk/27.0.12077973=. -Qunused-arguments -DOPENSSL_USE_NODELETE -DOPENSSL_PIC -DOPENSSLDIR="\"/usr/local/ssl\"" -DENGINESDIR="\"/usr/local/lib/engines-3\"" -DMODULESDIR="\"/usr/local/lib/ossl-modules\"" -DOPENSSL_BUILDING_OPENSSL -DNDEBUG -D__ANDROID_API__=24 -g -DANDROID -fdata-sections -ffunction-sections -funwind-tables -fstack-protector-strong -no-canonical-prefixes -D__BIONIC_NO_PAGE_SIZE_MACRO -D_FORTIFY_SOURCE=2 -Wformat -Werror=format-security   -ffile-prefix-map=/home/runner/work/x25-airplay-receiver/x25-airplay-receiver/app/src/main/cpp=. -ffile-prefix-map=/home/runner/work/x25-airplay-receiver/x25-airplay-receiver/app/.cxx/RelWithDebInfo/416841uv/x86_64=. -ffile-prefix-map=/usr/local/lib/android/sdk/ndk/27.0.12077973=. -Qunused-arguments -MMD -MF crypto/x509/libcrypto-shlib-x509rset.d.tmp -c -o crypto/x509/libcrypto-shlib-x509rset.o crypto/x509/x509rset.c
C/C++: In file included from /home/runner/work/x25-airplay-receiver/x25-airplay-receiver/app/.cxx/RelWithDebInfo/416841uv/x86_64/<built-in>:399:
C/C++: /home/runner/work/x25-airplay-receiver/x25-airplay-receiver/app/.cxx/RelWithDebInfo/416841uv/x86_64/<command line>:30:9: warning: '__ANDROID_API__' macro redefined [-Wmacro-redefined]
C/C++:    30 | #define __ANDROID_API__ 24
C/C++:       |         ^
C/C++: /home/runner/work/x25-airplay-receiver/x25-airplay-receiver/app/.cxx/RelWithDebInfo/416841uv/x86_64/<built-in>:391:9: note: previous definition is here
C/C++:   391 | #define __ANDROID_API__ __ANDROID_MIN_SDK_VERSION__
C/C++:       |         ^
C/C++: 1 warning generated.
C/C++: In file included from /home/runner/work/x25-airplay-receiver/x25-airplay-receiver/app/.cxx/RelWithDebInfo/416841uv/x86_64/<built-in>:399:
C/C++: /home/runner/work/x25-airplay-receiver/x25-airplay-receiver/app/.cxx/RelWithDebInfo/416841uv/x86_64/<command line>:30:9: warning: '__ANDROID_API__' macro redefined [-Wmacro-redefined]
C/C++:    30 | #define __ANDROID_API__ 24
C/C++:       |         ^
C/C++: /home/runner/work/x25-airplay-receiver/x25-airplay-receiver/app/.cxx/RelWithDebInfo/416841uv/x86_64/<built-in>:391:9: note: previous definition is here
C/C++:   391 | #define __ANDROID_API__ __ANDROID_MIN_SDK_VERSION__
C/C++:       |         ^
C/C++: x86_64-linux-android24-clang  -I. -Iinclude -Iproviders/common/include -Iproviders/implementations/include  -DAES_ASM -DBSAES_ASM -DECP_NISTZ256_ASM -DGHASH_ASM -DKECCAK1600_ASM -DMD5_ASM -DOPENSSL_BN_ASM_GF2m -DOPENSSL_BN_ASM_MONT -DOPENSSL_BN_ASM_MONT5 -DOPENSSL_CPUID_OBJ -DOPENSSL_IA32_SSE2 -DPOLY1305_ASM -DSHA1_ASM -DSHA256_ASM -DSHA512_ASM -DSTATIC_LEGACY -DVPAES_ASM -DWHIRLPOOL_ASM -DX25519_ASM -fPIC -pthread -Wa,--noexecstack -Qunused-arguments -g -DANDROID -fdata-sections -ffunction-sections -funwind-tables -fstack-protector-strong -no-canonical-prefixes -D__BIONIC_NO_PAGE_SIZE_MACRO -D_FORTIFY_SOURCE=2 -Wformat -Werror=format-security  -ffile-prefix-map=/home/runner/work/x25-airplay-receiver/x25-airplay-receiver/app/src/main/cpp=. -ffile-prefix-map=/home/runner/work/x25-airplay-receiver/x25-airplay-receiver/app/.cxx/RelWithDebInfo/416841uv/x86_64=. -ffile-prefix-map=/usr/local/lib/android/sdk/ndk/27.0.12077973=. -Qunused-arguments -DOPENSSL_USE_NODELETE -DOPENSSL_PIC -DOPENSSLDIR="\"/usr/local/ssl\"" -DENGINESDIR="\"/usr/local/lib/engines-3\"" -DMODULESDIR="\"/usr/local/lib/ossl-modules\"" -DOPENSSL_BUILDING_OPENSSL -DNDEBUG -D__ANDROID_API__=24 -g -DANDROID -fdata-sections -ffunction-sections -funwind-tables -fstack-protector-strong -no-canonical-prefixes -D__BIONIC_NO_PAGE_SIZE_MACRO -D_FORTIFY_SOURCE=2 -Wformat -Werror=format-security   -ffile-prefix-map=/home/runner/work/x25-airplay-receiver/x25-airplay-receiver/app/src/main/cpp=. -ffile-prefix-map=/home/runner/work/x25-airplay-receiver/x25-airplay-receiver/app/.cxx/RelWithDebInfo/416841uv/x86_64=. -ffile-prefix-map=/usr/local/lib/android/sdk/ndk/27.0.12077973=. -Qunused-arguments -MMD -MF crypto/x509/libcrypto-shlib-x_all.d.tmp -c -o crypto/x509/libcrypto-shlib-x_all.o crypto/x509/x_all.c
C/C++: 1 warning generated.
C/C++: In file included from /home/runner/work/x25-airplay-receiver/x25-airplay-receiver/app/.cxx/RelWithDebInfo/416841uv/x86_64/<built-in>:399:
C/C++: /home/runner/work/x25-airplay-receiver/x25-airplay-receiver/app/.cxx/RelWithDebInfo/416841uv/x86_64/<command line>:30:9: warning: '__ANDROID_API__' macro redefined [-Wmacro-redefined]
C/C++:    30 | #define __ANDROID_API__ 24
C/C++:       |         ^
C/C++: /home/runner/work/x25-airplay-receiver/x25-airplay-receiver/app/.cxx/RelWithDebInfo/416841uv/x86_64/<built-in>:391:9: note: previous definition is here
C/C++:   391 | #define __ANDROID_API__ __ANDROID_MIN_SDK_VERSION__
C/C++:       |         ^
C/C++: x86_64-linux-android24-clang  -I. -Iinclude -Iproviders/common/include -Iproviders/implementations/include  -DAES_ASM -DBSAES_ASM -DECP_NISTZ256_ASM -DGHASH_ASM -DKECCAK1600_ASM -DMD5_ASM -DOPENSSL_BN_ASM_GF2m -DOPENSSL_BN_ASM_MONT -DOPENSSL_BN_ASM_MONT5 -DOPENSSL_CPUID_OBJ -DOPENSSL_IA32_SSE2 -DPOLY1305_ASM -DSHA1_ASM -DSHA256_ASM -DSHA512_ASM -DSTATIC_LEGACY -DVPAES_ASM -DWHIRLPOOL_ASM -DX25519_ASM -fPIC -pthread -Wa,--noexecstack -Qunused-arguments -g -DANDROID -fdata-sections -ffunction-sections -funwind-tables -fstack-protector-strong -no-canonical-prefixes -D__BIONIC_NO_PAGE_SIZE_MACRO -D_FORTIFY_SOURCE=2 -Wformat -Werror=format-security  -ffile-prefix-map=/home/runner/work/x25-airplay-receiver/x25-airplay-receiver/app/src/main/cpp=. -ffile-prefix-map=/home/runner/work/x25-airplay-receiver/x25-airplay-receiver/app/.cxx/RelWithDebInfo/416841uv/x86_64=. -ffile-prefix-map=/usr/local/lib/android/sdk/ndk/27.0.12077973=. -Qunused-arguments -DOPENSSL_USE_NODELETE -DOPENSSL_PIC -DOPENSSLDIR="\"/usr/local/ssl\"" -DENGINESDIR="\"/usr/local/lib/engines-3\"" -DMODULESDIR="\"/usr/local/lib/ossl-modules\"" -DOPENSSL_BUILDING_OPENSSL -DNDEBUG -D__ANDROID_API__=24 -g -DANDROID -fdata-sections -ffunction-sections -funwind-tables -fstack-protector-strong -no-canonical-prefixes -D__BIONIC_NO_PAGE_SIZE_MACRO -D_FORTIFY_SOURCE=2 -Wformat -Werror=format-security   -ffile-prefix-map=/home/runner/work/x25-airplay-receiver/x25-airplay-receiver/app/src/main/cpp=. -ffile-prefix-map=/home/runner/work/x25-airplay-receiver/x25-airplay-receiver/app/.cxx/RelWithDebInfo/416841uv/x86_64=. -ffile-prefix-map=/usr/local/lib/android/sdk/ndk/27.0.12077973=. -Qunused-arguments -MMD -MF crypto/x509/libcrypto-shlib-x_attrib.d.tmp -c -o crypto/x509/libcrypto-shlib-x_attrib.o crypto/x509/x_attrib.c
C/C++: x86_64-linux-android24-clang  -I. -Iinclude -Iproviders/common/include -Iproviders/implementations/include  -DAES_ASM -DBSAES_ASM -DECP_NISTZ256_ASM -DGHASH_ASM -DKECCAK1600_ASM -DMD5_ASM -DOPENSSL_BN_ASM_GF2m -DOPENSSL_BN_ASM_MONT -DOPENSSL_BN_ASM_MONT5 -DOPENSSL_CPUID_OBJ -DOPENSSL_IA32_SSE2 -DPOLY1305_ASM -DSHA1_ASM -DSHA256_ASM -DSHA512_ASM -DSTATIC_LEGACY -DVPAES_ASM -DWHIRLPOOL_ASM -DX25519_ASM -fPIC -pthread -Wa,--noexecstack -Qunused-arguments -g -DANDROID -fdata-sections -ffunction-sections -funwind-tables -fstack-protector-strong -no-canonical-prefixes -D__BIONIC_NO_PAGE_SIZE_MACRO -D_FORTIFY_SOURCE=2 -Wformat -Werror=format-security  -ffile-prefix-map=/home/runner/work/x25-airplay-receiver/x25-airplay-receiver/app/src/main/cpp=. -ffile-prefix-map=/home/runner/work/x25-airplay-receiver/x25-airplay-receiver/app/.cxx/RelWithDebInfo/416841uv/x86_64=. -ffile-prefix-map=/usr/local/lib/android/sdk/ndk/27.0.12077973=. -Qunused-arguments -DOPENSSL_USE_NODELETE -DOPENSSL_PIC -DOPENSSLDIR="\"/usr/local/ssl\"" -DENGINESDIR="\"/usr/local/lib/engines-3\"" -DMODULESDIR="\"/usr/local/lib/ossl-modules\"" -DOPENSSL_BUILDING_OPENSSL -DNDEBUG -D__ANDROID_API__=24 -g -DANDROID -fdata-sections -ffunction-sections -funwind-tables -fstack-protector-strong -no-canonical-prefixes -D__BIONIC_NO_PAGE_SIZE_MACRO -D_FORTIFY_SOURCE=2 -Wformat -Werror=format-security   -ffile-prefix-map=/home/runner/work/x25-airplay-receiver/x25-airplay-receiver/app/src/main/cpp=. -ffile-prefix-map=/home/runner/work/x25-airplay-receiver/x25-airplay-receiver/app/.cxx/RelWithDebInfo/416841uv/x86_64=. -ffile-prefix-map=/usr/local/lib/android/sdk/ndk/27.0.12077973=. -Qunused-arguments -MMD -MF crypto/x509/libcrypto-shlib-x_crl.d.tmp -c -o crypto/x509/libcrypto-shlib-x_crl.o crypto/x509/x_crl.c
C/C++: In file included from /home/runner/work/x25-airplay-receiver/x25-airplay-receiver/app/.cxx/RelWithDebInfo/416841uv/x86_64/<built-in>:399:
C/C++: /home/runner/work/x25-airplay-receiver/x25-airplay-receiver/app/.cxx/RelWithDebInfo/416841uv/x86_64/<command line>:30:9: warning: '__ANDROID_API__' macro redefined [-Wmacro-redefined]
C/C++:    30 | #define __ANDROID_API__ 24
C/C++:       |         ^
C/C++: /home/runner/work/x25-airplay-receiver/x25-airplay-receiver/app/.cxx/RelWithDebInfo/416841uv/x86_64/<built-in>:391:9: note: previous definition is here
C/C++:   391 | #define __ANDROID_API__ __ANDROID_MIN_SDK_VERSION__
C/C++:       |         ^
C/C++: In file included from /home/runner/work/x25-airplay-receiver/x25-airplay-receiver/app/.cxx/RelWithDebInfo/416841uv/x86_64/<built-in>:399:
C/C++: /home/runner/work/x25-airplay-receiver/x25-airplay-receiver/app/.cxx/RelWithDebInfo/416841uv/x86_64/<command line>:30:9: warning: '__ANDROID_API__' macro redefined [-Wmacro-redefined]
C/C++:    30 | #define __ANDROID_API__ 24
C/C++:       |         ^
C/C++: /home/runner/work/x25-airplay-receiver/x25-airplay-receiver/app/.cxx/RelWithDebInfo/416841uv/x86_64/<built-in>:391:9: note: previous definition is here
C/C++:   391 | #define __ANDROID_API__ __ANDROID_MIN_SDK_VERSION__
C/C++:       |         ^
C/C++: 1 warning generated.
C/C++: In file included from /home/runner/work/x25-airplay-receiver/x25-airplay-receiver/app/.cxx/RelWithDebInfo/416841uv/x86_64/<built-in>:399:
C/C++: /home/runner/work/x25-airplay-receiver/x25-airplay-receiver/app/.cxx/RelWithDebInfo/416841uv/x86_64/<command line>:30:9: warning: '__ANDROID_API__' macro redefined [-Wmacro-redefined]
C/C++:    30 | #define __ANDROID_API__ 24
C/C++:       |         ^
C/C++: /home/runner/work/x25-airplay-receiver/x25-airplay-receiver/app/.cxx/RelWithDebInfo/416841uv/x86_64/<built-in>:391:9: note: previous definition is here
C/C++:   391 | #define __ANDROID_API__ __ANDROID_MIN_SDK_VERSION__
C/C++:       |         ^
C/C++: 1 warning generated.
C/C++: In file included from /home/runner/work/x25-airplay-receiver/x25-airplay-receiver/app/.cxx/RelWithDebInfo/416841uv/x86_64/<built-in>:399:
C/C++: /home/runner/work/x25-airplay-receiver/x25-airplay-receiver/app/.cxx/RelWithDebInfo/416841uv/x86_64/<command line>:30:9: warning: '__ANDROID_API__' macro redefined [-Wmacro-redefined]
C/C++:    30 | #define __ANDROID_API__ 24
C/C++:       |         ^
C/C++: /home/runner/work/x25-airplay-receiver/x25-airplay-receiver/app/.cxx/RelWithDebInfo/416841uv/x86_64/<built-in>:391:9: note: previous definition is here
C/C++:   391 | #define __ANDROID_API__ __ANDROID_MIN_SDK_VERSION__
C/C++:       |         ^
C/C++: 1 warning generated.
C/C++: In file included from /home/runner/work/x25-airplay-receiver/x25-airplay-receiver/app/.cxx/RelWithDebInfo/416841uv/x86_64/<built-in>:399:
C/C++: /home/runner/work/x25-airplay-receiver/x25-airplay-receiver/app/.cxx/RelWithDebInfo/416841uv/x86_64/<command line>:30:9: warning: '__ANDROID_API__' macro redefined [-Wmacro-redefined]
C/C++:    30 | #define __ANDROID_API__ 24
C/C++:       |         ^
C/C++: /home/runner/work/x25-airplay-receiver/x25-airplay-receiver/app/.cxx/RelWithDebInfo/416841uv/x86_64/<built-in>:391:9: note: previous definition is here
C/C++:   391 | #define __ANDROID_API__ __ANDROID_MIN_SDK_VERS1I warning generated.
C/C++: ON__
C/C++:       |         ^
C/C++: In file included from /home/runner/work/x25-airplay-receiver/x25-airplay-receiver/app/.cxx/RelWithDebInfo/416841uv/x86_64/<built-in>:399:
C/C++: /home/runner/work/x25-airplay-receiver/x25-airplay-receiver/app/.cxx/RelWithDebInfo/416841uv/x86_64/<command line>:30:9: warning: '__ANDROID_API__' macro redefined [-Wmacro-redefined]
C/C++:    30 | #define __ANDROID_API__ 24
C/C++:       |         ^
C/C++: /home/runner/work/x25-airplay-receiver/x25-airplay-receiver/app/.cxx/RelWithDebInfo/416841uv/x86_64/<built-in>:391:9: note: previous definition is here
C/C++:   391 | #define __ANDROID_API__ __ANDROID_MIN_SDK_VERSION__
C/C++:       |         ^
C/C++: x86_64-linux-android24-clang  -I. -Iinclude -Iproviders/common/include -Iproviders/implementations/include  -DAES_ASM -DBSAES_ASM -DECP_NISTZ256_ASM -DGHASH_ASM -DKECCAK1600_ASM -DMD5_ASM -DOPENSSL_BN_ASM_GF2m -DOPENSSL_BN_ASM_MONT -DOPENSSL_BN_ASM_MONT5 -DOPENSSL_CPUID_OBJ -DOPENSSL_IA32_SSE2 -DPOLY1305_ASM -DSHA1_ASM -DSHA256_ASM -DSHA512_ASM -DSTATIC_LEGACY -DVPAES_ASM -DWHIRLPOOL_ASM -DX25519_ASM -fPIC -pthread -Wa,--noexecstack -Qunused-arguments -g -DANDROID -fdata-sections -ffunction-sections -funwind-tables -fstack-protector-strong -no-canonical-prefixes -D__BIONIC_NO_PAGE_SIZE_MACRO -D_FORTIFY_SOURCE=2 -Wformat -Werror=format-security  -ffile-prefix-map=/home/runner/work/x25-airplay-receiver/x25-airplay-receiver/app/src/main/cpp=. -ffile-prefix-map=/home/runner/work/x25-airplay-receiver/x25-airplay-receiver/app/.cxx/RelWithDebInfo/416841uv/x86_64=. -ffile-prefix-map=/usr/local/lib/android/sdk/ndk/27.0.12077973=. -Qunused-arguments -DOPENSSL_USE_NODELETE -DOPENSSL_PIC -DOPENSSLDIR="\"/usr/local/ssl\"" -DENGINESDIR="\"/usr/local/lib/engines-3\"" -DMODULESDIR="\"/usr/local/lib/ossl-modules\"" -DOPENSSL_BUILDING_OPENSSL -DNDEBUG -D__ANDROID_API__=24 -g -DANDROID -fdata-sections -ffunction-sections -funwind-tables -fstack-protector-strong -no-canonical-prefixes -D__BIONIC_NO_PAGE_SIZE_MACRO -D_FORTIFY_SOURCE=2 -Wformat -Werror=format-security   -ffile-prefix-map=/home/runner/work/x25-airplay-receiver/x25-airplay-receiver/app/src/main/cpp=. -ffile-prefix-map=/home/runner/work/x25-airplay-receiver/x25-airplay-receiver/app/.cxx/RelWithDebInfo/416841uv/x86_64=. -ffile-prefix-map=/usr/local/lib/android/sdk/ndk/27.0.12077973=. -Qunused-arguments -MMD -MF crypto/x509/libcrypto-shlib-x_req.d.tmp -c -o crypto/x509/libcrypto-shlib-x_req.o crypto/x509/x_req.c
C/C++: In file included from /home/runner/work/x25-airplay-receiver/x25-airplay-receiver/app/.cxx/RelWithDebInfo/416841uv/x86_64/<built-in>:399:
C/C++: /home/runner/work/x25-airplay-receiver/x25-airplay-receiver/app/.cxx/RelWithDebInfo/416841uv/x86_64/<command line>:30:9: warning: '__ANDROID_API__' macro redefined [-Wmacro-redefined]
C/C++:    30 | #define __ANDROID_API__ 24
C/C++:       |         ^
C/C++: /home/runner/work/x25-airplay-receiver/x25-airplay-receiver/app/.cxx/RelWithDebInfo/416841uv/x86_64/<built-in>:391:9: note: previous definition is here
C/C++:   391 | #define __ANDROID_API__ __ANDROID_MIN_SDK_VERSION__
C/C++:       |         ^
C/C++: 1 warning generated.
C/C++: In file included from /home/runner/work/x25-airplay-receiver/x25-airplay-receiver/app/.cxx/RelWithDebInfo/416841uv/x86_64/<built-in>:399:
C/C++: /home/runner/work/x25-airplay-receiver/x25-airplay-receiver/app/.cxx/RelWithDebInfo/416841uv/x86_64/<command line>:30:9: warning: '__ANDROID_API__' macro redefined [-Wmacro-redefined]
C/C++:    30 | #define __ANDROID_API__ 24
C/C++:       |         ^
C/C++: /home/runner/work/x25-airplay-receiver/x25-airplay-receiver/app/.cxx/RelWithDebInfo/416841uv/x86_64/<built-in>:391:9: note: previous definition is here
C/C++:   391 | #define __ANDROID_API__ __ANDROID_MIN_SDK_VERSION__
C/C++:       |         ^
C/C++: 1 warning generated.
C/C++: In file included from /home/runner/work/x25-airplay-receiver/x25-airplay-receiver/app/.cxx/RelWithDebInfo/416841uv/x86_64/<built-in>:399:
C/C++: /home/runner/work/x25-airplay-receiver/x25-airplay-receiver/app/.cxx/RelWithDebInfo/416841uv/x86_64/<command line>:30:9: warning: '__ANDROID_API__' macro redefined [-Wmacro-redefined]
C/C++:    30 | #define __ANDROID_API__ 24
C/C++:       |         ^
C/C++: /home/runner/work/x25-airplay-receiver/x25-airplay-receiver/app/.cxx/RelWithDebInfo/416841uv/x86_64/<built-in>:391:9: note: previous definition is here
C/C++:   391 | #define __ANDROID_API__ __ANDROID_MIN_SDK_VERSION__
C/C++:       |         ^
C/C++: In file included from /home/runner/work/x25-airplay-receiver/x25-airplay-receiver/app/.cxx/RelWithDebInfo/416841uv/x86_64/<built-in>:399:
C/C++: /home/runner/work/x25-airplay-receiver/x25-airplay-receiver/app/.cxx/RelWithDebInfo/416841uv/x86_64/<command line>:30:9: warning: '__ANDROID_API__' macro redefined [-Wmacro-redefined]
C/C++:    30 | #define __ANDROID_API__ 24
C/C++:       |         ^
C/C++: /home/runner/work/x25-airplay-receiver/x25-airplay-receiver/app/.cxx/RelWithDebInfo/416841uv/x86_64/<built-in>:391:9: note: previous definition is here
C/C++:   391 | #define __ANDROID_API__ __ANDROID_MIN_SDK_VERSION__
C/C++:       |         ^
C/C++: 1 warning generated.
C/C++: In file included from /home/runner/work/x25-airplay-receiver/x25-airplay-receiver/app/.cxx/RelWithDebInfo/416841uv/x86_64/<built-in>:399:
C/C++: /home/runner/work/x25-airplay-receiver/x25-airplay-receiver/app/.cxx/RelWithDebInfo/416841uv/x86_64/<command line>:30:9: warning: '__ANDROID_API__' macro redefined [-Wmacro-redefined]
C/C++:    30 | #define __ANDROID_API__ 24
C/C++:       |         ^
C/C++: /home/runner/work/x25-airplay-receiver/x25-airplay-receiver/app/.cxx/RelWithDebInfo/416841uv/x86_64/<built-in>:391:9: note: previous definition is here
C/C++:   391 | #define __ANDROID_API__ __ANDROID_MIN_SDK_VERSION__
C/C++:       |         ^
C/C++: 1 warning generated.
C/C++: In file included from /home/runner/work/x25-airplay-receiver/x25-airplay-receiver/app/.cxx/RelWithDebInfo/416841uv/x86_64/<built-in>:399:
C/C++: /home/runner/work/x25-airplay-receiver/x25-airplay-receiver/app/.cxx/RelWithDebInfo/416841uv/x86_64/<command line>:30:9: warning: '__ANDROID_API__' macro redefined [-Wmacro-redefined]
C/C++:    30 | #define __ANDROID_API__ 24
C/C++:       |         ^
C/C++: /home/runner/work/x25-airplay-receiver/x25-airplay-receiver/app/.cxx/RelWithDebInfo/416841uv/x86_64/<built-in>:391:9: note: previous definition is here
C/C++:   391 | #define __ANDROID_API__ __ANDROID_MIN_SDK_VERSION__
C/C++:       |         ^
C/C++: In file included from /home/runner/work/x25-airplay-receiver/x25-airplay-receiver/app/.cxx/RelWithDebInfo/416841uv/x86_64/<built-in>:399:
C/C++: /home/runner/work/x25-airplay-receiver/x25-airplay-receiver/app/.cxx/RelWithDebInfo/416841uv/x86_64/<command line>:30:9: warning: '__ANDROID_API__' macro redefined [-Wmacro-redefined]
C/C++:    30 | #define __ANDROID_API__ 24
C/C++:       |         ^
C/C++: /home/runner/work/x25-airplay-receiver/x25-airplay-receiver/app/.cxx/RelWithDebInfo/416841uv/x86_64/<built-in>:391:9: note: previous definition is here
C/C++:   391 | #define __ANDROID_API__ __ANDROID_MIN_SDK_VERSION__
C/C++:       |         ^
C/C++: 1 warning generated.
C/C++: In file included from /home/runner/work/x25-airplay-receiver/x25-airplay-receiver/app/.cxx/RelWithDebInfo/416841uv/x86_64/<built-in>:399:
C/C++: /home/runner/work/x25-airplay-receiver/x25-airplay-receiver/app/.cxx/RelWithDebInfo/416841uv/x86_64/<command line>:30:9: warning: '__ANDROID_API__' macro redefined [-Wmacro-redefined]
C/C++:    30 | #define __ANDROID_API__ 24
C/C++:       |         ^
C/C++: /home/runner/work/x25-airplay-receiver/x25-airplay-receiver/app/.cxx/RelWithDebInfo/416841uv/x86_64/<built-in>:391:9: note: previous definition is here
C/C++:   391 | #define __ANDROID_API__ __ANDROID_MIN_SDK_VERSION__
C/C++:       |         ^
C/C++: 1 warning generated.
C/C++: In file included from /home/runner/work/x25-airplay-receiver/x25-airplay-receiver/app/.cxx/RelWithDebInfo/416841uv/x86_64/<built-in>:399:
C/C++: /home/runner/work/x25-airplay-receiver/x25-airplay-receiver/app/.cxx/RelWithDebInfo/416841uv/x86_64/<command line>:12:9: warning: '__ANDROID_API__' macro redefined [-Wmacro-redefined]
C/C++:    12 | #define __ANDROID_API__ 24
C/C++:       |         ^
C/C++: /home/runner/work/x25-airplay-receiver/x25-airplay-receiver/app/.cxx/RelWithDebInfo/416841uv/x86_64/<built-in>:391:9: note: previous definition is here
C/C++:   391 | #define __ANDROID_API__ __ANDROID_MIN_SDK_VERSION__
C/C++:       |         ^
C/C++: In file included from /home/runner/work/x25-airplay-receiver/x25-airplay-receiver/app/.cxx/RelWithDebInfo/416841uv/x86_64/<built-in>:399:
C/C++: /home/runner/work/x25-airplay-receiver/x25-airplay-receiver/app/.cxx/RelWithDebInfo/416841uv/x86_64/<command line>:12:9: warning: '__ANDROID_API__' macro redefined [-Wmacro-redefined]
C/C++:    12 | #define __ANDROID_API__ 24
C/C++:       |         ^
C/C++: /home/runner/work/x25-airplay-receiver/x25-airplay-receiver/app/.cxx/RelWithDebInfo/416841uv/x86_64/<built-in>:391:9: note: previous definition is here
C/C++:   391 | #define __ANDROID_API__ __ANDROID_MIN_SDK_VERSION__
C/C++:       |         ^
C/C++: 1 warning generated.
C/C++: In file included from /home/runner/work/x25-airplay-receiver/x25-airplay-receiver/app/.cxx/RelWithDebInfo/416841uv/x86_64/<built-in>:399:
C/C++: /home/runner/work/x25-airplay-receiver/x25-airplay-receiver/app/.cxx/RelWithDebInfo/416841uv/x86_64/<command line>:12:9: warning: '__ANDROID_API__' macro redefined [-Wmacro-redefined]
C/C++:    12 | #define __ANDROID_API__ 24
C/C++:       |         ^
C/C++: /home/runner/work/x25-airplay-receiver/x25-airplay-receiver/app/.cxx/RelWithDebInfo/416841uv/x86_64/<built-in>:391:9: note: previous definition is here
C/C++:   391 | #define __ANDROID_API__ __ANDROID_MIN_SDK_VERSION__
C/C++:       |         ^
C/C++: In file included from /home/runner/work/x25-airplay-receiver/x25-airplay-receiver/app/.cxx/RelWithDebInfo/416841uv/x86_64/<built-in>:399:
C/C++: /home/runner/work/x25-airplay-receiver/x25-airplay-receiver/app/.cxx/RelWithDebInfo/416841uv/x86_64/<command line>:12:9: warning: '__ANDROID_API__' macro redefined [-Wmacro-redefined]
C/C++:    12 | #define __ANDROID_API__ 24
C/C++:       |         ^
C/C++: /home/runner/work/x25-airplay-receiver/x25-airplay-receiver/app/.cxx/RelWithDebInfo/416841uv/x86_64/<built-in>:391:9: note: previous definition is here
C/C++:   391 | #define __ANDROID_API__ __ANDROID_MIN_SDK_VERSION__
C/C++:       |         ^
C/C++: 1 warning generated.
C/C++: In file included from /home/runner/work/x25-airplay-receiver/x25-airplay-receiver/app/.cxx/RelWithDebInfo/416841uv/x86_64/<built-in>:399:
C/C++: /home/runner/work/x25-airplay-receiver/x25-airplay-receiver/app/.cxx/RelWithDebInfo/416841uv/x86_64/<command line>:12:9: warning: '__ANDROID_API__' macro redefined [-Wmacro-redefined]
C/C++:    12 | #define __ANDROID_API__ 24
C/C++:       |         ^
C/C++: /home/runner/work/x25-airplay-receiver/x25-airplay-receiver/app/.cxx/RelWithDebInfo/416841uv/x86_64/<built-in>:391:9: note: previous definition is here
C/C++:   391 | #define __ANDROID_API__ __ANDROID_MIN_SDK_VERSION__
C/C++:       |         ^
C/C++: 1 warning generated.
C/C++: In file included from /home/runner/work/x25-airplay-receiver/x25-airplay-receiver/app/.cxx/RelWithDebInfo/416841uv/x86_64/<built-in>:399:
C/C++: /home/runner/work/x25-airplay-receiver/x25-airplay-receiver/app/.cxx/RelWithDebInfo/416841uv/x86_64/<command line>:12:9: warning: '__ANDROID_API__' macro redefined [-Wmacro-redefined]
C/C++:    12 | #define __ANDROID_API__ 24
C/C++:       |         ^
C/C++: /home/runner/work/x25-airplay-receiver/x25-airplay-receiver/app/.cxx/RelWithDebInfo/416841uv/x86_64/<built-in>:391:9: note: previous definition is here
C/C++:   391 | #define __ANDROID_API__ __ANDROID_MIN_SDK_VERSION__
C/C++:       |         ^
C/C++: 1 warning generated.
C/C++: In file included from /home/runner/work/x25-airplay-receiver/x25-airplay-receiver/app/.cxx/RelWithDebInfo/416841uv/x86_64/<built-in>:399:
C/C++: /home/runner/work/x25-airplay-receiver/x25-airplay-receiver/app/.cxx/RelWithDebInfo/416841uv/x86_64/<command line>:12:9: warning: '__ANDROID_API__' macro redefined [-Wmacro-redefined]
C/C++:    12 | #define __ANDROID_API__ 24
C/C++:       |         ^
C/C++: /home/runner/work/x25-airplay-receiver/x25-airplay-receiver/app/.cxx/RelWithDebInfo/416841uv/x86_64/<built-in>:391:9: note: previous definition is here
C/C++:   391 | #define __ANDROID_API__ __ANDROID_MIN_SDK_VERSION__
C/C++:       |         ^
C/C++: In file included from /home/runner/work/x25-airplay-receiver/x25-airplay-receiver/app/.cxx/RelWithDebInfo/416841uv/x86_64/<built-in>:399:
C/C++: /home/runner/work/x25-airplay-receiver/x25-airplay-receiver/app/.cxx/RelWithDebInfo/416841uv/x86_64/<command line>:12:9: warning: '__ANDROID_API__' macro redefined [-Wmacro-redefined]
C/C++:    12 | #define __ANDROID_API__ 24
C/C++:       |         ^
C/C++: /home/runner/work/x25-airplay-receiver/x25-airplay-receiver/app/.cxx/RelWithDebInfo/416841uv/x86_64/<built-in>:391:9: note: previous definition is here
C/C++:   391 | #define __ANDROID_API__ __ANDROID_MIN_SDK_VERSION__x86_64-linux-android24-clang  -I. -Iinclude  -DAES_ASM -fPIC -pthread -Wa,--noexecstack -Qunused-arguments -g -DANDROID -fdata-sections -ffunction-sections -funwind-tables -fstack-protector-strong -no-canonical-prefixes -D__BIONIC_NO_PAGE_SIZE_MACRO -D_FORTIFY_SOURCE=2 -Wformat -Werror=format-security  -ffile-prefix-map=/home/runner/work/x25-airplay-receiver/x25-airplay-receiver/app/src/main/cpp=. -ffile-prefix-map=/home/runner/work/x25-airplay-receiver/x25-airplay-receiver/app/.cxx/RelWithDebInfo/416841uv/x86_64=. -ffile-prefix-map=/usr/local/lib/android/sdk/ndk/27.0.12077973=. -Qunused-arguments -DOPENSSL_USE_NODELETE -DOPENSSL_PIC -DOPENSSLDIR="\"/usr/local/ssl\"" -DENGINESDIR="\"/usr/local/lib/engines-3\"" -DMODULESDIR="\"/usr/local/lib/ossl-modules\"" -DOPENSSL_BUILDING_OPENSSL -DNDEBUG -D__ANDROID_API__=24 -g -DANDROID -fdata-sections -ffunction-sections -funwind-tables -fstack-protector-strong -no-canonical-prefixes -D__BIONIC_NO_PAGE_SIZE_MACRO -D_FORTIFY_SOURCE=2 -Wformat -Werror=format-security   -ffile-prefix-map=/home/runner/work/x25-airplay-receiver/x25-airplay-receiver/app/src/main/cpp=. -ffile-prefix-map=/home/runner/work/x25-airplay-receiver/x25-airplay-receiver/app/.cxx/RelWithDebInfo/416841uv/x86_64=. -ffile-prefix-map=/usr/local/lib/android/sdk/ndk/27.0.12077973=. -Qunused-arguments -MMD -MF crypto/thread/libssl-shlib-arch.d.tmp -c -o crypto/thread/libssl-shlib-arch.o crypto/thread/arch.c
C/C++:       |         ^
C/C++: In file included from /home/runner/work/x25-airplay-receiver/x25-airplay-receiver/app/.cxx/RelWithDebInfo/416841uv/x86_64/<built-in>:399:
C/C++: /home/runner/work/x25-airplay-receiver/x25-airplay-receiver/app/.cxx/RelWithDebInfo/416841uv/x86_64/<command line>:12:9: warning: '__ANDROID_API__' macro redefined [-Wmacro-redefined]
C/C++:    12 | #define __ANDROID_API__ 24
C/C++:       |         ^
C/C++: /home/runner/work/x25-airplay-receiver/x25-airplay-receiver/app/.cxx/RelWithDebInfo/416841uv/x86_64/<built-in>:391:9: note: previous definition is here
C/C++:   391 | #define __ANDROID_API__ __ANDROID_MIN_SDK_VERSION__
C/C++:       |         ^
C/C++: 1 warning generated.
C/C++: In file included from /home/runner/work/x25-airplay-receiver/x25-airplay-receiver/app/.cxx/RelWithDebInfo/416841uv/x86_64/<built-in>:399:
C/C++: /home/runner/work/x25-airplay-receiver/x25-airplay-receiver/app/.cxx/RelWithDebInfo/416841uv/x86_64/<command line>:12:9: warning: '__ANDROID_API__' macro redefined [-Wmacro-redefined]
C/C++:    12 | #define __ANDROID_API__ 24
C/C++:       |         ^
C/C++: /home/runner/work/x25-airplay-receiver/x25-airplay-receiver/app/.cxx/RelWithDebInfo/416841uv/x86_64/<built-in>:391:9: note: previous definition is here
C/C++:   391 | #define __ANDROID_API__ __ANDROID_MIN_SDK_VERSION__
C/C++:       |         ^
C/C++: 1 warning generated.
C/C++: In file included from /home/runner/work/x25-airplay-receiver/x25-airplay-receiver/app/.cxx/RelWithDebInfo/416841uv/x86_64/<built-in>:399:
C/C++: /home/runner/work/x25-airplay-receiver/x25-airplay-receiver/app/.cxx/RelWithDebInfo/416841uv/x86_64/<command line>:12:9: warning: '__ANDROID_API__' macro redefined [-Wmacro-redefined]
C/C++:    12 | #define __ANDROID_API__ 24
C/C++:       |         ^
C/C++: /home/runner/work/x25-airplay-receiver/x25-airplay-receiver/app/.cxx/RelWithDebInfo/416841uv/x86_64/<built-in>:391:9: note: previous definition is here
C/C++:   391 | #define __ANDROID_API__ __ANDROID_MIN_SDK_VERSION__
C/C++:       |         ^
C/C++: x86_64-linux-android24-clang  -I. -Iinclude  -DAES_ASM -fPIC -pthread -Wa,--noexecstack -Qunused-arguments -g -DANDROID -fdata-sections -ffunction-sections -funwind-tables -fstack-protector-strong -no-canonical-prefixes -D__BIONIC_NO_PAGE_SIZE_MACRO -D_FORTIFY_SOURCE=2 -Wformat -Werror=format-security  -ffile-prefix-map=/home/runner/work/x25-airplay-receiver/x25-airplay-receiver/app/src/main/cpp=. -ffile-prefix-map=/home/runner/work/x25-airplay-receiver/x25-airplay-receiver/app/.cxx/RelWithDebInfo/416841uv/x86_64=. -ffile-prefix-map=/usr/local/lib/android/sdk/ndk/27.0.12077973=. -Qunused-arguments -DOPENSSL_USE_NODELETE -DOPENSSL_PIC -DOPENSSLDIR="\"/usr/local/ssl\"" -DENGINESDIR="\"/usr/local/lib/engines-3\"" -DMODULESDIR="\"/usr/local/lib/ossl-modules\"" -DOPENSSL_BUILDING_OPENSSL -DNDEBUG -D__ANDROID_API__=24 -g -DANDROID -fdata-sections -ffunction-sections -funwind-tables -fstack-protector-strong -no-canonical-prefixes -D__BIONIC_NO_PAGE_SIZE_MACRO -D_FORTIFY_SOURCE=2 -Wformat -Werror=format-security   -ffile-prefix-map=/home/runner/work/x25-airplay-receiver/x25-airplay-receiver/app/src/main/cpp=. -ffile-prefix-map=/home/runner/work/x25-airplay-receiver/x25-airplay-receiver/app/.cxx/RelWithDebInfo/416841uv/x86_64=. -ffile-prefix-map=/usr/local/lib/android/sdk/ndk/27.0.12077973=. -Qunused-arguments -MMD -MF ssl/libssl-shlib-d1_msg.d.tmp -c -o ssl/libssl-shlib-d1_msg.o ssl/d1_msg.c
C/C++: In file included from /home/runner/work/x25-airplay-receiver/x25-airplay-receiver/app/.cxx/RelWithDebInfo/416841uv/x86_64/<built-in>:399:
C/C++: /home/runner/work/x25-airplay-receiver/x25-airplay-receiver/app/.cxx/RelWithDebInfo/416841uv/x86_64/<command line>:12:9: warning: '__ANDROID_API__' macro redefined [-Wmacro-redefined]
C/C++:    12 | #define __ANDROID_API__ 24
C/C++:       |         ^
C/C++: /home/runner/work/x25-airplay-receiver/x25-airplay-receiver/app/.cxx/RelWithDebInfo/416841uv/x86_64/<built-in>:391:9: note: previous definition is here
C/C++:   391 | #define __ANDROID_API__ __ANDROID_MIN_SDK_VERSION__
C/C++:       |         ^
C/C++: 1 warning generated.
C/C++: In file included from /home/runner/work/x25-airplay-receiver/x25-airplay-receiver/app/.cxx/RelWithDebInfo/416841uv/x86_64/<built-in>:399:
C/C++: /home/runner/work/x25-airplay-receiver/x25-airplay-receiver/app/.cxx/RelWithDebInfo/416841uv/x86_64/<command line>:12:9: warning: '__ANDROID_API__' macro redefined [-Wmacro-redefined]
C/C++:    12 | #define __ANDROID_API__ 24
C/C++:       |         ^
C/C++: /home/runner/work/x25-airplay-receiver/x25-airplay-receiver/app/.cxx/RelWithDebInfo/416841uv/x86_64/<built-in>:391:9: note: previous definition is here
C/C++:   391 | #define __ANDROID_API__ __ANDROID_MIN_SDK_VERSION__
C/C++:       |         ^
C/C++: 1 warning generated.
C/C++: In file included from /home/runner/work/x25-airplay-receiver/x25-airplay-receiver/app/.cxx/RelWithDebInfo/416841uv/x86_64/<built-in>:399:
C/C++: /home/runner/work/x25-airplay-receiver/x25-airplay-receiver/app/.cxx/RelWithDebInfo/416841uv/x86_64/<command line>:12:9: warning: '__ANDROID_API__' macro redefined [-Wmacro-redefined]
C/C++:    12 | #define __ANDROID_API__ 24
C/C++:       |         ^
C/C++: /home/runner/work/x25-airplay-receiver/x25-airplay-receiver/app/.cxx/RelWithDebInfo/416841uv/x86_64/<built-in>:391:9: note: previous definition is here
C/C++:   391 | #define __ANDROID_API__ __ANDROID_MIN_SDK_VERSION__
C/C++:       |         ^
C/C++: x86_64-linux-android24-clang  -I. -Iinclude  -DAES_ASM -fPIC -pthread -Wa,--noexecstack -Qunused-arguments -g -DANDROID -fdata-sections -ffunction-sections -funwind-tables -fstack-protector-strong -no-canonical-prefixes -D__BIONIC_NO_PAGE_SIZE_MACRO -D_FORTIFY_SOURCE=2 -Wformat -Werror=format-security  -ffile-prefix-map=/home/runner/work/x25-airplay-receiver/x25-airplay-receiver/app/src/main/cpp=. -ffile-prefix-map=/home/runner/work/x25-airplay-receiver/x25-airplay-receiver/app/.cxx/RelWithDebInfo/416841uv/x86_64=. -ffile-prefix-map=/usr/local/lib/android/sdk/ndk/27.0.12077973=. -Qunused-arguments -DOPENSSL_USE_NODELETE -DOPENSSL_PIC -DOPENSSLDIR="\"/usr/local/ssl\"" -DENGINESDIR="\"/usr/local/lib/engines-3\"" -DMODULESDIR="\"/usr/local/lib/ossl-modules\"" -DOPENSSL_BUILDING_OPENSSL -DNDEBUG -D__ANDROID_API__=24 -g -DANDROID -fdata-sections -ffunction-sections -funwind-tables -fstack-protector-strong -no-canonical-prefixes -D__BIONIC_NO_PAGE_SIZE_MACRO -D_FORTIFY_SOURCE=2 -Wformat -Werror=format-security   -ffile-prefix-map=/home/runner/work/x25-airplay-receiver/x25-airplay-receiver/app/src/main/cpp=. -ffile-prefix-map=/home/runner/work/x25-airplay-receiver/x25-airplay-receiver/app/.cxx/RelWithDebInfo/416841uv/x86_64=. -ffile-prefix-map=/usr/local/lib/android/sdk/ndk/27.0.12077973=. -Qunused-arguments -MMD -MF ssl/libssl-shlib-pqueue.d.tmp -c -o ssl/libssl-shlib-pqueue.o ssl/pqueue.c
C/C++: In file included from /home/runner/work/x25-airplay-receiver/x25-airplay-receiver/app/.cxx/RelWithDebInfo/416841uv/x86_64/<built-in>:399:
C/C++: /home/runner/work/x25-airplay-receiver/x25-airplay-receiver/app/.cxx/RelWithDebInfo/416841uv/x86_64/<command line>:12:9: warning: '__ANDROID_API__' macro redefined [-Wmacro-redefined]
C/C++:    12 | #define __ANDROID_API__ 24
C/C++:       |         ^
C/C++: /home/runner/work/x25-airplay-receiver/x25-airplay-receiver/app/.cxx/RelWithDebInfo/416841uv/x86_64/<built-in>:391:9: note: previous definition is here
C/C++:   391 | #define __ANDROID_API__ __ANDROID_MIN_SDK_VERSION__
C/C++:       |         ^
C/C++: 1 warning generated.
C/C++: In file included from /home/runner/work/x25-airplay-receiver/x25-airplay-receiver/app/.cxx/RelWithDebInfo/416841uv/x86_64/<built-in>:399:
C/C++: /home/runner/work/x25-airplay-receiver/x25-airplay-receiver/app/.cxx/RelWithDebInfo/416841uv/x86_64/<command line>:12:9: warning: '__ANDROID_API__' macro redefined [-Wmacro-redefined]
C/C++:    12 | #define __ANDROID_API__ 24
C/C++:       |         ^
C/C++: /home/runner/work/x25-airplay-receiver/x25-airplay-receiver/app/.cxx/RelWithDebInfo/416841uv/x86_64/<built-in>:391:9: note: previous definition is here
C/C++:   391 | #define __ANDROID_API__ __ANDROID_MIN_SDK_VERSION__
C/C++:       |         ^
C/C++: In file included from /home/runner/work/x25-airplay-receiver/x25-airplay-receiver/app/.cxx/RelWithDebInfo/416841uv/x86_64/<built-in>:399:
C/C++: /home/runner/work/x25-airplay-receiver/x25-airplay-receiver/app/.cxx/RelWithDebInfo/416841uv/x86_64/<command line>:12:9: warning: '__ANDROID_API__' macro redefined [-Wmacro-redefined]
C/C++:    12 | #define __ANDROID_API__ 24
C/C++:       |         ^
C/C++: /home/runner/work/x25-airplay-receiver/x25-airplay-receiver/app/.cxx/RelWithDebInfo/416841uv/x86_64/<built-in>:391:9: note: previous definition is here
C/C++:   391 | #define __ANDROID_API__ __ANDROID_MIN_SDK_VERSION__
C/C++:       |         ^
C/C++: x86_64-linux-android24-clang  -I. -Iinclude  -DAES_ASM -fPIC -pthread -Wa,--noexecstack -Qunused-arguments -g -DANDROID -fdata-sections -ffunction-sections -funwind-tables -fstack-protector-strong -no-canonical-prefixes -D__BIONIC_NO_PAGE_SIZE_MACRO -D_FORTIFY_SOURCE=2 -Wformat -Werror=format-security  -ffile-prefix-map=/home/runner/work/x25-airplay-receiver/x25-airplay-receiver/app/src/main/cpp=. -ffile-prefix-map=/home/runner/work/x25-airplay-receiver/x25-airplay-receiver/app/.cxx/RelWithDebInfo/416841uv/x86_64=. -ffile-prefix-map=/usr/local/lib/android/sdk/ndk/27.0.12077973=. -Qunused-arguments -DOPENSSL_USE_NODELETE -DOPENSSL_PIC -DOPENSSLDIR="\"/usr/local/ssl\"" -DENGINESDIR="\"/usr/local/lib/engines-3\"" -DMODULESDIR="\"/usr/local/lib/ossl-modules\"" -DOPENSSL_BUILDING_OPENSSL -DNDEBUG -D__ANDROID_API__=24 -g -DANDROID -fdata-sections -ffunction-sections -funwind-tables -fstack-protector-strong -no-canonical-prefixes -D__BIONIC_NO_PAGE_SIZE_MACRO -D_FORTIFY_SOURCE=2 -Wformat -Werror=format-security   -ffile-prefix-map=/home/runner/work/x25-airplay-receiver/x25-airplay-receiver/app/src/main/cpp=. -ffile-prefix-map=/home/runner/work/x25-airplay-receiver/x25-airplay-receiver/app/.cxx/RelWithDebInfo/416841uv/x86_64=. -ffile-prefix-map=/usr/local/lib/android/sdk/ndk/27.0.12077973=. -Qunused-arguments -MMD -MF ssl/libssl-shlib-s3_lib.d.tmp -c -o ssl/libssl-shlib-s3_lib.o ssl/s3_lib.c
C/C++: In file included from /home/runner/work/x25-airplay-receiver/x25-airplay-receiver/app/.cxx/RelWithDebInfo/416841uv/x86_64/<built-in>:399:
C/C++: /home/runner/work/x25-airplay-receiver/x25-airplay-receiver/app/.cxx/RelWithDebInfo/416841uv/x86_64/<command line>:12:9: warning: '__ANDROID_API__' macro redefined [-Wmacro-redefined]
C/C++:    12 | #define __ANDROID_API__ 24
C/C++:       |         ^
C/C++: /home/runner/work/x25-airplay-receiver/x25-airplay-receiver/app/.cxx/RelWithDebInfo/416841uv/x86_64/<built-in>:391:9: note: previous definition is here
C/C++:   391 | #define __ANDROID_API__ __ANDROID_MIN_SDK_VERSION__
C/C++:       |         ^
C/C++: 1 warning generated.
C/C++: In file included from /home/runner/work/x25-airplay-receiver/x25-airplay-receiver/app/.cxx/RelWithDebInfo/416841uv/x86_64/<built-in>:399:
C/C++: /home/runner/work/x25-airplay-receiver/x25-airplay-receiver/app/.cxx/RelWithDebInfo/416841uv/x86_64/<command line>:12:9: warning: '__ANDROID_API__' macro redefined [-Wmacro-redefined]
C/C++:    12 | #define __ANDROID_API__ 24
C/C++:       |         ^
C/C++: /home/runner/work/x25-airplay-receiver/x25-airplay-receiver/app/.cxx/RelWithDebInfo/416841uv/x86_64/<built-in>:391:9: note: previous definition is here
C/C++:   391 | #define __ANDROID_API__ __ANDROID_MIN_SDK_VERSION__
C/C++:       |         ^
C/C++: 1 warning generated.
C/C++: In file included from /home/runner/work/x25-airplay-receiver/x25-airplay-receiver/app/.cxx/RelWithDebInfo/416841uv/x86_64/<built-in>:399:
C/C++: /home/runner/work/x25-airplay-receiver/x25-airplay-receiver/app/.cxx/RelWithDebInfo/416841uv/x86_64/<command line>:12:9: warning: '__ANDROID_API__' macro redefined [-Wmacro-redefined]
C/C++:    12 | #define __ANDROID_API__ 24
C/C++:       |         ^
C/C++: /home/runner/work/x25-airplay-receiver/x25-airplay-receiver/app/.cxx/RelWithDebInfo/416841uv/x86_64/<built-in>:391:9: note: previous definition is here
C/C++:   391 | #define __ANDROID_API__ __ANDROID_MIN_SDK_VERSION__
C/C++:       |         ^
C/C++: 1 warning generated.
C/C++: In file included from /home/runner/work/x25-airplay-receiver/x25-airplay-receiver/app/.cxx/RelWithDebInfo/416841uv/x86_64/<built-in>:399:
C/C++: /home/runner/work/x25-airplay-receiver/x25-airplay-receiver/app/.cxx/RelWithDebInfo/416841uv/x86_64/<command line>:12:9: warning: '__ANDROID_API__' macro redefined [-Wmacro-redefined]
C/C++:    12 | #define __ANDROID_API__ 24
C/C++:       |         ^
C/C++: /home/runner/work/x25-airplay-receiver/x25-airplay-receiver/app/.cxx/RelWithDebInfo/416841uv/x86_64/<built-in>:391:9: note: previous definition is here
C/C++:   391 | #define __ANDROID_API__ __ANDROID_MIN_SDK_VERSION__
C/C++:       |         ^
C/C++: 1 warning generated.
C/C++: In file included from /home/runner/work/x25-airplay-receiver/x25-airplay-receiver/app/.cxx/RelWithDebInfo/416841uv/x86_64/<built-in>:399:
C/C++: /home/runner/work/x25-airplay-receiver/x25-airplay-receiver/app/.cxx/RelWithDebInfo/416841uv/x86_64/<command line>:12:9: warning: '__ANDROID_API__' macro redefined [-Wmacro-redefined]
C/C++:    12 | #define __ANDROID_API__ 24
C/C++:       |         ^
C/C++: /home/runner/work/x25-airplay-receiver/x25-airplay-receiver/app/.cxx/RelWithDebInfo/416841uv/x86_64/<built-in>:391:9: note: previous definition is here
C/C++:   391 | #define __ANDROID_API__ __ANDROID_MIN_SDK_VERSION__
C/C++:       |         ^
C/C++: 1 warning generated.
C/C++: In file included from /home/runner/work/x25-airplay-receiver/x25-airplay-receiver/app/.cxx/RelWithDebInfo/416841uv/x86_64/<built-in>:399:
C/C++: /home/runner/work/x25-airplay-receiver/x25-airplay-receiver/app/.cxx/RelWithDebInfo/416841uv/x86_64/<command line>:12:9: warning: '__ANDROID_API__' macro redefined [-Wmacro-redefined]
C/C++:    12 | #define __ANDROID_API__ 24
C/C++:       |         ^
C/C++: /home/runner/work/x25-airplay-receiver/x25-airplay-receiver/app/.cxx/RelWithDebInfo/416841uv/x86_64/<built-in>:391:9: note: previous definition is here
C/C++:   391 | #define __ANDROID_API__ __ANDROID_MIN_SDK_VERSION__
C/C++:       |         ^
C/C++: 1 warning generated.
C/C++: In file included from /home/runner/work/x25-airplay-receiver/x25-airplay-receiver/app/.cxx/RelWithDebInfo/416841uv/x86_64/<built-in>:399:
C/C++: /home/runner/work/x25-airplay-receiver/x25-airplay-receiver/app/.cxx/RelWithDebInfo/416841uv/x86_64/<command line>:12:9: warning: '__ANDROID_API__' macro redefined [-Wmacro-redefined]
C/C++:    12 | #define __ANDROID_API__ 24
C/C++:       |         ^
C/C++: /home/runner/work/x25-airplay-receiver/x25-airplay-receiver/app/.cxx/RelWithDebInfo/416841uv/x86_64/<built-in>:391:9: note: previous definition is here
C/C++:   391 | #define __ANDROID_API__ __ANDROID_MIN_SDK_VERSION__
C/C++:       |         ^
C/C++: x86_64-linux-android24-clang  -I. -Iinclude  -DAES_ASM -fPIC -pthread -Wa,--noexecstack -Qunused-arguments -g -DANDROID -fdata-sections -ffunction-sections -funwind-tables -fstack-protector-strong -no-canonical-prefixes -D__BIONIC_NO_PAGE_SIZE_MACRO -D_FORTIFY_SOURCE=2 -Wformat -Werror=format-security  -ffile-prefix-map=/home/runner/work/x25-airplay-receiver/x25-airplay-receiver/app/src/main/cpp=. -ffile-prefix-map=/home/runner/work/x25-airplay-receiver/x25-airplay-receiver/app/.cxx/RelWithDebInfo/416841uv/x86_64=. -ffile-prefix-map=/usr/local/lib/android/sdk/ndk/27.0.12077973=. -Qunused-arguments -DOPENSSL_USE_NODELETE -DOPENSSL_PIC -DOPENSSLDIR="\"/usr/local/ssl\"" -DENGINESDIR="\"/usr/local/lib/engines-3\"" -DMODULESDIR="\"/usr/local/lib/ossl-modules\"" -DOPENSSL_BUILDING_OPENSSL -DNDEBUG -D__ANDROID_API__=24 -g -DANDROID -fdata-sections -ffunction-sections -funwind-tables -fstack-protector-strong -no-canonical-prefixes -D__BIONIC_NO_PAGE_SIZE_MACRO -D_FORTIFY_SOURCE=2 -Wformat -Werror=format-security   -ffile-prefix-map=/home/runner/work/x25-airplay-receiver/x25-airplay-receiver/app/src/main/cpp=. -ffile-prefix-map=/home/runner/work/x25-airplay-receiver/x25-airplay-receiver/app/.cxx/RelWithDebInfo/416841uv/x86_64=. -ffile-prefix-map=/usr/local/lib/android/sdk/ndk/27.0.12077973=. -Qunused-arguments -MMD -MF ssl/libssl-shlib-ssl_err_legacy.d.tmp -c -o ssl/libssl-shlib-ssl_err_legacy.o ssl/ssl_err_legacy.c
C/C++: In file included from /home/runner/work/x25-airplay-receiver/x25-airplay-receiver/app/.cxx/RelWithDebInfo/416841uv/x86_64/<built-in>:399:
C/C++: /home/runner/work/x25-airplay-receiver/x25-airplay-receiver/app/.cxx/RelWithDebInfo/416841uv/x86_64/<command line>:12:9: warning: '__ANDROID_API__' macro redefined [-Wmacro-redefined]
C/C++:    12 | #define __ANDROID_API__ 24
C/C++:       |         ^
C/C++: /home/runner/work/x25-airplay-receiver/x25-airplay-receiver/app/.cxx/RelWithDebInfo/416841uv/x86_64/<built-in>:391:9: note: previous definition is here
C/C++:   391 | #define __ANDROID_API__ __ANDROID_MIN_SDK_VERSION__
C/C++:       |         ^
C/C++: 1 warning generated.
C/C++: In file included from /home/runner/work/x25-airplay-receiver/x25-airplay-receiver/app/.cxx/RelWithDebInfo/416841uv/x86_64/<built-in>:399:
C/C++: /home/runner/work/x25-airplay-receiver/x25-airplay-receiver/app/.cxx/RelWithDebInfo/416841uv/x86_64/<command line>:12:9: warning: '__ANDROID_API__' macro redefined [-Wmacro-redefined]
C/C++:    12 | #define __ANDROID_API__ 24
C/C++:       |         ^
C/C++: /home/runner/work/x25-airplay-receiver/x25-airplay-receiver/app/.cxx/RelWithDebInfo/416841uv/x86_64/<built-in>:391:9: note: previous definition is here
C/C++:   391 | #define __ANDROID_API__ __ANDROID_MIN_SDK_VERSION__
C/C++:       |         ^
C/C++: 1 warning generated.
C/C++: In file included from /home/runner/work/x25-airplay-receiver/x25-airplay-receiver/app/.cxx/RelWithDebInfo/416841uv/x86_64/<built-in>:399:
C/C++: /home/runner/work/x25-airplay-receiver/x25-airplay-receiver/app/.cxx/RelWithDebInfo/416841uv/x86_64/<command line>:12:9: warning: '__ANDROID_API__' macro redefined [-Wmacro-redefined]
C/C++:    12 | #define __ANDROID_API__ 24
C/C++:       |         ^
C/C++: /home/runner/work/x25-airplay-receiver/x25-airplay-receiver/app/.cxx/RelWithDebInfo/416841uv/x86_64/<built-in>:391:9: note: previous definition is here
C/C++:   391 | #define __ANDROID_API__ __ANDROID_MIN_SDK_VERSION__
C/C++:       |         ^
C/C++: 1 warning generated.
C/C++: In file included from /home/runner/work/x25-airplay-receiver/x25-airplay-receiver/app/.cxx/RelWithDebInfo/416841uv/x86_64/<built-in>:399:
C/C++: /home/runner/work/x25-airplay-receiver/x25-airplay-receiver/app/.cxx/RelWithDebInfo/416841uv/x86_64/<command line>:12:9: warning: '__ANDROID_API__' macro redefined [-Wmacro-redefined]
C/C++:    12 | #define __ANDROID_API__ 24
C/C++:       |         ^
C/C++: /home/runner/work/x25-airplay-receiver/x25-airplay-receiver/app/.cxx/RelWithDebInfo/416841uv/x86_64/<built-in>:391:9: note: previous definition is here
C/C++:   391 | #define __ANDROID_API__ __ANDROID_MIN_SDK_VERSION__
C/C++:       |         ^
C/C++: 1 warning generated.
C/C++: In file included from /home/runner/work/x25-airplay-receiver/x25-airplay-receiver/app/.cxx/RelWithDebInfo/416841uv/x86_64/<built-in>:399:
C/C++: /home/runner/work/x25-airplay-receiver/x25-airplay-receiver/app/.cxx/RelWithDebInfo/416841uv/x86_64/<command line>:12:9: warning: '__ANDROID_API__' macro redefined [-Wmacro-redefined]
C/C++:    12 | #define __ANDROID_API__ 24
C/C++:       |         ^
C/C++: /home/runner/work/x25-airplay-receiver/x25-airplay-receiver/app/.cxx/RelWithDebInfo/416841uv/x86_64/<built-in>:391:9: note: previous definition is here
C/C++:   391 | #define __ANDROID_API__ __ANDROID_MIN_SDK_VERSION__
C/C++:       |         ^
C/C++: 1 warning generated.
C/C++: In file included from /home/runner/work/x25-airplay-receiver/x25-airplay-receiver/app/.cxx/RelWithDebInfo/416841uv/x86_64/<built-in>:399:
C/C++: /home/runner/work/x25-airplay-receiver/x25-airplay-receiver/app/.cxx/RelWithDebInfo/416841uv/x86_64/<command line>:12:9: warning: '__ANDROID_API__' macro redefined [-Wmacro-redefined]
C/C++:    12 | #define __ANDROID_API__ 24
C/C++:       |         ^
C/C++: /home/runner/work/x25-airplay-receiver/x25-airplay-receiver/app/.cxx/RelWithDebInfo/416841uv/x86_64/<built-in>:391:9: note: previous definition is here
C/C++:   391 | #define __ANDROID_API__ __ANDROID_MIN_SDK_VERSION__
C/C++:       |         ^
C/C++: 1 warning generated.
C/C++: In file included from /home/runner/work/x25-airplay-receiver/x25-airplay-receiver/app/.cxx/RelWithDebInfo/416841uv/x86_64/<built-in>:399:
C/C++: /home/runner/work/x25-airplay-receiver/x25-airplay-receiver/app/.cxx/RelWithDebInfo/416841uv/x86_64/<command line>:12:9: warning: '__ANDROID_API__' macro redefined [-Wmacro-redefined]
C/C++:    12 | #define __ANDROID_API__ 24
C/C++:       |         ^
C/C++: /home/runner/work/x25-airplay-receiver/x25-airplay-receiver/app/.cxx/RelWithDebInfo/416841uv/x86_64/<built-in>:391:9: note: previous definition is here
C/C++:   391 | #define __ANDROID_API__ __ANDROID_MIN_SDK_VERSION__
C/C++:       |         ^
C/C++: 1 warning generated.
C/C++: In file included from /home/runner/work/x25-airplay-receiver/x25-airplay-receiver/app/.cxx/RelWithDebInfo/416841uv/x86_64/<built-in>:399:
C/C++: /home/runner/work/x25-airplay-receiver/x25-airplay-receiver/app/.cxx/RelWithDebInfo/416841uv/x86_64/<command line>:12:9: warning: '__ANDROID_API__' macro redefined [-Wmacro-redefined]
C/C++:    12 | #define __ANDROID_API__ 24
C/C++:       |         ^
C/C++: /home/runner/work/x25-airplay-receiver/x25-airplay-receiver/app/.cxx/RelWithDebInfo/416841uv/x86_64/<built-in>:391:9: note: previous definition is here
C/C++:   391 | #define __ANDROID_API__ __ANDROID_MIN_SDK_VERSION__
C/C++:       |         ^
C/C++: x86_64-linux-android24-clang  -I. -Iinclude  -DAES_ASM -fPIC -pthread -Wa,--noexecstack -Qunused-arguments -g -DANDROID -fdata-sections -ffunction-sections -funwind-tables -fstack-protector-strong -no-canonical-prefixes -D__BIONIC_NO_PAGE_SIZE_MACRO -D_FORTIFY_SOURCE=2 -Wformat -Werror=format-security  -ffile-prefix-map=/home/runner/work/x25-airplay-receiver/x25-airplay-receiver/app/src/main/cpp=. -ffile-prefix-map=/home/runner/work/x25-airplay-receiver/x25-airplay-receiver/app/.cxx/RelWithDebInfo/416841uv/x86_64=. -ffile-prefix-map=/usr/local/lib/android/sdk/ndk/27.0.12077973=. -Qunused-arguments -DOPENSSL_USE_NODELETE -DOPENSSL_PIC -DOPENSSLDIR="\"/usr/local/ssl\"" -DENGINESDIR="\"/usr/local/lib/engines-3\"" -DMODULESDIR="\"/usr/local/lib/ossl-modules\"" -DOPENSSL_BUILDING_OPENSSL -DNDEBUG -D__ANDROID_API__=24 -g -DANDROID -fdata-sections -ffunction-sections -funwind-tables -fstack-protector-strong -no-canonical-prefixes -D__BIONIC_NO_PAGE_SIZE_MACRO -D_FORTIFY_SOURCE=2 -Wformat -Werror=format-security   -ffile-prefix-map=/home/runner/work/x25-airplay-receiver/x25-airplay-receiver/app/src/main/cpp=. -ffile-prefix-map=/home/runner/work/x25-airplay-receiver/x25-airplay-receiver/app/.cxx/RelWithDebInfo/416841uv/x86_64=. -ffile-prefix-map=/usr/local/lib/android/sdk/ndk/27.0.12077973=. -Qunused-arguments -MMD -MF ssl/libssl-shlib-ssl_utst.d.tmp -c -o ssl/libssl-shlib-ssl_utst.o ssl/ssl_utst.c
C/C++: 1 warning generated.
C/C++: In file included from /home/runner/work/x25-airplay-receiver/x25-airplay-receiver/app/.cxx/RelWithDebInfo/416841uv/x86_64/<built-in>:399:
C/C++: /home/runner/work/x25-airplay-receiver/x25-airplay-receiver/app/.cxx/RelWithDebInfo/416841uv/x86_64/<command line>:12:9: warning: '__ANDROID_API__' macro redefined [-Wmacro-redefined]
C/C++:    12 | #define __ANDROID_API__ 24
C/C++:       |         ^
C/C++: /home/runner/work/x25-airplay-receiver/x25-airplay-receiver/app/.cxx/RelWithDebInfo/416841uv/x86_64/<built-in>:391:9: note: previous definition is here
C/C++:   391 | #define __ANDROID_API__ __ANDROID_MIN_SDK_VERSION__
C/C++:       |         ^
C/C++: x86_64-linux-android24-clang  -I. -Iinclude  -DAES_ASM -fPIC -pthread -Wa,--noexecstack -Qunused-arguments -g -DANDROID -fdata-sections -ffunction-sections -funwind-tables -fstack-protector-strong -no-canonical-prefixes -D__BIONIC_NO_PAGE_SIZE_MACRO -D_FORTIFY_SOURCE=2 -Wformat -Werror=format-security  -ffile-prefix-map=/home/runner/work/x25-airplay-receiver/x25-airplay-receiver/app/src/main/cpp=. -ffile-prefix-map=/home/runner/work/x25-airplay-receiver/x25-airplay-receiver/app/.cxx/RelWithDebInfo/416841uv/x86_64=. -ffile-prefix-map=/usr/local/lib/android/sdk/ndk/27.0.12077973=. -Qunused-arguments -DOPENSSL_USE_NODELETE -DOPENSSL_PIC -DOPENSSLDIR="\"/usr/local/ssl\"" -DENGINESDIR="\"/usr/local/lib/engines-3\"" -DMODULESDIR="\"/usr/local/lib/ossl-modules\"" -DOPENSSL_BUILDING_OPENSSL -DNDEBUG -D__ANDROID_API__=24 -g -DANDROID -fdata-sections -ffunction-sections -funwind-tables -fstack-protector-strong -no-canonical-prefixes -D__BIONIC_NO_PAGE_SIZE_MACRO -D_FORTIFY_SOURCE=2 -Wformat -Werror=format-security   -ffile-prefix-map=/home/runner/work/x25-airplay-receiver/x25-airplay-receiver/app/src/main/cpp=. -ffile-prefix-map=/home/runner/work/x25-airplay-receiver/x25-airplay-receiver/app/.cxx/RelWithDebInfo/416841uv/x86_64=. -ffile-prefix-map=/usr/local/lib/android/sdk/ndk/27.0.12077973=. -Qunused-arguments -MMD -MF ssl/libssl-shlib-t1_enc.d.tmp -c -o ssl/libssl-shlib-t1_enc.o ssl/t1_enc.c
C/C++: 1 warning generated.
C/C++: In file included from /home/runner/work/x25-airplay-receiver/x25-airplay-receiver/app/.cxx/RelWithDebInfo/416841uv/x86_64/<built-in>:399:
C/C++: /home/runner/work/x25-airplay-receiver/x25-airplay-receiver/app/.cxx/RelWithDebInfo/416841uv/x86_64/<command line>:12:9: warning: '__ANDROID_API__' macro redefined [-Wmacro-redefined]
C/C++:    12 | #define __ANDROID_API__ 24
C/C++:       |         ^
C/C++: /home/runner/work/x25-airplay-receiver/x25-airplay-receiver/app/.cxx/RelWithDebInfo/416841uv/x86_64/<built-in>:391:9: note: previous definition is here
C/C++:   391 | #define __ANDROID_API__ __ANDROID_MIN_SDK_VERSION__
C/C++:       |         ^
C/C++: In file included from /home/runner/work/x25-airplay-receiver/x25-airplay-receiver/app/.cxx/RelWithDebInfo/416841uv/x86_64/<built-in>:399:
C/C++: /home/runner/work/x25-airplay-receiver/x25-airplay-receiver/app/.cxx/RelWithDebInfo/416841uv/x86_64/<command line>:12:9: warning: '__ANDROID_API__' macro redefined [-Wmacro-redefined]
C/C++:    12 | #define __ANDROID_API__ 24
C/C++:       |         ^
C/C++: /home/runner/work/x25-airplay-receiver/x25-airplay-receiver/app/.cxx/RelWithDebInfo/416841uv/x86_64/<built-in>:391:9: note: previous definition is here
C/C++:   391 | #define __ANDROID_API__ __ANDROID_MIN_SDK_VERSION__
C/C++:       |         ^
C/C++: 1 warning generated.
C/C++: In file included from /home/runner/work/x25-airplay-receiver/x25-airplay-receiver/app/.cxx/RelWithDebInfo/416841uv/x86_64/<built-in>:399:
C/C++: /home/runner/work/x25-airplay-receiver/x25-airplay-receiver/app/.cxx/RelWithDebInfo/416841uv/x86_64/<command line>:12:9: warning: '__ANDROID_API__' macro redefined [-Wmacro-redefined]
C/C++:    12 | #define __ANDROID_API__ 24
C/C++:       |         ^
C/C++: /home/runner/work/x25-airplay-receiver/x25-airplay-receiver/app/.cxx/RelWithDebInfo/416841uv/x86_64/<built-in>:391:9: note: previous definition is here
C/C++:   391 | #define __ANDROID_API__ __ANDROID_MIN_SDK_VERSION__
C/C++:       |         ^
C/C++: x86_64-linux-android24-clang  -I. -Iinclude  -DAES_ASM -fPIC -pthread -Wa,--noexecstack -Qunused-arguments -g -DANDROID -fdata-sections -ffunction-sections -funwind-tables -fstack-protector-strong -no-canonical-prefixes -D__BIONIC_NO_PAGE_SIZE_MACRO -D_FORTIFY_SOURCE=2 -Wformat -Werror=format-security  -ffile-prefix-map=/home/runner/work/x25-airplay-receiver/x25-airplay-receiver/app/src/main/cpp=. -ffile-prefix-map=/home/runner/work/x25-airplay-receiver/x25-airplay-receiver/app/.cxx/RelWithDebInfo/416841uv/x86_64=. -ffile-prefix-map=/usr/local/lib/android/sdk/ndk/27.0.12077973=. -Qunused-arguments -DOPENSSL_USE_NODELETE -DOPENSSL_PIC -DOPENSSLDIR="\"/usr/local/ssl\"" -DENGINESDIR="\"/usr/local/lib/engines-3\"" -DMODULESDIR="\"/usr/local/lib/ossl-modules\"" -DOPENSSL_BUILDING_OPENSSL -DNDEBUG -D__ANDROID_API__=24 -g -DANDROID -fdata-sections -ffunction-sections -funwind-tables -fstack-protector-strong -no-canonical-prefixes -D__BIONIC_NO_PAGE_SIZE_MACRO -D_FORTIFY_SOURCE=2 -Wformat -Werror=format-security   -ffile-prefix-map=/home/runner/work/x25-airplay-receiver/x25-airplay-receiver/app/src/main/cpp=. -ffile-prefix-map=/home/runner/work/x25-airplay-receiver/x25-airplay-receiver/app/.cxx/RelWithDebInfo/416841uv/x86_64=. -ffile-prefix-map=/usr/local/lib/android/sdk/ndk/27.0.12077973=. -Qunused-arguments -MMD -MF ssl/libssl-shlib-tls13_enc.d.tmp -c -o ssl/libssl-shlib-tls13_enc.o ssl/tls13_enc.c
C/C++: In file included from /home/runner/work/x25-airplay-receiver/x25-airplay-receiver/app/.cxx/RelWithDebInfo/416841uv/x86_64/<built-in>:399:
C/C++: /home/runner/work/x25-airplay-receiver/x25-airplay-receiver/app/.cxx/RelWithDebInfo/416841uv/x86_64/<command line>:12:9: warning: '__ANDROID_API__' macro redefined [-Wmacro-redefined]
C/C++:    12 | #define __ANDROID_API__ 24
C/C++:       |         ^
C/C++: /home/runner/work/x25-airplay-receiver/x25-airplay-receiver/app/.cxx/RelWithDebInfo/416841uv/x86_64/<built-in>:391:9: note: previous definition is here
C/C++:   391 | #define __ANDROID_API__ __ANDROID_MIN_SDK_VERSION__
C/C++:       |         ^
C/C++: 1 warning generated.
C/C++: In file included from /home/runner/work/x25-airplay-receiver/x25-airplay-receiver/app/.cxx/RelWithDebInfo/416841uv/x86_64/<built-in>:399:
C/C++: /home/runner/work/x25-airplay-receiver/x25-airplay-receiver/app/.cxx/RelWithDebInfo/416841uv/x86_64/<command line>:12:9: warning: '__ANDROID_API__' macro redefined [-Wmacro-redefined]
C/C++:    12 | #define __ANDROID_API__ 24
C/C++:       |         ^
C/C++: /home/runner/work/x25-airplay-receiver/x25-airplay-receiver/app/.cxx/RelWithDebInfo/416841uv/x86_64/<built-in>:391:9: note: previous definition is here
C/C++:   391 | #define __ANDROID_API__ __ANDROID_MIN_SDK_VERSION__
C/C++:       |         ^
C/C++: 1 warning generated.
C/C++: In file included from /home/runner/work/x25-airplay-receiver/x25-airplay-receiver/app/.cxx/RelWithDebInfo/416841uv/x86_64/<built-in>:399:
C/C++: /home/runner/work/x25-airplay-receiver/x25-airplay-receiver/app/.cxx/RelWithDebInfo/416841uv/x86_64/<command line>:12:9: warning: '__ANDROID_API__' macro redefined [-Wmacro-redefined]
C/C++:    12 | #define __ANDROID_API__ 24
C/C++:       |         ^
C/C++: /home/runner/work/x25-airplay-receiver/x25-airplay-receiver/app/.cxx/RelWithDebInfo/416841uv/x86_64/<built-in>:391:9: note: previous definition is here
C/C++:   391 | #define __ANDROID_API__ __ANDROID_MIN_SDK_VERSION__
C/C++:       |         ^
C/C++: In file included from /home/runner/work/x25-airplay-receiver/x25-airplay-receiver/app/.cxx/RelWithDebInfo/416841uv/x86_64/<built-in>:399:
C/C++: /home/runner/work/x25-airplay-receiver/x25-airplay-receiver/app/.cxx/RelWithDebInfo/416841uv/x86_64/<command line>:12:9: warning: '__ANDROID_API__' macro redefined [-Wmacro-redefined]
C/C++:    12 | #define __ANDROID_API__ 24
C/C++:       |         ^
C/C++: /home/runner/work/x25-airplay-receiver/x25-airplay-receiver/app/.cxx/RelWithDebInfo/416841uv/x86_64/<built-in>:391:9: note: previous definition is here
C/C++:   391 | #define __ANDROID_API__ __ANDROID_MIN_SDK_VERSION__
C/C++:       |         ^
C/C++: In file included from /home/runner/work/x25-airplay-receiver/x25-airplay-receiver/app/.cxx/RelWithDebInfo/416841uv/x86_64/<built-in>:399:
C/C++: /home/runner/work/x25-airplay-receiver/x25-airplay-receiver/app/.cxx/RelWithDebInfo/416841uv/x86_64/<command line>:12:9: warning: '__ANDROID_API__' macro redefined [-Wmacro-redefined]
C/C++:    12 | #define __ANDROID_API__ 24
C/C++:       |         ^
C/C++: /home/runner/work/x25-airplay-receiver/x25-airplay-receiver/app/.cxx/RelWithDebInfo/416841uv/x86_64/<built-in>:391:9: note: previous definition is here
C/C++:   391 | #define __ANDROID_API__ __ANDROID_MIN_SDK_VERSION__
C/C++:       |         ^
C/C++: In file included from /home/runner/work/x25-airplay-receiver/x25-airplay-receiver/app/.cxx/RelWithDebInfo/416841uv/x86_64/<built-in>:399:
C/C++: /home/runner/work/x25-airplay-receiver/x25-airplay-receiver/app/.cxx/RelWithDebInfo/416841uv/x86_64/<command line>:12:9: warning: '__ANDROID_API__' macro redefined [-Wmacro-redefined]
C/C++:    12 | #define __ANDROID_API__ 24
C/C++:       |         ^
C/C++: /home/runner/work/x25-airplay-receiver/x25-airplay-receiver/app/.cxx/RelWithDebInfo/416841uv/x86_64/<built-in>:391:9: note: previous definition is here
C/C++:   391 | #define __ANDROID_API__ __ANDROID_MIN_SDK_VERSION__
C/C++:       |         ^
C/C++: 1 warning generated.
C/C++: In file included from /home/runner/work/x25-airplay-receiver/x25-airplay-receiver/app/.cxx/RelWithDebInfo/416841uv/x86_64/<built-in>:399:
C/C++: /home/runner/work/x25-airplay-receiver/x25-airplay-receiver/app/.cxx/RelWithDebInfo/416841uv/x86_64/<command line>:12:9: warning: '__ANDROID_API__' macro redefined [-Wmacro-redefined]
C/C++:    12 | #define __ANDROID_API__ 24
C/C++:       |         ^
C/C++: /home/runner/work/x25-airplay-receiver/x25-airplay-receiver/app/.cxx/RelWithDebInfo/416841uv/x86_64/<built-in>:391:9: note: previous definition is here
C/C++:   391 | #define __ANDROID_API__ __ANDROID_MIN_SDK_VERSION__
C/C++:       |         ^
C/C++: 1 warning generated.
C/C++: In file included from /home/runner/work/x25-airplay-receiver/x25-airplay-receiver/app/.cxx/RelWithDebInfo/416841uv/x86_64/<built-in>:399:
C/C++: /home/runner/work/x25-airplay-receiver/x25-airplay-receiver/app/.cxx/RelWithDebInfo/416841uv/x86_64/<command line>:12:9: warning: '__ANDROID_API__' macro redefined [-Wmacro-redefined]
C/C++:    12 | #define __ANDROID_API__ 24
C/C++:       |         ^
C/C++: /home/runner/work/x25-airplay-receiver/x25-airplay-receiver/app/.cxx/RelWithDebInfo/416841uv/x86_64/<built-in>:391:9: note: previous definition is here
C/C++:   391 | #define __ANDROID_API__ __ANDROID_MIN_SDK_VERSION__
C/C++:       |         ^
C/C++: 1 warning generated.
C/C++: In file included from /home/runner/work/x25-airplay-receiver/x25-airplay-receiver/app/.cxx/RelWithDebInfo/416841uv/x86_64/<built-in>:399:
C/C++: /home/runner/work/x25-airplay-receiver/x25-airplay-receiver/app/.cxx/RelWithDebInfo/416841uv/x86_64/<command line>:12:9: warning: '__ANDROID_API__' macro redefined [-Wmacro-redefined]
C/C++:    12 | #define __ANDROID_API__ 24
C/C++:       |         ^
C/C++: /home/runner/work/x25-airplay-receiver/x25-airplay-receiver/app/.cxx/RelWithDebInfo/416841uv/x86_64/<built-in>:391:9: note: previous definition is here
C/C++:   391 | #define __ANDROID_API__ __ANDROID_MIN_SDK_VERSION__
C/C++:       |         ^
C/C++: In file included from /home/runner/work/x25-airplay-receiver/x25-airplay-receiver/app/.cxx/RelWithDebInfo/416841uv/x86_64/<built-in>:399:
C/C++: /home/runner/work/x25-airplay-receiver/x25-airplay-receiver/app/.cxx/RelWithDebInfo/416841uv/x86_64/<command line>:12:9: warning: '__ANDROID_API__' macro redefined [-Wmacro-redefined]
C/C++:    12 | #define __ANDROID_API__ 24
C/C++:       |         ^
C/C++: /home/runner/work/x25-airplay-receiver/x25-airplay-receiver/app/.cxx/RelWithDebInfo/416841uv/x86_64/<built-in>:391:9: note: previous definition is here
C/C++:   391 | #define __ANDROID_API__ __ANDROID_MIN_SDK_VERSION__
C/C++:       |         ^
C/C++: 1 warning generated.
C/C++: In file included from /home/runner/work/x25-airplay-receiver/x25-airplay-receiver/app/.cxx/RelWithDebInfo/416841uv/x86_64/<built-in>:399:
C/C++: /home/runner/work/x25-airplay-receiver/x25-airplay-receiver/app/.cxx/RelWithDebInfo/416841uv/x86_64/<command line>:12:9: warning: '__ANDROID_API__' macro redefined [-Wmacro-redefined]
C/C++:    12 | #define __ANDROID_API__ 24
C/C++:       |         ^
C/C++: /home/runner/work/x25-airplay-receiver/x25-airplay-receiver/app/.cxx/RelWithDebInfo/416841uv/x86_64/<built-in>:391:9: note: previous definition is here
C/C++:   391 | #define __ANDROID_API__ __ANDROID_MIN_SDK_VERSION__
C/C++:       |         ^
C/C++: 1 warning generated.
C/C++: In file included from /home/runner/work/x25-airplay-receiver/x25-airplay-receiver/app/.cxx/RelWithDebInfo/416841uv/x86_64/<built-in>:399:
C/C++: /home/runner/work/x25-airplay-receiver/x25-airplay-receiver/app/.cxx/RelWithDebInfo/416841uv/x86_64/<command line>:12:9: warning: '__ANDROID_API__' macro redefined [-Wmacro-redefined]
C/C++:    12 | #define __ANDROID_API__ 24
C/C++:       |         ^
C/C++: /home/runner/work/x25-airplay-receiver/x25-airplay-receiver/app/.cxx/RelWithDebInfo/416841uv/x86_64/<built-in>:391:9: note: previous definition is here
C/C++:   391 | #define __ANDROID_API__ __ANDROID_MIN_SDK_VERSION__
C/C++:       |         ^
C/C++: 1 warning generated.
C/C++: In file included from /home/runner/work/x25-airplay-receiver/x25-airplay-receiver/app/.cxx/RelWithDebInfo/416841uv/x86_64/<built-in>:399:
C/C++: /home/runner/work/x25-airplay-receiver/x25-airplay-receiver/app/.cxx/RelWithDebInfo/416841uv/x86_64/<command line>:12:9: warning: '__ANDROID_API__' macro redefined [-Wmacro-redefined]
C/C++:    12 | #define __ANDROID_API__ 24
C/C++:       |         ^
C/C++: /home/runner/work/x25-airplay-receiver/x25-airplay-receiver/app/.cxx/RelWithDebInfo/416841uv/x86_64/<built-in>:391:9: note: previous definition is here
C/C++:   391 | #define __ANDROID_API__ __ANDROID_MIN_SDK_VERSION__
C/C++:       |         ^
C/C++: 1 warning generated.
C/C++: In file included from /home/runner/work/x25-airplay-receiver/x25-airplay-receiver/app/.cxx/RelWithDebInfo/416841uv/x86_64/<built-in>:399:
C/C++: /home/runner/work/x25-airplay-receiver/x25-airplay-receiver/app/.cxx/RelWithDebInfo/416841uv/x86_64/<command line>:12:9: warning: '__ANDROID_API__' macro redefined [-Wmacro-redefined]
C/C++:    12 | #define __ANDROID_API__ 24
C/C++:       |         ^
C/C++: /home/runner/work/x25-airplay-receiver/x25-airplay-receiver/app/.cxx/RelWithDebInfo/416841uv/x86_64/<built-in>:391:9: note: previous definition is here
C/C++:   391 | #define __ANDROID_API__ __ANDROID_MIN_SDK_VERSION__
C/C++:       |         ^
C/C++: 1 warning generated.
C/C++: In file included from /home/runner/work/x25-airplay-receiver/x25-airplay-receiver/app/.cxx/RelWithDebInfo/416841uv/x86_64/<built-in>:399:
C/C++: /home/runner/work/x25-airplay-receiver/x25-airplay-receiver/app/.cxx/RelWithDebInfo/416841uv/x86_64/<command line>:12:9: warning: '__ANDROID_API__' macro redefined [-Wmacro-redefined]
C/C++:    12 | #define __ANDROID_API__ 24
C/C++:       |         ^
C/C++: /home/runner/work/x25-airplay-receiver/x25-airplay-receiver/app/.cxx/RelWithDebInfo/416841uv/x86_64/<built-in>:391:9: note: previous definition is here
C/C++:   391 | #define __ANDROID_API__ __ANDROID_MIN_SDK_VERSION__
C/C++:       |         ^
C/C++: In file included from /home/runner/work/x25-airplay-receiver/x25-airplay-receiver/app/.cxx/RelWithDebInfo/416841uv/x86_64/<built-in>:399:
C/C++: /home/runner/work/x25-airplay-receiver/x25-airplay-receiver/app/.cxx/RelWithDebInfo/416841uv/x86_64/<command line>:12:9: warning: '__ANDROID_API__' macro redefined [-Wmacro-redefined]
C/C++:    12 | #define __ANDROID_API__ 24
C/C++:       |         ^
C/C++: /home/runner/work/x25-airplay-receiver/x25-airplay-receiver/app/.cxx/RelWithDebInfo/416841uv/x86_64/<built-in>:391:9: note: previous definition is here
C/C++:   391 | #define __ANDROID_API__ __ANDROID_MIN_SDK_VERSION__
C/C++:       |         ^
C/C++: In file included from /home/runner/work/x25-airplay-receiver/x25-airplay-receiver/app/.cxx/RelWithDebInfo/416841uv/x86_64/<built-in>:399:
C/C++: /home/runner/work/x25-airplay-receiver/x25-airplay-receiver/app/.cxx/RelWithDebInfo/416841uv/x86_64/<command line>:12:9: warning: '__ANDROID_API__' macro redefined [-Wmacro-redefined]
C/C++:    12 | #define __ANDROID_API__ 24
C/C++:       |         ^
C/C++: /home/runner/work/x25-airplay-receiver/x25-airplay-receiver/app/.cxx/RelWithDebInfo/416841uv/x86_64/<built-in>:391:9: note: previous definition is here
C/C++:   391 | #define __ANDROID_API__ __ANDROID_MIN_SDK_VERSION__
C/C++:       |         ^
C/C++: 1 warning generated.
C/C++: In file included from /home/runner/work/x25-airplay-receiver/x25-airplay-receiver/app/.cxx/RelWithDebInfo/416841uv/x86_64/<built-in>:399:
C/C++: /home/runner/work/x25-airplay-receiver/x25-airplay-receiver/app/.cxx/RelWithDebInfo/416841uv/x86_64/<command line>:12:9: warning: '__ANDROID_API__' macro redefined [-Wmacro-redefined]
C/C++:    12 | #define __ANDROID_API__ 24
C/C++:       |         ^
C/C++: /home/runner/work/x25-airplay-receiver/x25-airplay-receiver/app/.cxx/RelWithDebInfo/416841uv/x86_64/<built-in>:391:9: note: previous definition is here
C/C++:   391 | #define __ANDROID_API__ __ANDROID_MIN_SDK_VERSION__
C/C++:       |         ^
C/C++: 1 warning generated.
C/C++: In file included from /home/runner/work/x25-airplay-receiver/x25-airplay-receiver/app/.cxx/RelWithDebInfo/416841uv/x86_64/<built-in>:399:
C/C++: /home/runner/work/x25-airplay-receiver/x25-airplay-receiver/app/.cxx/RelWithDebInfo/416841uv/x86_64/<command line>:12:9: warning: '__ANDROID_API__' macro redefined [-Wmacro-redefined]
C/C++:    12 | #define __ANDROID_API__ 24
C/C++:       |         ^
C/C++: /home/runner/work/x25-airplay-receiver/x25-airplay-receiver/app/.cxx/RelWithDebInfo/416841uv/x86_64/<built-in>:391:9: note: previous definition is here
C/C++:   391 | #define __ANDROID_API__ __ANDROID_MIN_SDK_VERSION__
C/C++:       |         ^
C/C++: x86_64-linux-android24-clang  -I. -Iinclude  -DAES_ASM -fPIC -pthread -Wa,--noexecstack -Qunused-arguments -g -DANDROID -fdata-sections -ffunction-sections -funwind-tables -fstack-protector-strong -no-canonical-prefixes -D__BIONIC_NO_PAGE_SIZE_MACRO -D_FORTIFY_SOURCE=2 -Wformat -Werror=format-security  -ffile-prefix-map=/home/runner/work/x25-airplay-receiver/x25-airplay-receiver/app/src/main/cpp=. -ffile-prefix-map=/home/runner/work/x25-airplay-receiver/x25-airplay-receiver/app/.cxx/RelWithDebInfo/416841uv/x86_64=. -ffile-prefix-map=/usr/local/lib/android/sdk/ndk/27.0.12077973=. -Qunused-arguments -DOPENSSL_USE_NODELETE -DOPENSSL_PIC -DOPENSSLDIR="\"/usr/local/ssl\"" -DENGINESDIR="\"/usr/local/lib/engines-3\"" -DMODULESDIR="\"/usr/local/lib/ossl-modules\"" -DOPENSSL_BUILDING_OPENSSL -DNDEBUG -D__ANDROID_API__=24 -g -DANDROID -fdata-sections -ffunction-sections -funwind-tables -fstack-protector-strong -no-canonical-prefixes -D__BIONIC_NO_PAGE_SIZE_MACRO -D_FORTIFY_SOURCE=2 -Wformat -Werror=format-security   -ffile-prefix-map=/home/runner/work/x25-airplay-receiver/x25-airplay-receiver/app/src/main/cpp=. -ffile-prefix-map=/home/runner/work/x25-airplay-receiver/x25-airplay-receiver/app/.cxx/RelWithDebInfo/416841uv/x86_64=. -ffile-prefix-map=/usr/local/lib/android/sdk/ndk/27.0.12077973=. -Qunused-arguments -MMD -MF ssl/quic/libssl-shlib-quic_reactor.d.tmp -c -o ssl/quic/libssl-shlib-quic_reactor.o ssl/quic/quic_reactor.c
C/C++: In file included from /home/runner/work/x25-airplay-receiver/x25-airplay-receiver/app/.cxx/RelWithDebInfo/416841uv/x86_64/<built-in>:399:
C/C++: /home/runner/work/x25-airplay-receiver/x25-airplay-receiver/app/.cxx/RelWithDebInfo/416841uv/x86_64/<command line>:12:9: warning: '__ANDROID_API__' macro redefined [-Wmacro-redefined]
C/C++:    12 | #define __ANDROID_API__ 24
C/C++:       |         ^
C/C++: /home/runner/work/x25-airplay-receiver/x25-airplay-receiver/app/.cxx/RelWithDebInfo/416841uv/x86_64/<built-in>:391:9: note: previous definition is here
C/C++:   391 | #define __ANDROID_API__ __ANDROID_MIN_SDK_VERSION__
C/C++:       |         ^
C/C++: 1 warning generated.
C/C++: In file included from /home/runner/work/x25-airplay-receiver/x25-airplay-receiver/app/.cxx/RelWithDebInfo/416841uv/x86_64/<built-in>:399:
C/C++: /home/runner/work/x25-airplay-receiver/x25-airplay-receiver/app/.cxx/RelWithDebInfo/416841uv/x86_64/<command line>:12:9: warning: '__ANDROID_API__' macro redefined [-Wmacro-redefined]
C/C++:    12 | #define __ANDROID_API__ 24
C/C++:       |         ^
C/C++: /home/runner/work/x25-airplay-receiver/x25-airplay-receiver/app/.cxx/RelWithDebInfo/416841uv/x86_64/<built-in>:391:9: note: previous definition is here
C/C++:   391 | #define __ANDROID_API__ __ANDROID_MIN_SDK_VERSION__
C/C++:       |         ^
C/C++: x86_64-linux-android24-clang  -I. -Iinclude  -DAES_ASM -fPIC -pthread -Wa,--noexecstack -Qunused-arguments -g -DANDROID -fdata-sections -ffunction-sections -funwind-tables -fstack-protector-strong -no-canonical-prefixes -D__BIONIC_NO_PAGE_SIZE_MACRO -D_FORTIFY_SOURCE=2 -Wformat -Werror=format-security  -ffile-prefix-map=/home/runner/work/x25-airplay-receiver/x25-airplay-receiver/app/src/main/cpp=. -ffile-prefix-map=/home/runner/work/x25-airplay-receiver/x25-airplay-receiver/app/.cxx/RelWithDebInfo/416841uv/x86_64=. -ffile-prefix-map=/usr/local/lib/android/sdk/ndk/27.0.12077973=. -Qunused-arguments -DOPENSSL_USE_NODELETE -DOPENSSL_PIC -DOPENSSLDIR="\"/usr/local/ssl\"" -DENGINESDIR="\"/usr/local/lib/engines-3\"" -DMODULESDIR="\"/usr/local/lib/ossl-modules\"" -DOPENSSL_BUILDING_OPENSSL -DNDEBUG -D__ANDROID_API__=24 -g -DANDROID -fdata-sections -ffunction-sections -funwind-tables -fstack-protector-strong -no-canonical-prefixes -D__BIONIC_NO_PAGE_SIZE_MACRO -D_FORTIFY_SOURCE=2 -Wformat -Werror=format-security   -ffile-prefix-map=/home/runner/work/x25-airplay-receiver/x25-airplay-receiver/app/src/main/cpp=. -ffile-prefix-map=/home/runner/work/x25-airplay-receiver/x25-airplay-receiver/app/.cxx/RelWithDebInfo/416841uv/x86_64=. -ffile-prefix-map=/usr/local/lib/android/sdk/ndk/27.0.12077973=. -Qunused-arguments -MMD -MF ssl/quic/libssl-shlib-quic_record_shared.d.tmp -c -o ssl/quic/libssl-shlib-quic_record_shared.o ssl/quic/quic_record_shared.c
C/C++: In file included from /home/runner/work/x25-airplay-receiver/x25-airplay-receiver/app/.cxx/RelWithDebInfo/416841uv/x86_64/<built-in>:399:
C/C++: /home/runner/work/x25-airplay-receiver/x25-airplay-receiver/app/.cxx/RelWithDebInfo/416841uv/x86_64/<command line>:12:9: warning: '__ANDROID_API__' macro redefined [-Wmacro-redefined]
C/C++:    12 | #define __ANDROID_API__ 24
C/C++:       |         ^
C/C++: /home/runner/work/x25-airplay-receiver/x25-airplay-receiver/app/.cxx/RelWithDebInfo/416841uv/x86_64/<built-in>:391:9: note: previous definition is here
C/C++:   391 | #define __ANDROID_API__ __ANDROID_MIN_SDK_VERSION__
C/C++:       |         ^
C/C++: 1 warning generated.
C/C++: In file included from /home/runner/work/x25-airplay-receiver/x25-airplay-receiver/app/.cxx/RelWithDebInfo/416841uv/x86_64/<built-in>:399:
C/C++: /home/runner/work/x25-airplay-receiver/x25-airplay-receiver/app/.cxx/RelWithDebInfo/416841uv/x86_64/<command line>:12:9: warning: '__ANDROID_API__' macro redefined [-Wmacro-redefined]
C/C++:    12 | #define __ANDROID_API__ 24
C/C++:       |         ^
C/C++: /home/runner/work/x25-airplay-receiver/x25-airplay-receiver/app/.cxx/RelWithDebInfo/416841uv/x86_64/<built-in>:391:9: note: previous definition is here
C/C++:   391 | #define __ANDROID_API__ __ANDROID_MIN_SDK_VERSION__
C/C++:       |         ^
C/C++: In file included from /home/runner/work/x25-airplay-receiver/x25-airplay-receiver/app/.cxx/RelWithDebInfo/416841uv/x86_64/<built-in>:399:
C/C++: /home/runner/work/x25-airplay-receiver/x25-airplay-receiver/app/.cxx/RelWithDebInfo/416841uv/x86_64/<command line>:12:9: warning: '__ANDROID_API__' macro redefined [-Wmacro-redefined]
C/C++:    12 | #define __ANDROID_API__ 24
C/C++:       |         ^
C/C++: /home/runner/work/x25-airplay-receiver/x25-airplay-receiver/app/.cxx/RelWithDebInfo/416841uv/x86_64/<built-in>:391:9: note: previous definition is here
C/C++:   391 | #define __ANDROID_API__ __ANDROID_MIN_SDK_VERSION__
C/C++:       |         ^
C/C++: 1 warning generated.
C/C++: In file included from /home/runner/work/x25-airplay-receiver/x25-airplay-receiver/app/.cxx/RelWithDebInfo/416841uv/x86_64/<built-in>:399:
C/C++: /home/runner/work/x25-airplay-receiver/x25-airplay-receiver/app/.cxx/RelWithDebInfo/416841uv/x86_64/<command line>:12:9: warning: '__ANDROID_API__' macro redefined [-Wmacro-redefined]
C/C++:    12 | #define __ANDROID_API__ 24
C/C++:       |         ^
C/C++: /home/runner/work/x25-airplay-receiver/x25-airplay-receiver/app/.cxx/RelWithDebInfo/416841uv/x86_64/<built-in>:391:9: note: previous definition is here
C/C++:   391 | #define __ANDROID_API__ __ANDROID_MIN_SDK_VERSION__
C/C++:       |         ^
C/C++: 1 warning generated.
C/C++: In file included from /home/runner/work/x25-airplay-receiver/x25-airplay-receiver/app/.cxx/RelWithDebInfo/416841uv/x86_64/<built-in>:399:
C/C++: /home/runner/work/x25-airplay-receiver/x25-airplay-receiver/app/.cxx/RelWithDebInfo/416841uv/x86_64/<command line>:12:9: warning: '__ANDROID_API__' macro redefined [-Wmacro-redefined]
C/C++:    12 | #define __ANDROID_API__ 24
C/C++:       |         ^
C/C++: /home/runner/work/x25-airplay-receiver/x25-airplay-receiver/app/.cxx/RelWithDebInfo/416841uv/x86_64/<built-in>:391:9: note: previous definition is here
C/C++:   391 | #define __ANDROID_API__ __ANDROID_MIN_SDK_VERSION__
C/C++:       |         ^
C/C++: x86_64-linux-android24-clang  -I. -Iinclude  -DAES_ASM -fPIC -pthread -Wa,--noexecstack -Qunused-arguments -g -DANDROID -fdata-sections -ffunction-sections -funwind-tables -fstack-protector-strong -no-canonical-prefixes -D__BIONIC_NO_PAGE_SIZE_MACRO -D_FORTIFY_SOURCE=2 -Wformat -Werror=format-security  -ffile-prefix-map=/home/runner/work/x25-airplay-receiver/x25-airplay-receiver/app/src/main/cpp=. -ffile-prefix-map=/home/runner/work/x25-airplay-receiver/x25-airplay-receiver/app/.cxx/RelWithDebInfo/416841uv/x86_64=. -ffile-prefix-map=/usr/local/lib/android/sdk/ndk/27.0.12077973=. -Qunused-arguments -DOPENSSL_USE_NODELETE -DOPENSSL_PIC -DOPENSSLDIR="\"/usr/local/ssl\"" -DENGINESDIR="\"/usr/local/lib/engines-3\"" -DMODULESDIR="\"/usr/local/lib/ossl-modules\"" -DOPENSSL_BUILDING_OPENSSL -DNDEBUG -D__ANDROID_API__=24 -g -DANDROID -fdata-sections -ffunction-sections -funwind-tables -fstack-protector-strong -no-canonical-prefixes -D__BIONIC_NO_PAGE_SIZE_MACRO -D_FORTIFY_SOURCE=2 -Wformat -Werror=format-security   -ffile-prefix-map=/home/runner/work/x25-airplay-receiver/x25-airplay-receiver/app/src/main/cpp=. -ffile-prefix-map=/home/runner/work/x25-airplay-receiver/x25-airplay-receiver/app/.cxx/RelWithDebInfo/416841uv/x86_64=. -ffile-prefix-map=/usr/local/lib/android/sdk/ndk/27.0.12077973=. -Qunused-arguments -MMD -MF ssl/quic/libssl-shlib-quic_sf_list.d.tmp -c -o ssl/quic/libssl-shlib-quic_sf_list.o ssl/quic/quic_sf_list.c
C/C++: In file included from /home/runner/work/x25-airplay-receiver/x25-airplay-receiver/app/.cxx/RelWithDebInfo/416841uv/x86_64/<built-in>:399:
C/C++: /home/runner/work/x25-airplay-receiver/x25-airplay-receiver/app/.cxx/RelWithDebInfo/416841uv/x86_64/<command line>:12:9: warning: '__ANDROID_API__' macro redefined [-Wmacro-redefined]
C/C++:    12 | #define __ANDROID_API__ 24
C/C++:       |         ^
C/C++: /home/runner/work/x25-airplay-receiver/x25-airplay-receiver/app/.cxx/RelWithDebInfo/416841uv/x86_64/<built-in>:391:9: note: previous definition is here
C/C++:   391 | #define __ANDROID_API__ __ANDROID_MIN_SDK_VERSION__
C/C++:       |         ^
C/C++: 1 warning generated.
C/C++: In file included from /home/runner/work/x25-airplay-receiver/x25-airplay-receiver/app/.cxx/RelWithDebInfo/416841uv/x86_64/<built-in>:399:
C/C++: /home/runner/work/x25-airplay-receiver/x25-airplay-receiver/app/.cxx/RelWithDebInfo/416841uv/x86_64/<command line>:12:9: warning: '__ANDROID_API__' macro redefined [-Wmacro-redefined]
C/C++:    12 | #define __ANDROID_API__ 24
C/C++:       |         ^
C/C++: /home/runner/work/x25-airplay-receiver/x25-airplay-receiver/app/.cxx/RelWithDebInfo/416841uv/x86_64/<built-in>:391:9: note: previous definition is here
C/C++:   391 | #define __ANDROID_API__ __ANDROID_MIN_SDK_VERSION__
C/C++:       |         ^
C/C++: 1 warning generated.
C/C++: In file included from /home/runner/work/x25-airplay-receiver/x25-airplay-receiver/app/.cxx/RelWithDebInfo/416841uv/x86_64/<built-in>:399:
C/C++: /home/runner/work/x25-airplay-receiver/x25-airplay-receiver/app/.cxx/RelWithDebInfo/416841uv/x86_64/<command line>:12:9: warning: '__ANDROID_API__' macro redefined [-Wmacro-redefined]
C/C++:    12 | #define __ANDROID_API__ 24
C/C++:       |         ^
C/C++: /home/runner/work/x25-airplay-receiver/x25-airplay-receiver/app/.cxx/RelWithDebInfo/416841uv/x86_64/<built-in>:391:9: note: previous definition is here
C/C++:   391 | #define __ANDROID_API__ __ANDROID_MIN_SDK_VERSION__
C/C++:       |         ^
C/C++: x86_64-linux-android24-clang  -I. -Iinclude  -DAES_ASM -fPIC -pthread -Wa,--noexecstack -Qunused-arguments -g -DANDROID -fdata-sections -ffunction-sections -funwind-tables -fstack-protector-strong -no-canonical-prefixes -D__BIONIC_NO_PAGE_SIZE_MACRO -D_FORTIFY_SOURCE=2 -Wformat -Werror=format-security  -ffile-prefix-map=/home/runner/work/x25-airplay-receiver/x25-airplay-receiver/app/src/main/cpp=. -ffile-prefix-map=/home/runner/work/x25-airplay-receiver/x25-airplay-receiver/app/.cxx/RelWithDebInfo/416841uv/x86_64=. -ffile-prefix-map=/usr/local/lib/android/sdk/ndk/27.0.12077973=. -Qunused-arguments -DOPENSSL_USE_NODELETE -DOPENSSL_PIC -DOPENSSLDIR="\"/usr/local/ssl\"" -DENGINESDIR="\"/usr/local/lib/engines-3\"" -DMODULESDIR="\"/usr/local/lib/ossl-modules\"" -DOPENSSL_BUILDING_OPENSSL -DNDEBUG -D__ANDROID_API__=24 -g -DANDROID -fdata-sections -ffunction-sections -funwind-tables -fstack-protector-strong -no-canonical-prefixes -D__BIONIC_NO_PAGE_SIZE_MACRO -D_FORTIFY_SOURCE=2 -Wformat -Werror=format-security   -ffile-prefix-map=/home/runner/work/x25-airplay-receiver/x25-airplay-receiver/app/src/main/cpp=. -ffile-prefix-map=/home/runner/work/x25-airplay-receiver/x25-airplay-receiver/app/.cxx/RelWithDebInfo/416841uv/x86_64=. -ffile-prefix-map=/usr/local/lib/android/sdk/ndk/27.0.12077973=. -Qunused-arguments -MMD -MF ssl/quic/libssl-shlib-quic_sstream.d.tmp -c -o ssl/quic/libssl-shlib-quic_sstream.o ssl/quic/quic_sstream.c
C/C++: x86_64-linux-android24-clang  -I. -Iinclude  -DAES_ASM -fPIC -pthread -Wa,--noexecstack -Qunused-arguments -g -DANDROID -fdata-sections -ffunction-sections -funwind-tables -fstack-protector-strong -no-canonical-prefixes -D__BIONIC_NO_PAGE_SIZE_MACRO -D_FORTIFY_SOURCE=2 -Wformat -Werror=format-security  -ffile-prefix-map=/home/runner/work/x25-airplay-receiver/x25-airplay-receiver/app/src/main/cpp=. -ffile-prefix-map=/home/runner/work/x25-airplay-receiver/x25-airplay-receiver/app/.cxx/RelWithDebInfo/416841uv/x86_64=. -ffile-prefix-map=/usr/local/lib/android/sdk/ndk/27.0.12077973=. -Qunused-arguments -DOPENSSL_USE_NODELETE -DOPENSSL_PIC -DOPENSSLDIR="\"/usr/local/ssl\"" -DENGINESDIR="\"/usr/local/lib/engines-3\"" -DMODULESDIR="\"/usr/local/lib/ossl-modules\"" -DOPENSSL_BUILDING_OPENSSL -DNDEBUG -D__ANDROID_API__=24 -g -DANDROID -fdata-sections -ffunction-sections -funwind-tables -fstack-protector-strong -no-canonical-prefixes -D__BIONIC_NO_PAGE_SIZE_MACRO -D_FORTIFY_SOURCE=2 -Wformat -Werror=format-security   -ffile-prefix-map=/home/runner/work/x25-airplay-receiver/x25-airplay-receiver/app/src/main/cpp=. -ffile-prefix-map=/home/runner/work/x25-airplay-receiver/x25-airplay-receiver/app/.cxx/RelWithDebInfo/416841uv/x86_64=. -ffile-prefix-map=/usr/local/lib/android/sdk/ndk/27.0.12077973=. -Qunused-arguments -MMD -MF ssl/quic/libssl-shlib-quic_statm.d.tmp -c -o ssl/quic/libssl-shlib-quic_statm.o ssl/quic/quic_statm.c
C/C++: In file included from /home/runner/work/x25-airplay-receiver/x25-airplay-receiver/app/.cxx/RelWithDebInfo/416841uv/x86_64/<built-in>:399:
C/C++: /home/runner/work/x25-airplay-receiver/x25-airplay-receiver/app/.cxx/RelWithDebInfo/416841uv/x86_64/<command line>:12:9: warning: '__ANDROID_API__' macro redefined [-Wmacro-redefined]
C/C++:    12 | #define __ANDROID_API__ 24
C/C++:       |         ^
C/C++: /home/runner/work/x25-airplay-receiver/x25-airplay-receiver/app/.cxx/RelWithDebInfo/416841uv/x86_64/<built-in>:391:9: note: previous definition is here
C/C++:   391 | #define __ANDROID_API__ __ANDROID_MIN_SDK_VERSION__
C/C++:       |         ^
C/C++: In file included from /home/runner/work/x25-airplay-receiver/x25-airplay-receiver/app/.cxx/RelWithDebInfo/416841uv/x86_64/<built-in>:399:
C/C++: /home/runner/work/x25-airplay-receiver/x25-airplay-receiver/app/.cxx/RelWithDebInfo/416841uv/x86_64/<command line>:12:9: warning: '__ANDROID_API__' macro redefined [-Wmacro-redefined]
C/C++:    12 | #define __ANDROID_API__ 24
C/C++:       |         ^
C/C++: /home/runner/work/x25-airplay-receiver/x25-airplay-receiver/app/.cxx/RelWithDebInfo/416841uv/x86_64/<built-in>:391:9: note: previous definition is here
C/C++:   391 | #define __ANDROID_API__ __ANDROID_MIN_SDK_VERSION__
C/C++:       |         ^
C/C++: 1 warning generated.
C/C++: In file included from /home/runner/work/x25-airplay-receiver/x25-airplay-receiver/app/.cxx/RelWithDebInfo/416841uv/x86_64/<built-in>:399:
C/C++: /home/runner/work/x25-airplay-receiver/x25-airplay-receiver/app/.cxx/RelWithDebInfo/416841uv/x86_64/<command line>:12:9: warning: '__ANDROID_API__' macro redefined [-Wmacro-redefined]
C/C++:    12 | #define __ANDROID_API__ 24
C/C++:       |         ^
C/C++: /home/runner/work/x25-airplay-receiver/x25-airplay-receiver/app/.cxx/RelWithDebInfo/416841uv/x86_64/<built-in>:391:9: note: previous definition is here
C/C++:   391 | #define __ANDROID_API__ __ANDROID_MIN_SDK_VERSION__
C/C++:       |         ^
C/C++: 1 warning generated.
C/C++: In file included from /home/runner/work/x25-airplay-receiver/x25-airplay-receiver/app/.cxx/RelWithDebInfo/416841uv/x86_64/<built-in>:399:
C/C++: /home/runner/work/x25-airplay-receiver/x25-airplay-receiver/app/.cxx/RelWithDebInfo/416841uv/x86_64/<command line>:12:9: warning: '__ANDROID_API__' macro redefined [-Wmacro-redefined]
C/C++:    12 | #define __ANDROID_API__ 24
C/C++:       |         ^
C/C++: /home/runner/work/x25-airplay-receiver/x25-airplay-receiver/app/.cxx/RelWithDebInfo/416841uv/x86_64/<built-in>:391:9: note: previous definition is here
C/C++:   391 | #define __ANDROID_API__ __ANDROID_MIN_SDK_VERSION__
C/C++:       |         ^
C/C++: In file included from /home/runner/work/x25-airplay-receiver/x25-airplay-receiver/app/.cxx/RelWithDebInfo/416841uv/x86_64/<built-in>:399:
C/C++: /home/runner/work/x25-airplay-receiver/x25-airplay-receiver/app/.cxx/RelWithDebInfo/416841uv/x86_64/<command line>:12:9: warning: '__ANDROID_API__' macro redefined [-Wmacro-redefined]
C/C++:    12 | #define __ANDROID_API__ 24
C/C++:       |         ^
C/C++: /home/runner/work/x25-airplay-receiver/x25-airplay-receiver/app/.cxx/RelWithDebInfo/416841uv/x86_64/<built-in>:391:9: note: previous definition is here
C/C++:   391 | #define __ANDROID_API__ __ANDROID_MIN_SDK_VERSION__
C/C++:       |         ^
C/C++: 1 warning generated.
C/C++: In file included from /home/runner/work/x25-airplay-receiver/x25-airplay-receiver/app/.cxx/RelWithDebInfo/416841uv/x86_64/<built-in>:399:
C/C++: /home/runner/work/x25-airplay-receiver/x25-airplay-receiver/app/.cxx/RelWithDebInfo/416841uv/x86_64/<command line>:12:9: warning: '__ANDROID_API__' macro redefined [-Wmacro-redefined]
C/C++:    12 | #define __ANDROID_API__ 24
C/C++:       |         ^
C/C++: /home/runner/work/x25-airplay-receiver/x25-airplay-receiver/app/.cxx/RelWithDebInfo/416841uv/x86_64/<built-in>:391:9: note: previous definition is here
C/C++:   391 | #define __ANDROID_API__ __ANDROID_MIN_SDK_VERSION__
C/C++:       |         ^
C/C++: 1 warning generated.
C/C++: In file included from /home/runner/work/x25-airplay-receiver/x25-airplay-receiver/app/.cxx/RelWithDebInfo/416841uv/x86_64/<built-in>:399:
C/C++: /home/runner/work/x25-airplay-receiver/x25-airplay-receiver/app/.cxx/RelWithDebInfo/416841uv/x86_64/<command line>:12:9: warning: '__ANDROID_API__' macro redefined [-Wmacro-redefined]
C/C++:    12 | #define __ANDROID_API__ 24
C/C++:       |         ^
C/C++: /home/runner/work/x25-airplay-receiver/x25-airplay-receiver/app/.cxx/RelWithDebInfo/416841uv/x86_64/<built-in>:391:9: note: previous definition is here
C/C++:   391 | #define __ANDROID_API__ __ANDROID_MIN_SDK_VERSION__
C/C++:       |         ^
C/C++: 1 warning generated.
C/C++: In file included from /home/runner/work/x25-airplay-receiver/x25-airplay-receiver/app/.cxx/RelWithDebInfo/416841uv/x86_64/<built-in>:399:
C/C++: /home/runner/work/x25-airplay-receiver/x25-airplay-receiver/app/.cxx/RelWithDebInfo/416841uv/x86_64/<command line>:12:9: warning: '__ANDROID_API__' macro redefined [-Wmacro-redefined]
C/C++:    12 | #define __ANDROID_API__ 24
C/C++:       |         ^
C/C++: /home/runner/work/x25-airplay-receiver/x25-airplay-receiver/app/.cxx/RelWithDebInfo/416841uv/x86_64/<built-in>:391:9: note: previous definition is here
C/C++:   391 | #define __ANDROID_API__ __ANDROID_MIN_SDK_VERSION__
C/C++:       |         ^
C/C++: 1 warning generated.
C/C++: In file included from /home/runner/work/x25-airplay-receiver/x25-airplay-receiver/app/.cxx/RelWithDebInfo/416841uv/x86_64/<built-in>:399:
C/C++: /home/runner/work/x25-airplay-receiver/x25-airplay-receiver/app/.cxx/RelWithDebInfo/416841uv/x86_64/<command line>:12:9: warning: '__ANDROID_API__' macro redefined [-Wmacro-redefined]
C/C++:    12 | #define __ANDROID_API__ 24
C/C++:       |         ^
C/C++: /home/runner/work/x25-airplay-receiver/x25-airplay-receiver/app/.cxx/RelWithDebInfo/416841uv/x86_64/<built-in>:391:9: note: previous definition is here
C/C++:   391 | #define __ANDROID_API__ __ANDROID_MIN_SDK_VERSION__
C/C++:       |         ^
C/C++: In file included from /home/runner/work/x25-airplay-receiver/x25-airplay-receiver/app/.cxx/RelWithDebInfo/416841uv/x86_64/<built-in>:399:
C/C++: /home/runner/work/x25-airplay-receiver/x25-airplay-receiver/app/.cxx/RelWithDebInfo/416841uv/x86_64/<command line>:12:9: warning: '__ANDROID_API__' macro redefined [-Wmacro-redefined]
C/C++:    12 | #define __ANDROID_API__ 24
C/C++:       |         ^
C/C++: /home/runner/work/x25-airplay-receiver/x25-airplay-receiver/app/.cxx/RelWithDebInfo/416841uv/x86_64/<built-in>:391:9: note: previous definition is here
C/C++:   391 | #define __ANDROID_API__ __ANDROID_MIN_SDK_VERSION__
C/C++:       |         ^
C/C++: 1 warning generated.
C/C++: In file included from /home/runner/work/x25-airplay-receiver/x25-airplay-receiver/app/.cxx/RelWithDebInfo/416841uv/x86_64/<built-in>:399:
C/C++: /home/runner/work/x25-airplay-receiver/x25-airplay-receiver/app/.cxx/RelWithDebInfo/416841uv/x86_64/<command line>:12:9: warning: '__ANDROID_API__' macro redefined [-Wmacro-redefined]
C/C++:    12 | #define __ANDROID_API__ 24
C/C++:       |         ^
C/C++: /home/runner/work/x25-airplay-receiver/x25-airplay-receiver/app/.cxx/RelWithDebInfo/416841uv/x86_64/<built-in>:391:9: note: previous definition is here
C/C++:   391 | #define __ANDROID_API__ __ANDROID_MIN_SDK_VERSION__
C/C++:       |         ^
C/C++: 1 warning generated.
C/C++: In file included from /home/runner/work/x25-airplay-receiver/x25-airplay-receiver/app/.cxx/RelWithDebInfo/416841uv/x86_64/<built-in>:399:
C/C++: /home/runner/work/x25-airplay-receiver/x25-airplay-receiver/app/.cxx/RelWithDebInfo/416841uv/x86_64/<command line>:12:9: warning: '__ANDROID_API__' macro redefined [-Wmacro-redefined]
C/C++:    12 | #define __ANDROID_API__ 24
C/C++:       |         ^
C/C++: /home/runner/work/x25-airplay-receiver/x25-airplay-receiver/app/.cxx/RelWithDebInfo/416841uv/x86_64/<built-in>:391:9: note: previous definition is here
C/C++:   391 | #define __ANDROID_API__ __ANDROID_MIN_SDK_VERSION__
C/C++:       |         ^
C/C++: In file included from /home/runner/work/x25-airplay-receiver/x25-airplay-receiver/app/.cxx/RelWithDebInfo/416841uv/x86_64/<built-in>:399:
C/C++: /home/runner/work/x25-airplay-receiver/x25-airplay-receiver/app/.cxx/RelWithDebInfo/416841uv/x86_64/<command line>:12:9: warning: '__ANDROID_API__' macro redefined [-Wmacro-redefined]
C/C++:    12 | #define __ANDROID_API__ 24
C/C++:       |         ^
C/C++: /home/runner/work/x25-airplay-receiver/x25-airplay-receiver/app/.cxx/RelWithDebInfo/416841uv/x86_64/<built-in>:391:9: note: previous definition is here
C/C++:   391 | #define __ANDROID_API__ __ANDROID_MIN_SDK_VERSION__
C/C++:       |         ^
C/C++: 1 warning generated.
C/C++: In file included from /home/runner/work/x25-airplay-receiver/x25-airplay-receiver/app/.cxx/RelWithDebInfo/416841uv/x86_64/<built-in>:399:
C/C++: /home/runner/work/x25-airplay-receiver/x25-airplay-receiver/app/.cxx/RelWithDebInfo/416841uv/x86_64/<command line>:12:9: warning: '__ANDROID_API__' macro redefined [-Wmacro-redefined]
C/C++:    12 | #define __ANDROID_API__ 24
C/C++:       |         ^
C/C++: /home/runner/work/x25-airplay-receiver/x25-airplay-receiver/app/.cxx/RelWithDebInfo/416841uv/x86_64/<built-in>:391:9: note: previous definition is here
C/C++:   391 | #define __ANDROID_API__ __ANDROID_MIN_SDK_VERSION__
C/C++:       |         ^
C/C++: In file included from /home/runner/work/x25-airplay-receiver/x25-airplay-receiver/app/.cxx/RelWithDebInfo/416841uv/x86_64/<built-in>:399:
C/C++: /home/runner/work/x25-airplay-receiver/x25-airplay-receiver/app/.cxx/RelWithDebInfo/416841uv/x86_64/<command line>:12:9: warning: '__ANDROID_API__' macro redefined [-Wmacro-redefined]
C/C++:    12 | #define __ANDROID_API__ 24
C/C++:       |         ^
C/C++: /home/runner/work/x25-airplay-receiver/x25-airplay-receiver/app/.cxx/RelWithDebInfo/416841uv/x86_64/<built-in>:391:9: note: previous definition is here
C/C++:   391 | #define __ANDROID_API__ __ANDROID_MIN_SDK_VERSION__
C/C++:       |         ^
C/C++: 1 warning generated.
C/C++: In file included from /home/runner/work/x25-airplay-receiver/x25-airplay-receiver/app/.cxx/RelWithDebInfo/416841uv/x86_64/<built-in>:399:
C/C++: /home/runner/work/x25-airplay-receiver/x25-airplay-receiver/app/.cxx/RelWithDebInfo/416841uv/x86_64/<command line>:12:9: warning: '__ANDROID_API__' macro redefined [-Wmacro-redefined]
C/C++:    12 | #define __ANDROID_API__ 24
C/C++:       |         ^
C/C++: /home/runner/work/x25-airplay-receiver/x25-airplay-receiver/app/.cxx/RelWithDebInfo/416841uv/x86_64/<built-in>:391:9: note: previous definition is here
C/C++:   391 | #define __ANDROID_API__ __ANDROID_MIN_SDK_VERSION__
C/C++:       |         ^
C/C++: x86_64-linux-android24-clang  -I. -Iinclude  -DAES_ASM -fPIC -pthread -Wa,--noexecstack -Qunused-arguments -g -DANDROID -fdata-sections -ffunction-sections -funwind-tables -fstack-protector-strong -no-canonical-prefixes -D__BIONIC_NO_PAGE_SIZE_MACRO -D_FORTIFY_SOURCE=2 -Wformat -Werror=format-security  -ffile-prefix-map=/home/runner/work/x25-airplay-receiver/x25-airplay-receiver/app/src/main/cpp=. -ffile-prefix-map=/home/runner/work/x25-airplay-receiver/x25-airplay-receiver/app/.cxx/RelWithDebInfo/416841uv/x86_64=. -ffile-prefix-map=/usr/local/lib/android/sdk/ndk/27.0.12077973=. -Qunused-arguments -DOPENSSL_USE_NODELETE -DOPENSSL_PIC -DOPENSSLDIR="\"/usr/local/ssl\"" -DENGINESDIR="\"/usr/local/lib/engines-3\"" -DMODULESDIR="\"/usr/local/lib/ossl-modules\"" -DOPENSSL_BUILDING_OPENSSL -DNDEBUG -D__ANDROID_API__=24 -g -DANDROID -fdata-sections -ffunction-sections -funwind-tables -fstack-protector-strong -no-canonical-prefixes -D__BIONIC_NO_PAGE_SIZE_MACRO -D_FORTIFY_SOURCE=2 -Wformat -Werror=format-security   -ffile-prefix-map=/home/runner/work/x25-airplay-receiver/x25-airplay-receiver/app/src/main/cpp=. -ffile-prefix-map=/home/runner/work/x25-airplay-receiver/x25-airplay-receiver/app/.cxx/RelWithDebInfo/416841uv/x86_64=. -ffile-prefix-map=/usr/local/lib/android/sdk/ndk/27.0.12077973=. -Qunused-arguments -MMD -MF ssl/record/methods/libssl-shlib-ssl3_meth.d.tmp -c -o ssl/record/methods/libssl-shlib-ssl3_meth.o ssl/record/methods/ssl3_meth.c
C/C++: In file included from /home/runner/work/x25-airplay-receiver/x25-airplay-receiver/app/.cxx/RelWithDebInfo/416841uv/x86_64/<built-in>:399:
C/C++: /home/runner/work/x25-airplay-receiver/x25-airplay-receiver/app/.cxx/RelWithDebInfo/416841uv/x86_64/<command line>:12:9: warning: '__ANDROID_API__' macro redefined [-Wmacro-redefined]
C/C++:    12 | #define __ANDROID_API__ 24
C/C++:       |         ^
C/C++: /home/runner/work/x25-airplay-receiver/x25-airplay-receiver/app/.cxx/RelWithDebInfo/416841uv/x86_64/<built-in>:391:9: note: previous definition is here
C/C++:   391 | #define __ANDROID_API__ __ANDROID_MIN_SDK_VERSION__
C/C++:       |         ^
C/C++: 1 warning generated.
C/C++: In file included from /home/runner/work/x25-airplay-receiver/x25-airplay-receiver/app/.cxx/RelWithDebInfo/416841uv/x86_64/<built-in>:399:
C/C++: /home/runner/work/x25-airplay-receiver/x25-airplay-receiver/app/.cxx/RelWithDebInfo/416841uv/x86_64/<command line>:12:9: warning: '__ANDROID_API__' macro redefined [-Wmacro-redefined]
C/C++:    12 | #define __ANDROID_API__ 24
C/C++:       |         ^
C/C++: /home/runner/work/x25-airplay-receiver/x25-airplay-receiver/app/.cxx/RelWithDebInfo/416841uv/x86_64/<built-in>:391:9: note: previous definition is here
C/C++:   391 | #define __ANDROID_API__ __ANDROID_MIN_SDK_VERSION__
C/C++:       |         ^
C/C++: 1 warning generated.
C/C++: In file included from /home/runner/work/x25-airplay-receiver/x25-airplay-receiver/app/.cxx/RelWithDebInfo/416841uv/x86_64/<built-in>:399:
C/C++: /home/runner/work/x25-airplay-receiver/x25-airplay-receiver/app/.cxx/RelWithDebInfo/416841uv/x86_64/<command line>:12:9: warning: '__ANDROID_API__' macro redefined [-Wmacro-redefined]
C/C++:    12 | #define __ANDROID_API__ 24
C/C++:       |         ^
C/C++: /home/runner/work/x25-airplay-receiver/x25-airplay-receiver/app/.cxx/RelWithDebInfo/416841uv/x86_64/<built-in>:391:9: note: previous definition is here
C/C++:   391 | #define __ANDROID_API__ __ANDROID_MIN_SDK_VERSION__
C/C++:       |         ^
C/C++: 1 warning generated.
C/C++: In file included from /home/runner/work/x25-airplay-receiver/x25-airplay-receiver/app/.cxx/RelWithDebInfo/416841uv/x86_64/<built-in>:399:
C/C++: /home/runner/work/x25-airplay-receiver/x25-airplay-receiver/app/.cxx/RelWithDebInfo/416841uv/x86_64/<command line>:12:9: warning: '__ANDROID_API__' macro redefined [-Wmacro-redefined]
C/C++:    12 | #define __ANDROID_API__ 24
C/C++:       |         ^
C/C++: /home/runner/work/x25-airplay-receiver/x25-airplay-receiver/app/.cxx/RelWithDebInfo/416841uv/x86_64/<built-in>:391:9: note: previous definition is here
C/C++:   391 | #define __ANDROID_API__ __ANDROID_MIN_SDK_VERSION__
C/C++:       |         ^
C/C++: In file included from /home/runner/work/x25-airplay-receiver/x25-airplay-receiver/app/.cxx/RelWithDebInfo/416841uv/x86_64/<built-in>:399:
C/C++: /home/runner/work/x25-airplay-receiver/x25-airplay-receiver/app/.cxx/RelWithDebInfo/416841uv/x86_64/<command line>:12:9: warning: '__ANDROID_API__' macro redefined [-Wmacro-redefined]
C/C++:    12 | #define __ANDROID_API__ 24
C/C++:       |         ^
C/C++: /home/runner/work/x25-airplay-receiver/x25-airplay-receiver/app/.cxx/RelWithDebInfo/416841uv/x86_64/<built-in>:391:9: note: previous definition is here
C/C++:   391 | #define __ANDROID_API__ __ANDROID_MIN_SDK_VERSION__
C/C++:       |         ^
C/C++: 1 warning generated.
C/C++: In file included from /home/runner/work/x25-airplay-receiver/x25-airplay-receiver/app/.cxx/RelWithDebInfo/416841uv/x86_64/<built-in>:399:
C/C++: /home/runner/work/x25-airplay-receiver/x25-airplay-receiver/app/.cxx/RelWithDebInfo/416841uv/x86_64/<command line>:12:9: warning: '__ANDROID_API__' macro redefined [-Wmacro-redefined]
C/C++:    12 | #define __ANDROID_API__ 24
C/C++:       |         ^
C/C++: /home/runner/work/x25-airplay-receiver/x25-airplay-receiver/app/.cxx/RelWithDebInfo/416841uv/x86_64/<built-in>:391:9: note: previous definition is here
C/C++:   391 | #define __ANDROID_API__ __ANDROID_MIN_SDK_VERSION__
C/C++:       |         ^
C/C++: 1 warning generated.
C/C++: In file included from /home/runner/work/x25-airplay-receiver/x25-airplay-receiver/app/.cxx/RelWithDebInfo/416841uv/x86_64/<built-in>:399:
C/C++: /home/runner/work/x25-airplay-receiver/x25-airplay-receiver/app/.cxx/RelWithDebInfo/416841uv/x86_64/<command line>:12:9: warning: '__ANDROID_API__' macro redefined [-Wmacro-redefined]
C/C++:    12 | #define __ANDROID_API__ 24
C/C++:       |         ^
C/C++: /home/runner/work/x25-airplay-receiver/x25-airplay-receiver/app/.cxx/RelWithDebInfo/416841uv/x86_64/<built-in>:391:9: note: previous definition is here
C/C++:   391 | #define __ANDROID_API__ __ANDROID_MIN_SDK_VERSION__
C/C++:       |         ^
C/C++: x86_64-linux-android24-clang  -I. -Iinclude  -DAES_ASM -fPIC -pthread -Wa,--noexecstack -Qunused-arguments -g -DANDROID -fdata-sections -ffunction-sections -funwind-tables -fstack-protector-strong -no-canonical-prefixes -D__BIONIC_NO_PAGE_SIZE_MACRO -D_FORTIFY_SOURCE=2 -Wformat -Werror=format-security  -ffile-prefix-map=/home/runner/work/x25-airplay-receiver/x25-airplay-receiver/app/src/main/cpp=. -ffile-prefix-map=/home/runner/work/x25-airplay-receiver/x25-airplay-receiver/app/.cxx/RelWithDebInfo/416841uv/x86_64=. -ffile-prefix-map=/usr/local/lib/android/sdk/ndk/27.0.12077973=. -Qunused-arguments -DOPENSSL_USE_NODELETE -DOPENSSL_PIC -DOPENSSLDIR="\"/usr/local/ssl\"" -DENGINESDIR="\"/usr/local/lib/engines-3\"" -DMODULESDIR="\"/usr/local/lib/ossl-modules\"" -DOPENSSL_BUILDING_OPENSSL -DNDEBUG -D__ANDROID_API__=24 -g -DANDROID -fdata-sections -ffunction-sections -funwind-tables -fstack-protector-strong -no-canonical-prefixes -D__BIONIC_NO_PAGE_SIZE_MACRO -D_FORTIFY_SOURCE=2 -Wformat -Werror=format-security   -ffile-prefix-map=/home/runner/work/x25-airplay-receiver/x25-airplay-receiver/app/src/main/cpp=. -ffile-prefix-map=/home/runner/work/x25-airplay-receiver/x25-airplay-receiver/app/.cxx/RelWithDebInfo/416841uv/x86_64=. -ffile-prefix-map=/usr/local/lib/android/sdk/ndk/27.0.12077973=. -Qunused-arguments -MMD -MF ssl/rio/libssl-shlib-poll_immediate.d.tmp -c -o ssl/rio/libssl-shlib-poll_immediate.o ssl/rio/poll_immediate.c
C/C++: In file included from /home/runner/work/x25-airplay-receiver/x25-airplay-receiver/app/.cxx/RelWithDebInfo/416841uv/x86_64/<built-in>:399:
C/C++: /home/runner/work/x25-airplay-receiver/x25-airplay-receiver/app/.cxx/RelWithDebInfo/416841uv/x86_64/<command line>:12:9: warning: '__ANDROID_API__' macro redefined [-Wmacro-redefined]
C/C++:    12 | #define __ANDROID_API__ 24
C/C++:       |         ^
C/C++: /home/runner/work/x25-airplay-receiver/x25-airplay-receiver/app/.cxx/RelWithDebInfo/416841uv/x86_64/<built-in>:391:9: note: previous definition is here
C/C++:   391 | #define __ANDROID_API__ __ANDROID_MIN_SDK_VERSION__
C/C++:       |         ^
C/C++: 1 warning generated.
C/C++: In file included from /home/runner/work/x25-airplay-receiver/x25-airplay-receiver/app/.cxx/RelWithDebInfo/416841uv/x86_64/<built-in>:399:
C/C++: /home/runner/work/x25-airplay-receiver/x25-airplay-receiver/app/.cxx/RelWithDebInfo/416841uv/x86_64/<command line>:12:9: warning: '__ANDROID_API__' macro redefined [-Wmacro-redefined]
C/C++:    12 | #define __ANDROID_API__ 24
C/C++:       |         ^
C/C++: /home/runner/work/x25-airplay-receiver/x25-airplay-receiver/app/.cxx/RelWithDebInfo/416841uv/x86_64/<built-in>:391:9: note: previous definition is here
C/C++:   391 | #define __ANDROID_API__ __ANDROID_MIN_SDK_VERSION__
C/C++:       |         ^
C/C++: 1 warning generated.
C/C++: In file included from /home/runner/work/x25-airplay-receiver/x25-airplay-receiver/app/.cxx/RelWithDebInfo/416841uv/x86_64/<built-in>:399:
C/C++: /home/runner/work/x25-airplay-receiver/x25-airplay-receiver/app/.cxx/RelWithDebInfo/416841uv/x86_64/<command line>:12:9: warning: '__ANDROID_API__' macro redefined [-Wmacro-redefined]
C/C++:    12 | #define __ANDROID_API__ 24
C/C++:       |         ^
C/C++: /home/runner/work/x25-airplay-receiver/x25-airplay-receiver/app/.cxx/RelWithDebInfo/416841uv/x86_64/<built-in>:391:9: note: previous definition is here
C/C++:   391 | #define __ANDROID_API__ __ANDROID_MIN_SDK_VERSION__
C/C++:       |         ^
C/C++: 1 warning generated.
C/C++: In file included from /home/runner/work/x25-airplay-receiver/x25-airplay-receiver/app/.cxx/RelWithDebInfo/416841uv/x86_64/<built-in>:399:
C/C++: /home/runner/work/x25-airplay-receiver/x25-airplay-receiver/app/.cxx/RelWithDebInfo/416841uv/x86_64/<command line>:12:9: warning: '__ANDROID_API__' macro redefined [-Wmacro-redefined]
C/C++:    12 | #define __ANDROID_API__ 24
C/C++:       |         ^
C/C++: /home/runner/work/x25-airplay-receiver/x25-airplay-receiver/app/.cxx/RelWithDebInfo/416841uv/x86_64/<built-in>:391:9: note: previous definition is here
C/C++:   391 | #define __ANDROID_API__ __ANDROID_MIN_SDK_VERSION__
C/C++:       |         ^
C/C++: 1 warning generated.
C/C++: In file included from /home/runner/work/x25-airplay-receiver/x25-airplay-receiver/app/.cxx/RelWithDebInfo/416841uv/x86_64/<built-in>:399:
C/C++: /home/runner/work/x25-airplay-receiver/x25-airplay-receiver/app/.cxx/RelWithDebInfo/416841uv/x86_64/<command line>:12:9: warning: '__ANDROID_API__' macro redefined [-Wmacro-redefined]
C/C++:    12 | #define __ANDROID_API__ 24
C/C++:       |         ^
C/C++: /home/runner/work/x25-airplay-receiver/x25-airplay-receiver/app/.cxx/RelWithDebInfo/416841uv/x86_64/<built-in>:391:9: note: previous definition is here
C/C++:   391 | #define __ANDROID_API__ __ANDROID_MIN_SDK_VERSION__
C/C++:       |         ^
C/C++: 1 warning generated.
C/C++: In file included from /home/runner/work/x25-airplay-receiver/x25-airplay-receiver/app/.cxx/RelWithDebInfo/416841uv/x86_64/<built-in>:399:
C/C++: /home/runner/work/x25-airplay-receiver/x25-airplay-receiver/app/.cxx/RelWithDebInfo/416841uv/x86_64/<command line>:12:9: warning: '__ANDROID_API__' macro redefined [-Wmacro-redefined]
C/C++:    12 | #define __ANDROID_API__ 24
C/C++:       |         ^
C/C++: /home/runner/work/x25-airplay-receiver/x25-airplay-receiver/app/.cxx/RelWithDebInfo/416841uv/x86_64/<built-in>:391:9: note: previous definition is here
C/C++:   391 | #define __ANDROID_API__ __ANDROID_MIN_SDK_VERSION__
C/C++:       |         ^
C/C++: 1 warning generated.
C/C++: In file included from /home/runner/work/x25-airplay-receiver/x25-airplay-receiver/app/.cxx/RelWithDebInfo/416841uv/x86_64/<built-in>:399:
C/C++: /home/runner/work/x25-airplay-receiver/x25-airplay-receiver/app/.cxx/RelWithDebInfo/416841uv/x86_64/<command line>:12:9: warning: '__ANDROID_API__' macro redefined [-Wmacro-redefined]
C/C++:    12 | #define __ANDROID_API__ 24
C/C++:       |         ^
C/C++: /home/runner/work/x25-airplay-receiver/x25-airplay-receiver/app/.cxx/RelWithDebInfo/416841uv/x86_64/<built-in>:391:9: note: previous definition is here
C/C++:   391 | #define __ANDROID_API__ __ANDROID_MIN_SDK_VERSION__
C/C++:       |         ^
C/C++: In file included from /home/runner/work/x25-airplay-receiver/x25-airplay-receiver/app/.cxx/RelWithDebInfo/416841uv/x86_64/<built-in>:399:
C/C++: /home/runner/work/x25-airplay-receiver/x25-airplay-receiver/app/.cxx/RelWithDebInfo/416841uv/x86_64/<command line>:12:9: warning: '__ANDROID_API__' macro redefined [-Wmacro-redefined]
C/C++:    12 | #define __ANDROID_API__ 24
C/C++:       |         ^
C/C++: /home/runner/work/x25-airplay-receiver/x25-airplay-receiver/app/.cxx/RelWithDebInfo/416841uv/x86_64/<built-in>:391:9: note: previous definition is here
C/C++:   391 | #define __ANDROID_API__ __ANDROID_MIN_SDK_VERSION__
C/C++:       |         ^
C/C++: 1 warning generated.
C/C++: In file included from /home/runner/work/x25-airplay-receiver/x25-airplay-receiver/app/.cxx/RelWithDebInfo/416841uv/x86_64/<built-in>:399:
C/C++: /home/runner/work/x25-airplay-receiver/x25-airplay-receiver/app/.cxx/RelWithDebInfo/416841uv/x86_64/<command line>:12:9: warning: '__ANDROID_API__' macro redefined [-Wmacro-redefined]
C/C++:    12 | #define __ANDROID_API__ 24
C/C++:       |         ^
C/C++: /home/runner/work/x25-airplay-receiver/x25-airplay-receiver/app/.cxx/RelWithDebInfo/416841uv/x86_64/<built-in>:391:9: note: previous definition is here
C/C++:   391 | #define __ANDROID_API__ __ANDROID_MIN_SDK_VERSION__
C/C++:       |         ^
C/C++: In file included from /home/runner/work/x25-airplay-receiver/x25-airplay-receiver/app/.cxx/RelWithDebInfo/416841uv/x86_64/<built-in>:399:
C/C++: /home/runner/work/x25-airplay-receiver/x25-airplay-receiver/app/.cxx/RelWithDebInfo/416841uv/x86_64/<command line>:12:9: warning: '__ANDROID_API__' macro redefined [-Wmacro-redefined]
C/C++:    12 | #define __ANDROID_API__ 24
C/C++:       |         ^
C/C++: /home/runner/work/x25-airplay-receiver/x25-airplay-receiver/app/.cxx/RelWithDebInfo/416841uv/x86_64/<built-in>:391:9: note: previous definition is here
C/C++:   391 | #define __ANDROID_API__ __ANDROID_MIN_SDK_VERSION__
C/C++:       |         ^
C/C++: 1 warning generated.
C/C++: In file included from /home/runner/work/x25-airplay-receiver/x25-airplay-receiver/app/.cxx/RelWithDebInfo/416841uv/x86_64/<built-in>:401:
C/C++: /home/runner/work/x25-airplay-receiver/x25-airplay-receiver/app/.cxx/RelWithDebInfo/416841uv/x86_64/<command line>:6:9: warning: '__ANDROID_API__' macro redefined [-Wmacro-redefined]
C/C++:     6 | #define __ANDROID_API__ 24
C/C++:       |         ^
C/C++: /home/runner/work/x25-airplay-receiver/x25-airplay-receiver/app/.cxx/RelWithDebInfo/416841uv/x86_64/<built-in>:393:9: note: previous definition is here
C/C++:   393 | #define __ANDROID_API__ __ANDROID_MIN_SDK_VERSION__
C/C++:       |         ^
C/C++: 1 warning generated.
C/C++: llvm-ar: warning: creating apps/libapps.a
C/C++: : apps/libapps.a || echo Never mind.
C/C++: x86_64-linux-android24-clang -fPIC -pthread -Wa,--noexecstack -Qunused-arguments -g -DANDROID -fdata-sections -ffunction-sections -funwind-tables -fstack-protector-strong -no-canonical-prefixes -D__BIONIC_NO_PAGE_SIZE_MACRO -D_FORTIFY_SOURCE=2 -Wformat -Werror=format-security  -ffile-prefix-map=/home/runner/work/x25-airplay-receiver/x25-airplay-receiver/app/src/main/cpp=. -ffile-prefix-map=/home/runner/work/x25-airplay-receiver/x25-airplay-receiver/app/.cxx/RelWithDebInfo/416841uv/x86_64=. -ffile-prefix-map=/usr/local/lib/android/sdk/ndk/27.0.12077973=. -Qunused-arguments -DOPENSSL_USE_NODELETE -DOPENSSL_PIC -DOPENSSLDIR="\"/usr/local/ssl\"" -DENGINESDIR="\"/usr/local/lib/engines-3\"" -DMODULESDIR="\"/usr/local/lib/ossl-modules\"" -DOPENSSL_BUILDING_OPENSSL -DNDEBUG -D__ANDROID_API__=24 -g -DANDROID -fdata-sections -ffunction-sections -funwind-tables -fstack-protector-strong -no-canonical-prefixes -D__BIONIC_NO_PAGE_SIZE_MACRO -D_FORTIFY_SOURCE=2 -Wformat -Werror=format-security   -ffile-prefix-map=/home/runner/work/x25-airplay-receiver/x25-airplay-receiver/app/src/main/cpp=. -ffile-prefix-map=/home/runner/work/x25-airplay-receiver/x25-airplay-receiver/app/.cxx/RelWithDebInfo/416841uv/x86_64=. -ffile-prefix-map=/usr/local/lib/android/sdk/ndk/27.0.12077973=. -Qunused-arguments -c -o crypto/aes/libcrypto-lib-aes-x86_64.o crypto/aes/aes-x86_64.s
C/C++: chmod a+x tools/c_rehash
C/C++: x86_64-linux-android24-clang -fPIC -pthread -Wa,--noexecstack -Qunused-arguments -g -DANDROID -fdata-sections -ffunction-sections -funwind-tables -fstack-protector-strong -no-canonical-prefixes -D__BIONIC_NO_PAGE_SIZE_MACRO -D_FORTIFY_SOURCE=2 -Wformat -Werror=format-security  -ffile-prefix-map=/home/runner/work/x25-airplay-receiver/x25-airplay-receiver/app/src/main/cpp=. -ffile-prefix-map=/home/runner/work/x25-airplay-receiver/x25-airplay-receiver/app/.cxx/RelWithDebInfo/416841uv/x86_64=. -ffile-prefix-map=/usr/local/lib/android/sdk/ndk/27.0.12077973=. -Qunused-arguments -DOPENSSL_USE_NODELETE -DOPENSSL_PIC -DOPENSSLDIR="\"/usr/local/ssl\"" -DENGINESDIR="\"/usr/local/lib/engines-3\"" -DMODULESDIR="\"/usr/local/lib/ossl-modules\"" -DOPENSSL_BUILDING_OPENSSL -DNDEBUG -D__ANDROID_API__=24 -g -DANDROID -fdata-sections -ffunction-sections -funwind-tables -fstack-protector-strong -no-canonical-prefixes -D__BIONIC_NO_PAGE_SIZE_MACRO -D_FORTIFY_SOURCE=2 -Wformat -Werror=format-security   -ffile-prefix-map=/home/runner/work/x25-airplay-receiver/x25-airplay-receiver/app/src/main/cpp=. -ffile-prefix-map=/home/runner/work/x25-airplay-receiver/x25-airplay-receiver/app/.cxx/RelWithDebInfo/416841uv/x86_64=. -ffile-prefix-map=/usr/local/lib/android/sdk/ndk/27.0.12077973=. -Qunused-arguments -c -o crypto/aes/libcrypto-lib-aesni-mb-x86_64.o crypto/aes/aesni-mb-x86_64.s
C/C++: x86_64-linux-android24-clang -fPIC -pthread -Wa,--noexecstack -Qunused-arguments -g -DANDROID -fdata-sections -ffunction-sections -funwind-tables -fstack-protector-strong -no-canonical-prefixes -D__BIONIC_NO_PAGE_SIZE_MACRO -D_FORTIFY_SOURCE=2 -Wformat -Werror=format-security  -ffile-prefix-map=/home/runner/work/x25-airplay-receiver/x25-airplay-receiver/app/src/main/cpp=. -ffile-prefix-map=/home/runner/work/x25-airplay-receiver/x25-airplay-receiver/app/.cxx/RelWithDebInfo/416841uv/x86_64=. -ffile-prefix-map=/usr/local/lib/android/sdk/ndk/27.0.12077973=. -Qunused-arguments -DOPENSSL_USE_NODELETE -DOPENSSL_PIC -DOPENSSLDIR="\"/usr/local/ssl\"" -DENGINESDIR="\"/usr/local/lib/engines-3\"" -DMODULESDIR="\"/usr/local/lib/ossl-modules\"" -DOPENSSL_BUILDING_OPENSSL -DNDEBUG -D__ANDROID_API__=24 -g -DANDROID -fdata-sections -ffunction-sections -funwind-tables -fstack-protector-strong -no-canonical-prefixes -D__BIONIC_NO_PAGE_SIZE_MACRO -D_FORTIFY_SOURCE=2 -Wformat -Werror=format-security   -ffile-prefix-map=/home/runner/work/x25-airplay-receiver/x25-airplay-receiver/app/src/main/cpp=. -ffile-prefix-map=/home/runner/work/x25-airplay-receiver/x25-airplay-receiver/app/.cxx/RelWithDebInfo/416841uv/x86_64=. -ffile-prefix-map=/usr/local/lib/android/sdk/ndk/27.0.12077973=. -Qunused-arguments -c -o crypto/aes/libcrypto-lib-aesni-sha1-x86_64.o crypto/aes/aesni-sha1-x86_64.s
C/C++: x86_64-linux-android24-clang -fPIC -pthread -Wa,--noexecstack -Qunused-arguments -g -DANDROID -fdata-sections -ffunction-sections -funwind-tables -fstack-protector-strong -no-canonical-prefixes -D__BIONIC_NO_PAGE_SIZE_MACRO -D_FORTIFY_SOURCE=2 -Wformat -Werror=format-security  -ffile-prefix-map=/home/runner/work/x25-airplay-receiver/x25-airplay-receiver/app/src/main/cpp=. -ffile-prefix-map=/home/runner/work/x25-airplay-receiver/x25-airplay-receiver/app/.cxx/RelWithDebInfo/416841uv/x86_64=. -ffile-prefix-map=/usr/local/lib/android/sdk/ndk/27.0.12077973=. -Qunused-arguments -DOPENSSL_USE_NODELETE -DOPENSSL_PIC -DOPENSSLDIR="\"/usr/local/ssl\"" -DENGINESDIR="\"/usr/local/lib/engines-3\"" -DMODULESDIR="\"/usr/local/lib/ossl-modules\"" -DOPENSSL_BUILDING_OPENSSL -DNDEBUG -D__ANDROID_API__=24 -g -DANDROID -fdata-sections -ffunction-sections -funwind-tables -fstack-protector-strong -no-canonical-prefixes -D__BIONIC_NO_PAGE_SIZE_MACRO -D_FORTIFY_SOURCE=2 -Wformat -Werror=format-security   -ffile-prefix-map=/home/runner/work/x25-airplay-receiver/x25-airplay-receiver/app/src/main/cpp=. -ffile-prefix-map=/home/runner/work/x25-airplay-receiver/x25-airplay-receiver/app/.cxx/RelWithDebInfo/416841uv/x86_64=. -ffile-prefix-map=/usr/local/lib/android/sdk/ndk/27.0.12077973=. -Qunused-arguments -c -o crypto/aes/libcrypto-lib-aesni-sha256-x86_64.o crypto/aes/aesni-sha256-x86_64.s
C/C++: x86_64-linux-android24-clang -fPIC -pthread -Wa,--noexecstack -Qunused-arguments -g -DANDROID -fdata-sections -ffunction-sections -funwind-tables -fstack-protector-strong -no-canonical-prefixes -D__BIONIC_NO_PAGE_SIZE_MACRO -D_FORTIFY_SOURCE=2 -Wformat -Werror=format-security  -ffile-prefix-map=/home/runner/work/x25-airplay-receiver/x25-airplay-receiver/app/src/main/cpp=. -ffile-prefix-map=/home/runner/work/x25-airplay-receiver/x25-airplay-receiver/app/.cxx/RelWithDebInfo/416841uv/x86_64=. -ffile-prefix-map=/usr/local/lib/android/sdk/ndk/27.0.12077973=. -Qunused-arguments -DOPENSSL_USE_NODELETE -DOPENSSL_PIC -DOPENSSLDIR="\"/usr/local/ssl\"" -DENGINESDIR="\"/usr/local/lib/engines-3\"" -DMODULESDIR="\"/usr/local/lib/ossl-modules\"" -DOPENSSL_BUILDING_OPENSSL -DNDEBUG -D__ANDROID_API__=24 -g -DANDROID -fdata-sections -ffunction-sections -funwind-tables -fstack-protector-strong -no-canonical-prefixes -D__BIONIC_NO_PAGE_SIZE_MACRO -D_FORTIFY_SOURCE=2 -Wformat -Werror=format-security   -ffile-prefix-map=/home/runner/work/x25-airplay-receiver/x25-airplay-receiver/app/src/main/cpp=. -ffile-prefix-map=/home/runner/work/x25-airplay-receiver/x25-airplay-receiver/app/.cxx/RelWithDebInfo/416841uv/x86_64=. -ffile-prefix-map=/usr/local/lib/android/sdk/ndk/27.0.12077973=. -Qunused-arguments -c -o crypto/aes/libcrypto-lib-aesni-x86_64.o crypto/aes/aesni-x86_64.s
C/C++: chmod a+x util/shlib_wrap.sh
C/C++: x86_64-linux-android24-clang -fPIC -pthread -Wa,--noexecstack -Qunused-arguments -g -DANDROID -fdata-sections -ffunction-sections -funwind-tables -fstack-protector-strong -no-canonical-prefixes -D__BIONIC_NO_PAGE_SIZE_MACRO -D_FORTIFY_SOURCE=2 -Wformat -Werror=format-security  -ffile-prefix-map=/home/runner/work/x25-airplay-receiver/x25-airplay-receiver/app/src/main/cpp=. -ffile-prefix-map=/home/runner/work/x25-airplay-receiver/x25-airplay-receiver/app/.cxx/RelWithDebInfo/416841uv/x86_64=. -ffile-prefix-map=/usr/local/lib/android/sdk/ndk/27.0.12077973=. -Qunused-arguments -DOPENSSL_USE_NODELETE -DOPENSSL_PIC -DOPENSSLDIR="\"/usr/local/ssl\"" -DENGINESDIR="\"/usr/local/lib/engines-3\"" -DMODULESDIR="\"/usr/local/lib/ossl-modules\"" -DOPENSSL_BUILDING_OPENSSL -DNDEBUG -D__ANDROID_API__=24 -g -DANDROID -fdata-sections -ffunction-sections -funwind-tables -fstack-protector-strong -no-canonical-prefixes -D__BIONIC_NO_PAGE_SIZE_MACRO -D_FORTIFY_SOURCE=2 -Wformat -Werror=format-security   -ffile-prefix-map=/home/runner/work/x25-airplay-receiver/x25-airplay-receiver/app/src/main/cpp=. -ffile-prefix-map=/home/runner/work/x25-airplay-receiver/x25-airplay-receiver/app/.cxx/RelWithDebInfo/416841uv/x86_64=. -ffile-prefix-map=/usr/local/lib/android/sdk/ndk/27.0.12077973=. -Qunused-arguments -c -o crypto/aes/libcrypto-lib-bsaes-x86_64.o crypto/aes/bsaes-x86_64.s
C/C++: x86_64-linux-android24-clang -fPIC -pthread -Wa,--noexecstack -Qunused-arguments -g -DANDROID -fdata-sections -ffunction-sections -funwind-tables -fstack-protector-strong -no-canonical-prefixes -D__BIONIC_NO_PAGE_SIZE_MACRO -D_FORTIFY_SOURCE=2 -Wformat -Werror=format-security  -ffile-prefix-map=/home/runner/work/x25-airplay-receiver/x25-airplay-receiver/app/src/main/cpp=. -ffile-prefix-map=/home/runner/work/x25-airplay-receiver/x25-airplay-receiver/app/.cxx/RelWithDebInfo/416841uv/x86_64=. -ffile-prefix-map=/usr/local/lib/android/sdk/ndk/27.0.12077973=. -Qunused-arguments -DOPENSSL_USE_NODELETE -DOPENSSL_PIC -DOPENSSLDIR="\"/usr/local/ssl\"" -DENGINESDIR="\"/usr/local/lib/engines-3\"" -DMODULESDIR="\"/usr/local/lib/ossl-modules\"" -DOPENSSL_BUILDING_OPENSSL -DNDEBUG -D__ANDROID_API__=24 -g -DANDROID -fdata-sections -ffunction-sections -funwind-tables -fstack-protector-strong -no-canonical-prefixes -D__BIONIC_NO_PAGE_SIZE_MACRO -D_FORTIFY_SOURCE=2 -Wformat -Werror=format-security   -ffile-prefix-map=/home/runner/work/x25-airplay-receiver/x25-airplay-receiver/app/src/main/cpp=. -ffile-prefix-map=/home/runner/work/x25-airplay-receiver/x25-airplay-receiver/app/.cxx/RelWithDebInfo/416841uv/x86_64=. -ffile-prefix-map=/usr/local/lib/android/sdk/ndk/27.0.12077973=. -Qunused-arguments -c -o crypto/aes/libcrypto-lib-vpaes-x86_64.o crypto/aes/vpaes-x86_64.s
C/C++: x86_64-linux-android24-clang -fPIC -pthread -Wa,--noexecstack -Qunused-arguments -g -DANDROID -fdata-sections -ffunction-sections -funwind-tables -fstack-protector-strong -no-canonical-prefixes -D__BIONIC_NO_PAGE_SIZE_MACRO -D_FORTIFY_SOURCE=2 -Wformat -Werror=format-security  -ffile-prefix-map=/home/runner/work/x25-airplay-receiver/x25-airplay-receiver/app/src/main/cpp=. -ffile-prefix-map=/home/runner/work/x25-airplay-receiver/x25-airplay-receiver/app/.cxx/RelWithDebInfo/416841uv/x86_64=. -ffile-prefix-map=/usr/local/lib/android/sdk/ndk/27.0.12077973=. -Qunused-arguments -DOPENSSL_USE_NODELETE -DOPENSSL_PIC -DOPENSSLDIR="\"/usr/local/ssl\"" -DENGINESDIR="\"/usr/local/lib/engines-3\"" -DMODULESDIR="\"/usr/local/lib/ossl-modules\"" -DOPENSSL_BUILDING_OPENSSL -DNDEBUG -D__ANDROID_API__=24 -g -DANDROID -fdata-sections -ffunction-sections -funwind-tables -fstack-protector-strong -no-canonical-prefixes -D__BIONIC_NO_PAGE_SIZE_MACRO -D_FORTIFY_SOURCE=2 -Wformat -Werror=format-security   -ffile-prefix-map=/home/runner/work/x25-airplay-receiver/x25-airplay-receiver/app/src/main/cpp=. -ffile-prefix-map=/home/runner/work/x25-airplay-receiver/x25-airplay-receiver/app/.cxx/RelWithDebInfo/416841uv/x86_64=. -ffile-prefix-map=/usr/local/lib/android/sdk/ndk/27.0.12077973=. -Qunused-arguments -c -o crypto/bn/libcrypto-lib-rsaz-2k-avx512.o crypto/bn/rsaz-2k-avx512.s
C/C++: x86_64-linux-android24-clang -fPIC -pthread -Wa,--noexecstack -Qunused-arguments -g -DANDROID -fdata-sections -ffunction-sections -funwind-tables -fstack-protector-strong -no-canonical-prefixes -D__BIONIC_NO_PAGE_SIZE_MACRO -D_FORTIFY_SOURCE=2 -Wformat -Werror=format-security  -ffile-prefix-map=/home/runner/work/x25-airplay-receiver/x25-airplay-receiver/app/src/main/cpp=. -ffile-prefix-map=/home/runner/work/x25-airplay-receiver/x25-airplay-receiver/app/.cxx/RelWithDebInfo/416841uv/x86_64=. -ffile-prefix-map=/usr/local/lib/android/sdk/ndk/27.0.12077973=. -Qunused-arguments -DOPENSSL_USE_NODELETE -DOPENSSL_PIC -DOPENSSLDIR="\"/usr/local/ssl\"" -DENGINESDIR="\"/usr/local/lib/engines-3\"" -DMODULESDIR="\"/usr/local/lib/ossl-modules\"" -DOPENSSL_BUILDING_OPENSSL -DNDEBUG -D__ANDROID_API__=24 -g -DANDROID -fdata-sections -ffunction-sections -funwind-tables -fstack-protector-strong -no-canonical-prefixes -D__BIONIC_NO_PAGE_SIZE_MACRO -D_FORTIFY_SOURCE=2 -Wformat -Werror=format-security   -ffile-prefix-map=/home/runner/work/x25-airplay-receiver/x25-airplay-receiver/app/src/main/cpp=. -ffile-prefix-map=/home/runner/work/x25-airplay-receiver/x25-airplay-receiver/app/.cxx/RelWithDebInfo/416841uv/x86_64=. -ffile-prefix-map=/usr/local/lib/android/sdk/ndk/27.0.12077973=. -Qunused-arguments -c -o crypto/bn/libcrypto-lib-rsaz-3k-avx512.o crypto/bn/rsaz-3k-avx512.s
C/C++: x86_64-linux-android24-clang -fPIC -pthread -Wa,--noexecstack -Qunused-arguments -g -DANDROID -fdata-sections -ffunction-sections -funwind-tables -fstack-protector-strong -no-canonical-prefixes -D__BIONIC_NO_PAGE_SIZE_MACRO -D_FORTIFY_SOURCE=2 -Wformat -Werror=format-security  -ffile-prefix-map=/home/runner/work/x25-airplay-receiver/x25-airplay-receiver/app/src/main/cpp=. -ffile-prefix-map=/home/runner/work/x25-airplay-receiver/x25-airplay-receiver/app/.cxx/RelWithDebInfo/416841uv/x86_64=. -ffile-prefix-map=/usr/local/lib/android/sdk/ndk/27.0.12077973=. -Qunused-arguments -DOPENSSL_USE_NODELETE -DOPENSSL_PIC -DOPENSSLDIR="\"/usr/local/ssl\"" -DENGINESDIR="\"/usr/local/lib/engines-3\"" -DMODULESDIR="\"/usr/local/lib/ossl-modules\"" -DOPENSSL_BUILDING_OPENSSL -DNDEBUG -D__ANDROID_API__=24 -g -DANDROID -fdata-sections -ffunction-sections -funwind-tables -fstack-protector-strong -no-canonical-prefixes -D__BIONIC_NO_PAGE_SIZE_MACRO -D_FORTIFY_SOURCE=2 -Wformat -Werror=format-security   -ffile-prefix-map=/home/runner/work/x25-airplay-receiver/x25-airplay-receiver/app/src/main/cpp=. -ffile-prefix-map=/home/runner/work/x25-airplay-receiver/x25-airplay-receiver/app/.cxx/RelWithDebInfo/416841uv/x86_64=. -ffile-prefix-map=/usr/local/lib/android/sdk/ndk/27.0.12077973=. -Qunused-arguments -c -o crypto/bn/libcrypto-lib-rsaz-4k-avx512.o crypto/bn/rsaz-4k-avx512.s
C/C++: chmod a+x util/wrap.pl
C/C++: x86_64-linux-android24-clang -fPIC -pthread -Wa,--noexecstack -Qunused-arguments -g -DANDROID -fdata-sections -ffunction-sections -funwind-tables -fstack-protector-strong -no-canonical-prefixes -D__BIONIC_NO_PAGE_SIZE_MACRO -D_FORTIFY_SOURCE=2 -Wformat -Werror=format-security  -ffile-prefix-map=/home/runner/work/x25-airplay-receiver/x25-airplay-receiver/app/src/main/cpp=. -ffile-prefix-map=/home/runner/work/x25-airplay-receiver/x25-airplay-receiver/app/.cxx/RelWithDebInfo/416841uv/x86_64=. -ffile-prefix-map=/usr/local/lib/android/sdk/ndk/27.0.12077973=. -Qunused-arguments -DOPENSSL_USE_NODELETE -DOPENSSL_PIC -DOPENSSLDIR="\"/usr/local/ssl\"" -DENGINESDIR="\"/usr/local/lib/engines-3\"" -DMODULESDIR="\"/usr/local/lib/ossl-modules\"" -DOPENSSL_BUILDING_OPENSSL -DNDEBUG -D__ANDROID_API__=24 -g -DANDROID -fdata-sections -ffunction-sections -funwind-tables -fstack-protector-strong -no-canonical-prefixes -D__BIONIC_NO_PAGE_SIZE_MACRO -D_FORTIFY_SOURCE=2 -Wformat -Werror=format-security   -ffile-prefix-map=/home/runner/work/x25-airplay-receiver/x25-airplay-receiver/app/src/main/cpp=. -ffile-prefix-map=/home/runner/work/x25-airplay-receiver/x25-airplay-receiver/app/.cxx/RelWithDebInfo/416841uv/x86_64=. -ffile-prefix-map=/usr/local/lib/android/sdk/ndk/27.0.12077973=. -Qunused-arguments -c -o crypto/bn/libcrypto-lib-rsaz-avx2.o crypto/bn/rsaz-avx2.s
C/C++: x86_64-linux-android24-clang -fPIC -pthread -Wa,--noexecstack -Qunused-arguments -g -DANDROID -fdata-sections -ffunction-sections -funwind-tables -fstack-protector-strong -no-canonical-prefixes -D__BIONIC_NO_PAGE_SIZE_MACRO -D_FORTIFY_SOURCE=2 -Wformat -Werror=format-security  -ffile-prefix-map=/home/runner/work/x25-airplay-receiver/x25-airplay-receiver/app/src/main/cpp=. -ffile-prefix-map=/home/runner/work/x25-airplay-receiver/x25-airplay-receiver/app/.cxx/RelWithDebInfo/416841uv/x86_64=. -ffile-prefix-map=/usr/local/lib/android/sdk/ndk/27.0.12077973=. -Qunused-arguments -DOPENSSL_USE_NODELETE -DOPENSSL_PIC -DOPENSSLDIR="\"/usr/local/ssl\"" -DENGINESDIR="\"/usr/local/lib/engines-3\"" -DMODULESDIR="\"/usr/local/lib/ossl-modules\"" -DOPENSSL_BUILDING_OPENSSL -DNDEBUG -D__ANDROID_API__=24 -g -DANDROID -fdata-sections -ffunction-sections -funwind-tables -fstack-protector-strong -no-canonical-prefixes -D__BIONIC_NO_PAGE_SIZE_MACRO -D_FORTIFY_SOURCE=2 -Wformat -Werror=format-security   -ffile-prefix-map=/home/runner/work/x25-airplay-receiver/x25-airplay-receiver/app/src/main/cpp=. -ffile-prefix-map=/home/runner/work/x25-airplay-receiver/x25-airplay-receiver/app/.cxx/RelWithDebInfo/416841uv/x86_64=. -ffile-prefix-map=/usr/local/lib/android/sdk/ndk/27.0.12077973=. -Qunused-arguments -c -o crypto/bn/libcrypto-lib-rsaz-x86_64.o crypto/bn/rsaz-x86_64.s
C/C++: x86_64-linux-android24-clang -fPIC -pthread -Wa,--noexecstack -Qunused-arguments -g -DANDROID -fdata-sections -ffunction-sections -funwind-tables -fstack-protector-strong -no-canonical-prefixes -D__BIONIC_NO_PAGE_SIZE_MACRO -D_FORTIFY_SOURCE=2 -Wformat -Werror=format-security  -ffile-prefix-map=/home/runner/work/x25-airplay-receiver/x25-airplay-receiver/app/src/main/cpp=. -ffile-prefix-map=/home/runner/work/x25-airplay-receiver/x25-airplay-receiver/app/.cxx/RelWithDebInfo/416841uv/x86_64=. -ffile-prefix-map=/usr/local/lib/android/sdk/ndk/27.0.12077973=. -Qunused-arguments -DOPENSSL_USE_NODELETE -DOPENSSL_PIC -DOPENSSLDIR="\"/usr/local/ssl\"" -DENGINESDIR="\"/usr/local/lib/engines-3\"" -DMODULESDIR="\"/usr/local/lib/ossl-modules\"" -DOPENSSL_BUILDING_OPENSSL -DNDEBUG -D__ANDROID_API__=24 -g -DANDROID -fdata-sections -ffunction-sections -funwind-tables -fstack-protector-strong -no-canonical-prefixes -D__BIONIC_NO_PAGE_SIZE_MACRO -D_FORTIFY_SOURCE=2 -Wformat -Werror=format-security   -ffile-prefix-map=/home/runner/work/x25-airplay-receiver/x25-airplay-receiver/app/src/main/cpp=. -ffile-prefix-map=/home/runner/work/x25-airplay-receiver/x25-airplay-receiver/app/.cxx/RelWithDebInfo/416841uv/x86_64=. -ffile-prefix-map=/usr/local/lib/android/sdk/ndk/27.0.12077973=. -Qunused-arguments -c -o crypto/bn/libcrypto-lib-x86_64-gf2m.o crypto/bn/x86_64-gf2m.s
C/C++: x86_64-linux-android24-clang -fPIC -pthread -Wa,--noexecstack -Qunused-arguments -g -DANDROID -fdata-sections -ffunction-sections -funwind-tables -fstack-protector-strong -no-canonical-prefixes -D__BIONIC_NO_PAGE_SIZE_MACRO -D_FORTIFY_SOURCE=2 -Wformat -Werror=format-security  -ffile-prefix-map=/home/runner/work/x25-airplay-receiver/x25-airplay-receiver/app/src/main/cpp=. -ffile-prefix-map=/home/runner/work/x25-airplay-receiver/x25-airplay-receiver/app/.cxx/RelWithDebInfo/416841uv/x86_64=. -ffile-prefix-map=/usr/local/lib/android/sdk/ndk/27.0.12077973=. -Qunused-arguments -DOPENSSL_USE_NODELETE -DOPENSSL_PIC -DOPENSSLDIR="\"/usr/local/ssl\"" -DENGINESDIR="\"/usr/local/lib/engines-3\"" -DMODULESDIR="\"/usr/local/lib/ossl-modules\"" -DOPENSSL_BUILDING_OPENSSL -DNDEBUG -D__ANDROID_API__=24 -g -DANDROID -fdata-sections -ffunction-sections -funwind-tables -fstack-protector-strong -no-canonical-prefixes -D__BIONIC_NO_PAGE_SIZE_MACRO -D_FORTIFY_SOURCE=2 -Wformat -Werror=format-security   -ffile-prefix-map=/home/runner/work/x25-airplay-receiver/x25-airplay-receiver/app/src/main/cpp=. -ffile-prefix-map=/home/runner/work/x25-airplay-receiver/x25-airplay-receiver/app/.cxx/RelWithDebInfo/416841uv/x86_64=. -ffile-prefix-map=/usr/local/lib/android/sdk/ndk/27.0.12077973=. -Qunused-arguments -c -o crypto/bn/libcrypto-lib-x86_64-mont.o crypto/bn/x86_64-mont.s
C/C++: x86_64-linux-android24-clang -fPIC -pthread -Wa,--noexecstack -Qunused-arguments -g -DANDROID -fdata-sections -ffunction-sections -funwind-tables -fstack-protector-strong -no-canonical-prefixes -D__BIONIC_NO_PAGE_SIZE_MACRO -D_FORTIFY_SOURCE=2 -Wformat -Werror=format-security  -ffile-prefix-map=/home/runner/work/x25-airplay-receiver/x25-airplay-receiver/app/src/main/cpp=. -ffile-prefix-map=/home/runner/work/x25-airplay-receiver/x25-airplay-receiver/app/.cxx/RelWithDebInfo/416841uv/x86_64=. -ffile-prefix-map=/usr/local/lib/android/sdk/ndk/27.0.12077973=. -Qunused-arguments -DOPENSSL_USE_NODELETE -DOPENSSL_PIC -DOPENSSLDIR="\"/usr/local/ssl\"" -DENGINESDIR="\"/usr/local/lib/engines-3\"" -DMODULESDIR="\"/usr/local/lib/ossl-modules\"" -DOPENSSL_BUILDING_OPENSSL -DNDEBUG -D__ANDROID_API__=24 -g -DANDROID -fdata-sections -ffunction-sections -funwind-tables -fstack-protector-strong -no-canonical-prefixes -D__BIONIC_NO_PAGE_SIZE_MACRO -D_FORTIFY_SOURCE=2 -Wformat -Werror=format-security   -ffile-prefix-map=/home/runner/work/x25-airplay-receiver/x25-airplay-receiver/app/src/main/cpp=. -ffile-prefix-map=/home/runner/work/x25-airplay-receiver/x25-airplay-receiver/app/.cxx/RelWithDebInfo/416841uv/x86_64=. -ffile-prefix-map=/usr/local/lib/android/sdk/ndk/27.0.12077973=. -Qunused-arguments -c -o crypto/bn/libcrypto-lib-x86_64-mont5.o crypto/bn/x86_64-mont5.s
C/C++: x86_64-linux-android24-clang -fPIC -pthread -Wa,--noexecstack -Qunused-arguments -g -DANDROID -fdata-sections -ffunction-sections -funwind-tables -fstack-protector-strong -no-canonical-prefixes -D__BIONIC_NO_PAGE_SIZE_MACRO -D_FORTIFY_SOURCE=2 -Wformat -Werror=format-security  -ffile-prefix-map=/home/runner/work/x25-airplay-receiver/x25-airplay-receiver/app/src/main/cpp=. -ffile-prefix-map=/home/runner/work/x25-airplay-receiver/x25-airplay-receiver/app/.cxx/RelWithDebInfo/416841uv/x86_64=. -ffile-prefix-map=/usr/local/lib/android/sdk/ndk/27.0.12077973=. -Qunused-arguments -DOPENSSL_USE_NODELETE -DOPENSSL_PIC -DOPENSSLDIR="\"/usr/local/ssl\"" -DENGINESDIR="\"/usr/local/lib/engines-3\"" -DMODULESDIR="\"/usr/local/lib/ossl-modules\"" -DOPENSSL_BUILDING_OPENSSL -DNDEBUG -D__ANDROID_API__=24 -g -DANDROID -fdata-sections -ffunction-sections -funwind-tables -fstack-protector-strong -no-canonical-prefixes -D__BIONIC_NO_PAGE_SIZE_MACRO -D_FORTIFY_SOURCE=2 -Wformat -Werror=format-security   -ffile-prefix-map=/home/runner/work/x25-airplay-receiver/x25-airplay-receiver/app/src/main/cpp=. -ffile-prefix-map=/home/runner/work/x25-airplay-receiver/x25-airplay-receiver/app/.cxx/RelWithDebInfo/416841uv/x86_64=. -ffile-prefix-map=/usr/local/lib/android/sdk/ndk/27.0.12077973=. -Qunused-arguments -c -o crypto/chacha/libcrypto-lib-chacha-x86_64.o crypto/chacha/chacha-x86_64.s
C/C++: x86_64-linux-android24-clang -fPIC -pthread -Wa,--noexecstack -Qunused-arguments -g -DANDROID -fdata-sections -ffunction-sections -funwind-tables -fstack-protector-strong -no-canonical-prefixes -D__BIONIC_NO_PAGE_SIZE_MACRO -D_FORTIFY_SOURCE=2 -Wformat -Werror=format-security  -ffile-prefix-map=/home/runner/work/x25-airplay-receiver/x25-airplay-receiver/app/src/main/cpp=. -ffile-prefix-map=/home/runner/work/x25-airplay-receiver/x25-airplay-receiver/app/.cxx/RelWithDebInfo/416841uv/x86_64=. -ffile-prefix-map=/usr/local/lib/android/sdk/ndk/27.0.12077973=. -Qunused-arguments -DOPENSSL_USE_NODELETE -DOPENSSL_PIC -DOPENSSLDIR="\"/usr/local/ssl\"" -DENGINESDIR="\"/usr/local/lib/engines-3\"" -DMODULESDIR="\"/usr/local/lib/ossl-modules\"" -DOPENSSL_BUILDING_OPENSSL -DNDEBUG -D__ANDROID_API__=24 -g -DANDROID -fdata-sections -ffunction-sections -funwind-tables -fstack-protector-strong -no-canonical-prefixes -D__BIONIC_NO_PAGE_SIZE_MACRO -D_FORTIFY_SOURCE=2 -Wformat -Werror=format-security   -ffile-prefix-map=/home/runner/work/x25-airplay-receiver/x25-airplay-receiver/app/src/main/cpp=. -ffile-prefix-map=/home/runner/work/x25-airplay-receiver/x25-airplay-receiver/app/.cxx/RelWithDebInfo/416841uv/x86_64=. -ffile-prefix-map=/usr/local/lib/android/sdk/ndk/27.0.12077973=. -Qunused-arguments -c -o crypto/ec/libcrypto-lib-ecp_nistz256-x86_64.o crypto/ec/ecp_nistz256-x86_64.s
C/C++: x86_64-linux-android24-clang -fPIC -pthread -Wa,--noexecstack -Qunused-arguments -g -DANDROID -fdata-sections -ffunction-sections -funwind-tables -fstack-protector-strong -no-canonical-prefixes -D__BIONIC_NO_PAGE_SIZE_MACRO -D_FORTIFY_SOURCE=2 -Wformat -Werror=format-security  -ffile-prefix-map=/home/runner/work/x25-airplay-receiver/x25-airplay-receiver/app/src/main/cpp=. -ffile-prefix-map=/home/runner/work/x25-airplay-receiver/x25-airplay-receiver/app/.cxx/RelWithDebInfo/416841uv/x86_64=. -ffile-prefix-map=/usr/local/lib/android/sdk/ndk/27.0.12077973=. -Qunused-arguments -DOPENSSL_USE_NODELETE -DOPENSSL_PIC -DOPENSSLDIR="\"/usr/local/ssl\"" -DENGINESDIR="\"/usr/local/lib/engines-3\"" -DMODULESDIR="\"/usr/local/lib/ossl-modules\"" -DOPENSSL_BUILDING_OPENSSL -DNDEBUG -D__ANDROID_API__=24 -g -DANDROID -fdata-sections -ffunction-sections -funwind-tables -fstack-protector-strong -no-canonical-prefixes -D__BIONIC_NO_PAGE_SIZE_MACRO -D_FORTIFY_SOURCE=2 -Wformat -Werror=format-security   -ffile-prefix-map=/home/runner/work/x25-airplay-receiver/x25-airplay-receiver/app/src/main/cpp=. -ffile-prefix-map=/home/runner/work/x25-airplay-receiver/x25-airplay-receiver/app/.cxx/RelWithDebInfo/416841uv/x86_64=. -ffile-prefix-map=/usr/local/lib/android/sdk/ndk/27.0.12077973=. -Qunused-arguments -c -o crypto/ec/libcrypto-lib-x25519-x86_64.o crypto/ec/x25519-x86_64.s
C/C++: x86_64-linux-android24-clang  -Icrypto -I. -Iinclude -Iproviders/common/include -Iproviders/implementations/include  -DAES_ASM -DBSAES_ASM -DECP_NISTZ256_ASM -DGHASH_ASM -DKECCAK1600_ASM -DMD5_ASM -DOPENSSL_BN_ASM_GF2m -DOPENSSL_BN_ASM_MONT -DOPENSSL_BN_ASM_MONT5 -DOPENSSL_CPUID_OBJ -DOPENSSL_IA32_SSE2 -DPOLY1305_ASM -DSHA1_ASM -DSHA256_ASM -DSHA512_ASM -DSTATIC_LEGACY -DVPAES_ASM -DWHIRLPOOL_ASM -DX25519_ASM -fPIC -pthread -Wa,--noexecstack -Qunused-arguments -g -DANDROID -fdata-sections -ffunction-sections -funwind-tables -fstack-protector-strong -no-canonical-prefixes -D__BIONIC_NO_PAGE_SIZE_MACRO -D_FORTIFY_SOURCE=2 -Wformat -Werror=format-security  -ffile-prefix-map=/home/runner/work/x25-airplay-receiver/x25-airplay-receiver/app/src/main/cpp=. -ffile-prefix-map=/home/runner/work/x25-airplay-receiver/x25-airplay-receiver/app/.cxx/RelWithDebInfo/416841uv/x86_64=. -ffile-prefix-map=/usr/local/lib/android/sdk/ndk/27.0.12077973=. -Qunused-arguments -DOPENSSL_USE_NODELETE -DOPENSSL_PIC -DOPENSSLDIR="\"/usr/local/ssl\"" -DENGINESDIR="\"/usr/local/lib/engines-3\"" -DMODULESDIR="\"/usr/local/lib/ossl-modules\"" -DOPENSSL_BUILDING_OPENSSL -DNDEBUG -D__ANDROID_API__=24 -g -DANDROID -fdata-sections -ffunction-sections -funwind-tables -fstack-protector-strong -no-canonical-prefixes -D__BIONIC_NO_PAGE_SIZE_MACRO -D_FORTIFY_SOURCE=2 -Wformat -Werror=format-security   -ffile-prefix-map=/home/runner/work/x25-airplay-receiver/x25-airplay-receiver/app/src/main/cpp=. -ffile-prefix-map=/home/runner/work/x25-airplay-receiver/x25-airplay-receiver/app/.cxx/RelWithDebInfo/416841uv/x86_64=. -ffile-prefix-map=/usr/local/lib/android/sdk/ndk/27.0.12077973=. -Qunused-arguments -MMD -MF crypto/libcrypto-lib-cversion.d.tmp -c -o crypto/libcrypto-lib-cversion.o crypto/cversion.c
C/C++: x86_64-linux-android24-clang -fPIC -pthread -Wa,--noexecstack -Qunused-arguments -g -DANDROID -fdata-sections -ffunction-sections -funwind-tables -fstack-protector-strong -no-canonical-prefixes -D__BIONIC_NO_PAGE_SIZE_MACRO -D_FORTIFY_SOURCE=2 -Wformat -Werror=format-security  -ffile-prefix-map=/home/runner/work/x25-airplay-receiver/x25-airplay-receiver/app/src/main/cpp=. -ffile-prefix-map=/home/runner/work/x25-airplay-receiver/x25-airplay-receiver/app/.cxx/RelWithDebInfo/416841uv/x86_64=. -ffile-prefix-map=/usr/local/lib/android/sdk/ndk/27.0.12077973=. -Qunused-arguments -DOPENSSL_USE_NODELETE -DOPENSSL_PIC -DOPENSSLDIR="\"/usr/local/ssl\"" -DENGINESDIR="\"/usr/local/lib/engines-3\"" -DMODULESDIR="\"/usr/local/lib/ossl-modules\"" -DOPENSSL_BUILDING_OPENSSL -DNDEBUG -D__ANDROID_API__=24 -g -DANDROID -fdata-sections -ffunction-sections -funwind-tables -fstack-protector-strong -no-canonical-prefixes -D__BIONIC_NO_PAGE_SIZE_MACRO -D_FORTIFY_SOURCE=2 -Wformat -Werror=format-security   -ffile-prefix-map=/home/runner/work/x25-airplay-receiver/x25-airplay-receiver/app/src/main/cpp=. -ffile-prefix-map=/home/runner/work/x25-airplay-receiver/x25-airplay-receiver/app/.cxx/RelWithDebInfo/416841uv/x86_64=. -ffile-prefix-map=/usr/local/lib/android/sdk/ndk/27.0.12077973=. -Qunused-arguments -c -o crypto/libcrypto-lib-x86_64cpuid.o crypto/x86_64cpuid.s
C/C++: In file included from /home/runner/work/x25-airplay-receiver/x25-airplay-receiver/app/.cxx/RelWithDebInfo/416841uv/x86_64/<built-in>:399:
C/C++: /home/runner/work/x25-airplay-receiver/x25-airplay-receiver/app/.cxx/RelWithDebInfo/416841uv/x86_64/<command line>:30:9: warning: '__ANDROID_API__' macro redefined [-Wmacro-redefined]
C/C++:    30 | #define __ANDROID_API__ 24
C/C++:       |         ^
C/C++: /home/runner/work/x25-airplay-receiver/x25-airplay-receiver/app/.cxx/RelWithDebInfo/416841uv/x86_64/<built-in>:391:9: note: previous definition is here
C/C++:   391 | #define __ANDROID_API__x86_64-linux-android24-clang -fPIC -pthread -Wa,--noexecstack -Qunused-arguments -g -DANDROID -fdata-sections -ffunction-sections -funwind-tables -fstack-protector-strong -no-canonical-prefixes -D__BIONIC_NO_PAGE_SIZE_MACRO -D_FORTIFY_SOURCE=2 -Wformat -Werror=format-security  -ffile-prefix-map=/home/runner/work/x25-airplay-receiver/x25-airplay-receiver/app/src/main/cpp=. -ffile-prefix-map=/home/runner/work/x25-airplay-receiver/x25-airplay-receiver/app/.cxx/RelWithDebInfo/416841uv/x86_64=. -ffile-prefix-map=/usr/local/lib/android/sdk/ndk/27.0.12077973=. -Qunused-arguments -DOPENSSL_USE_NODELETE -DOPENSSL_PIC -DOPENSSLDIR="\"/usr/local/ssl\"" -DENGINESDIR="\"/usr/local/lib/engines-3\"" -DMODULESDIR="\"/usr/local/lib/ossl-modules\"" -DOPENSSL_BUILDING_OPENSSL -DNDEBUG -D__ANDROID_API__=24 -g -DANDROID -fdata-sections -ffunction-sections -funwind-tables -fstack-protector-strong -no-canonical-prefixes -D__BIONIC_NO_PAGE_SIZE_MACRO -D_FORTIFY_SOURCE=2 -Wformat -Werror=format-security   -ffile-prefix-map=/home/runner/work/x25-airplay-receiver/x25-airplay-receiver/app/src/main/cpp=. -ffile-prefix-map=/home/runner/work/x25-airplay-receiver/x25-airplay-receiver/app/.cxx/RelWithDebInfo/416841uv/x86_64=. -ffile-prefix-map=/usr/local/lib/android/sdk/ndk/27.0.12077973=. -Qunused-arguments -c -o crypto/md5/libcrypto-lib-md5-x86_64.o crypto/md5/md5-x86_64.s
C/C++:  __ANDROID_MIN_SDK_VERSION__
C/C++:       |         ^
C/C++: x86_64-linux-android24-clang -fPIC -pthread -Wa,--noexecstack -Qunused-arguments -g -DANDROID -fdata-sections -ffunction-sections -funwind-tables -fstack-protector-strong -no-canonical-prefixes -D__BIONIC_NO_PAGE_SIZE_MACRO -D_FORTIFY_SOURCE=2 -Wformat -Werror=format-security  -ffile-prefix-map=/home/runner/work/x25-airplay-receiver/x25-airplay-receiver/app/src/main/cpp=. -ffile-prefix-map=/home/runner/work/x25-airplay-receiver/x25-airplay-receiver/app/.cxx/RelWithDebInfo/416841uv/x86_64=. -ffile-prefix-map=/usr/local/lib/android/sdk/ndk/27.0.12077973=. -Qunused-arguments -DOPENSSL_USE_NODELETE -DOPENSSL_PIC -DOPENSSLDIR="\"/usr/local/ssl\"" -DENGINESDIR="\"/usr/local/lib/engines-3\"" -DMODULESDIR="\"/usr/local/lib/ossl-modules\"" -DOPENSSL_BUILDING_OPENSSL -DNDEBUG -D__ANDROID_API__=24 -g -DANDROID -fdata-sections -ffunction-sections -funwind-tables -fstack-protector-strong -no-canonical-prefixes -D__BIONIC_NO_PAGE_SIZE_MACRO -D_FORTIFY_SOURCE=2 -Wformat -Werror=format-security   -ffile-prefix-map=/home/runner/work/x25-airplay-receiver/x25-airplay-receiver/app/src/main/cpp=. -ffile-prefix-map=/home/runner/work/x25-airplay-receiver/x25-airplay-receiver/app/.cxx/RelWithDebInfo/416841uv/x86_64=. -ffile-prefix-map=/usr/local/lib/android/sdk/ndk/27.0.12077973=. -Qunused-arguments -c -o crypto/modes/libcrypto-lib-aes-gcm-avx512.o crypto/modes/aes-gcm-avx512.s
C/C++: x86_64-linux-android24-clang -fPIC -pthread -Wa,--noexecstack -Qunused-arguments -g -DANDROID -fdata-sections -ffunction-sections -funwind-tables -fstack-protector-strong -no-canonical-prefixes -D__BIONIC_NO_PAGE_SIZE_MACRO -D_FORTIFY_SOURCE=2 -Wformat -Werror=format-security  -ffile-prefix-map=/home/runner/work/x25-airplay-receiver/x25-airplay-receiver/app/src/main/cpp=. -ffile-prefix-map=/home/runner/work/x25-airplay-receiver/x25-airplay-receiver/app/.cxx/RelWithDebInfo/416841uv/x86_64=. -ffile-prefix-map=/usr/local/lib/android/sdk/ndk/27.0.12077973=. -Qunused-arguments -DOPENSSL_USE_NODELETE -DOPENSSL_PIC -DOPENSSLDIR="\"/usr/local/ssl\"" -DENGINESDIR="\"/usr/local/lib/engines-3\"" -DMODULESDIR="\"/usr/local/lib/ossl-modules\"" -DOPENSSL_BUILDING_OPENSSL -DNDEBUG -D__ANDROID_API__=24 -g -DANDROID -fdata-sections -ffunction-sections -funwind-tables -fstack-protector-strong -no-canonical-prefixes -D__BIONIC_NO_PAGE_SIZE_MACRO -D_FORTIFY_SOURCE=2 -Wformat -Werror=format-security   -ffile-prefix-map=/home/runner/work/x25-airplay-receiver/x25-airplay-receiver/app/src/main/cpp=. -ffile-prefix-map=/home/runner/work/x25-airplay-receiver/x25-airplay-receiver/app/.cxx/RelWithDebInfo/416841uv/x86_64=. -ffile-prefix-map=/usr/local/lib/android/sdk/ndk/27.0.12077973=. -Qunused-arguments -c -o crypto/modes/libcrypto-lib-aesni-gcm-x86_64.o crypto/modes/aesni-gcm-x86_64.s
C/C++: x86_64-linux-android24-clang -fPIC -pthread -Wa,--noexecstack -Qunused-arguments -g -DANDROID -fdata-sections -ffunction-sections -funwind-tables -fstack-protector-strong -no-canonical-prefixes -D__BIONIC_NO_PAGE_SIZE_MACRO -D_FORTIFY_SOURCE=2 -Wformat -Werror=format-security  -ffile-prefix-map=/home/runner/work/x25-airplay-receiver/x25-airplay-receiver/app/src/main/cpp=. -ffile-prefix-map=/home/runner/work/x25-airplay-receiver/x25-airplay-receiver/app/.cxx/RelWithDebInfo/416841uv/x86_64=. -ffile-prefix-map=/usr/local/lib/android/sdk/ndk/27.0.12077973=. -Qunused-arguments -DOPENSSL_USE_NODELETE -DOPENSSL_PIC -DOPENSSLDIR="\"/usr/local/ssl\"" -DENGINESDIR="\"/usr/local/lib/engines-3\"" -DMODULESDIR="\"/usr/local/lib/ossl-modules\"" -DOPENSSL_BUILDING_OPENSSL -DNDEBUG -D__ANDROID_API__=24 -g -DANDROID -fdata-sections -ffunction-sections -funwind-tables -fstack-protector-strong -no-canonical-prefixes -D__BIONIC_NO_PAGE_SIZE_MACRO -D_FORTIFY_SOURCE=2 -Wformat -Werror=format-security   -ffile-prefix-map=/home/runner/work/x25-airplay-receiver/x25-airplay-receiver/app/src/main/cpp=. -ffile-prefix-map=/home/runner/work/x25-airplay-receiver/x25-airplay-receiver/app/.cxx/RelWithDebInfo/416841uv/x86_64=. -ffile-prefix-map=/usr/local/lib/android/sdk/ndk/27.0.12077973=. -Qunused-arguments -c -o crypto/modes/libcrypto-lib-ghash-x86_64.o crypto/modes/ghash-x86_64.s
C/C++: x86_64-linux-android24-clang -fPIC -pthread -Wa,--noexecstack -Qunused-arguments -g -DANDROID -fdata-sections -ffunction-sections -funwind-tables -fstack-protector-strong -no-canonical-prefixes -D__BIONIC_NO_PAGE_SIZE_MACRO -D_FORTIFY_SOURCE=2 -Wformat -Werror=format-security  -ffile-prefix-map=/home/runner/work/x25-airplay-receiver/x25-airplay-receiver/app/src/main/cpp=. -ffile-prefix-map=/home/runner/work/x25-airplay-receiver/x25-airplay-receiver/app/.cxx/RelWithDebInfo/416841uv/x86_64=. -ffile-prefix-map=/usr/local/lib/android/sdk/ndk/27.0.12077973=. -Qunused-arguments -DOPENSSL_USE_NODELETE -DOPENSSL_PIC -DOPENSSLDIR="\"/usr/local/ssl\"" -DENGINESDIR="\"/usr/local/lib/engines-3\"" -DMODULESDIR="\"/usr/local/lib/ossl-modules\"" -DOPENSSL_BUILDING_OPENSSL -DNDEBUG -D__ANDROID_API__=24 -g -DANDROID -fdata-sections -ffunction-sections -funwind-tables -fstack-protector-strong -no-canonical-prefixes -D__BIONIC_NO_PAGE_SIZE_MACRO -D_FORTIFY_SOURCE=2 -Wformat -Werror=format-security   -ffile-prefix-map=/home/runner/work/x25-airplay-receiver/x25-airplay-receiver/app/src/main/cpp=. -ffile-prefix-map=/home/runner/work/x25-airplay-receiver/x25-airplay-receiver/app/.cxx/RelWithDebInfo/416841uv/x86_64=. -ffile-prefix-map=/usr/local/lib/android/sdk/ndk/27.0.12077973=. -Qunused-arguments -c -o crypto/poly1305/libcrypto-lib-poly1305-x86_64.o crypto/poly1305/poly1305-x86_64.s
C/C++: x86_64-linux-android24-clang -fPIC -pthread -Wa,--noexecstack -Qunused-arguments -g -DANDROID -fdata-sections -ffunction-sections -funwind-tables -fstack-protector-strong -no-canonical-prefixes -D__BIONIC_NO_PAGE_SIZE_MACRO -D_FORTIFY_SOURCE=2 -Wformat -Werror=format-security  -ffile-prefix-map=/home/runner/work/x25-airplay-receiver/x25-airplay-receiver/app/src/main/cpp=. -ffile-prefix-map=/home/runner/work/x25-airplay-receiver/x25-airplay-receiver/app/.cxx/RelWithDebInfo/416841uv/x86_64=. -ffile-prefix-map=/usr/local/lib/android/sdk/ndk/27.0.12077973=. -Qunused-arguments -DOPENSSL_USE_NODELETE -DOPENSSL_PIC -DOPENSSLDIR="\"/usr/local/ssl\"" -DENGINESDIR="\"/usr/local/lib/engines-3\"" -DMODULESDIR="\"/usr/local/lib/ossl-modules\"" -DOPENSSL_BUILDING_OPENSSL -DNDEBUG -D__ANDROID_API__=24 -g -DANDROID -fdata-sections -ffunction-sections -funwind-tables -fstack-protector-strong -no-canonical-prefixes -D__BIONIC_NO_PAGE_SIZE_MACRO -D_FORTIFY_SOURCE=2 -Wformat -Werror=format-security   -ffile-prefix-map=/home/runner/work/x25-airplay-receiver/x25-airplay-receiver/app/src/main/cpp=. -ffile-prefix-map=/home/runner/work/x25-airplay-receiver/x25-airplay-receiver/app/.cxx/RelWithDebInfo/416841uv/x86_64=. -ffile-prefix-map=/usr/local/lib/android/sdk/ndk/27.0.12077973=. -Qunused-arguments -c -o crypto/sha/libcrypto-lib-keccak1600-x86_64.o crypto/sha/keccak1600-x86_64.s
C/C++: 1 warning generated.
C/C++: In file included from /home/runner/work/x25-airplay-receiver/x25-airplay-receiver/app/.cxx/RelWithDebInfo/416841uv/x86_64/<built-in>:399:
C/C++: /home/runner/work/x25-airplay-receiver/x25-airplay-receiver/app/.cxx/RelWithDebInfo/416841uv/x86_64/<command line>:22:9: warning: '__ANDROID_API__' macro redefined [-Wmacro-redefined]
C/C++:    22 | #define __ANDROID_API__ 24
C/C++:       |         ^
C/C++: /home/runner/work/x25-airplay-receiver/x25-airplay-receiver/app/.cxx/RelWithDebInfo/416841uv/x86_64/<built-in>:391:9: note: previous definition is here
C/C++:   391 | #define __ANDROID_API__ __ANDROID_MIN_SDK_VERSION__
C/C++:       |         ^
C/C++: In file included from /home/runner/work/x25-airplay-receiver/x25-airplay-receiver/app/.cxx/RelWithDebInfo/416841uv/x86_64/In file included from <built-in>:399:
C/C++: /home/runner/work/x25-airplay-receiver/x25-airplay-receiver/app/.cxx/RelWithDebInfo/416841uv/x86_64/<command line>:22:9: warning: '__ANDROID_API__' macro redefined [-Wmacro-redefined]
C/C++: <built-in>:399:
C/C++:    22 | #define __ANDROID_API__ 24
C/C++:       |         ^
C/C++: /home/runner/work/x25-airplay-receiver/x25-airplay-receiver/app/.cxx/RelWithDebInfo/416841uv/x86_64/<command line><built-in>:391:9: note: previous definition is here
C/C++: :  391 | #define __ANDROI22:D_API__ __ANDROID_MIN_SDK_VERSION__
C/C++:       |         ^
C/C++: 9: warning: '__ANDROID_API__' macro redefined [-Wmacro-redefined]
C/C++:    22 | #define __ANDROID_API__ 24
C/C++:       |         ^
C/C++: /home/runner/work/x25-airplay-receiver/x25-airplay-receiver/app/.cxx/RelWithDebInfo/416841uv/x86_64/<built-in>:391:9: note: previous definition is here
C/C++:   391 | #define __ANDROID_API__ __ANDROID_MIN_SDK_VERSION__
C/C++:       |         ^
C/C++: 1 warning generated.
C/C++: In file included from /home/runner/work/x25-airplay-receiver/x25-airplay-receiver/app/.cxx/RelWithDebInfo/416841uv/x86_64/<built-in>:399:
C/C++: /home/runner/work/x25-airplay-receiver/x25-airplay-receiver/app/.cxx/RelWithDebInfo/416841uv/x86_64/<command line>:22:9: warning: '__ANDROID_API__' macro redefined [-Wmacro-redefined]
C/C++:    22 | #define __ANDROID_API__ 24
C/C++:       |         ^
C/C++: /home/runner/work/x25-airplay-receiver/x25-airplay-receiver/app/.cxx/RelWithDebInfo/416841uv/x86_64/<built-in>:391:9: note: previous definition is here
C/C++:   391 | #define __AND1RO1ID warning_ generatedA.
C/C++: PI__ __ANDROID_MIN_SDK_VERSION__
C/C++:       |         ^
C/C++:  warning generated.
C/C++: In file included from /home/runner/work/x25-airplay-receiver/x25-airplay-receiver/app/.cxx/RelWithDebInfo/416841uv/x86_64/In file included from <built-in>:399:
C/C++: /home/runner/work/x25-airplay-receiver/x25-airplay-receiver/app/.cxx/RelWithDebInfo/416841uv/x86_64/<command line>:22:9: warning: '__ANDROID_API__' macro redefined [-Wmacro-redefined]
C/C++: <built-in>:399:
C/C++:    22 | #define __ANDROID_API__ 24
C/C++:       |         ^
C/C++: /home/runner/work/x25-airplay-receiver/x25-airplay-receiver/app/.cxx/RelWithDebInfo/416841uv/x86_64/<command line><built-in>:22:9: warning: '__ANDROID_API__' macro redefined [-Wmacro-redefined]
C/C++: :391:9   22 | #define __ANDROID_API__ 24
C/C++:       |         ^
C/C++: /home/runner/work/x25-airplay-receiver/x25-airplay-receiver/app/.cxx/RelWithDebInfo/416841uv/x86_64/:<built-in>:391:9: note: previous definition is here
C/C++:    391 | #define __ANDROID_API__ __ANDROID_MIN_SDK_VERSION__
C/C++:       |         ^
C/C++: note: previous definition is here
C/C++:   391 | #define __ANDROID_API__ __ANDROID_MIN_SDK_VERSION__
C/C++:       |         ^
C/C++: 1 warning generated.
C/C++: In file included from /home/runner/work/x25-airplay-receiver/x25-airplay-receiver/app/.cxx/RelWithDebInfo/416841uv/x86_64/<built-in>:399:
C/C++: /home/runner/work/x25-airplay-receiver/x25-airplay-receiver/app/.cxx/RelWithDebInfo/416841uv/x86_64/<command line>:16:9: warning: '__ANDROID_API__' macro redefined [-Wmacro-redefined]
C/C++:    16 | #define __ANDROID_API__ 24
C/C++:       |         ^
C/C++: /home/runner/work/x25-airplay-receiver/x25-airplay-receiver/app/.cxx/RelWithDebInfo/416841uv/x86_64/<built-in>:391:9: note: previous definition is here
C/C++:   391 | #define __ANDROID_API__ __ANDROID_MIN_SDK_VERSION__
C/C++:       |         ^
C/C++: 1 warning generated.
C/C++: In file included from /home/runner/work/x25-airplay-receiver/x25-airplay-receiver/app/.cxx/RelWithDebInfo/416841uv/x86_64/<built-in>:399:
C/C++: /home/runner/work/x25-airplay-receiver/x25-airplay-receiver/app/.cxx/RelWithDebInfo/416841uv/x86_64/<command line>:16:9: warning: '__ANDROID_API__' macro redefined [-Wmacro-redefined]
C/C++:    16 | #define __ANDROID_API__ 24
C/C++:       |         ^
C/C++: /home/runner/work/x25-airplay-receiver/x25-airplay-receiver/app/.cxx/RelWithDebInfo/416841uv/x86_64/<built-in>:391:9: note: previous definition is here
C/C++:   391 | #define __ANDROID_API__ __ANDROID_MIN_SDK_VERSION__
C/C++:       |         ^
C/C++: In file included from /home/runner/work/x25-airplay-receiver/x25-airplay-receiver/app/.cxx/RelWithDebInfo/416841uv/x86_64/<built-in>:399:
C/C++: /home/runner/work/x25-airplay-receiver/x25-airplay-receiver/app/.cxx/RelWithDebInfo/416841uv/x86_64/<command line>:16:9: warning: '__ANDROID_API__' macro redefined [-Wmacro-redefined]
C/C++:    16 | #define __ANDROID_API__ 24
C/C++:       |         ^
C/C++: /home/runner/work/x25-airplay-receiver/x25-airplay-receiver/app/.cxx/RelWithDebInfo/416841uv/x86_64/<built-in>:391:9: note: previous definition is here
C/C++:   391 | #define __ANDROID_API__ __ANDROID_MIN_SDK_VERSION__
C/C++:       |         ^
C/C++: In file included from /home/runner/work/x25-airplay-receiver/x25-airplay-receiver/app/.cxx/RelWithDebInfo/416841uv/x86_64/<built-in>:399:
C/C++: /home/runner/work/x25-airplay-receiver/x25-airplay-receiver/app/.cxx/RelWithDebInfo/416841uv/x86_64/<command line>:16:9: warning: '__ANDROID_API__' macro redefined [-Wmacro-redefined]
C/C++:    16 | #define __ANDROID_API__ 24
C/C++:       |         ^
C/C++: /home/runner/work/x25-airplay-receiver/x25-airplay-receiver/app/.cxx/RelWithDebInfo/416841uv/x86_64/<built-in>:391:9: note: previous definition is here
C/C++:   391 | #define __ANDROID_API__ __ANDROID_MIN_SDK_VERSION__
C/C++:       |         ^
C/C++: 1 warning generated.
C/C++: llvm-ar: warning: creating libssl.a
C/C++: 1 warning generated.
C/C++: In file included from /home/runner/work/x25-airplay-receiver/x25-airplay-receiver/app/.cxx/RelWithDebInfo/416841uv/x86_64/<built-in>:399:
C/C++: /home/runner/work/x25-airplay-receiver/x25-airplay-receiver/app/.cxx/RelWithDebInfo/416841uv/x86_64/<command line>:16:9: warning: '__ANDROID_API__' macro redefined [-Wmacro-redefined]
C/C++:    16 | #define __ANDROID_API__ 24
C/C++:       |         ^
C/C++: /home/runner/work/x25-airplay-receiver/x25-airplay-receiver/app/.cxx/RelWithDebInfo/416841uv/x86_64/<built-in>:391:9: note: previous definition is here
C/C++:   391 | #define __ANDROID_API__ __ANDROID_MIN_SDK_VERSION__
C/C++:       |         ^
C/C++: : libssl.a || echo Never mind.
C/C++: rm -f providers/libdefault.a
C/C++: llvm-ar rs providers/libdefault.a providers/common/der/libdefault-lib-der_rsa_sig.o providers/common/der/libdefault-lib-der_sm2_gen.o providers/common/der/libdefault-lib-der_sm2_key.o providers/common/der/libdefault-lib-der_sm2_sig.o providers/common/libdefault-lib-bio_prov.o providers/common/libdefault-lib-capabilities.o providers/common/libdefault-lib-digest_to_nid.o providers/common/libdefault-lib-provider_seeding.o providers/common/libdefault-lib-provider_util.o providers/common/libdefault-lib-securitycheck.o providers/common/libdefault-lib-securitycheck_default.o providers/implementations/asymciphers/libdefault-lib-rsa_enc.o providers/implementations/asymciphers/libdefault-lib-sm2_enc.o providers/implementations/ciphers/libdefault-lib-cipher_aes.o providers/implementations/ciphers/libdefault-lib-cipher_aes_cbc_hmac_sha.o providers/implementations/ciphers/libdefault-lib-cipher_aes_cbc_hmac_sha1_hw.o providers/implementations/ciphers/libdefault-lib-cipher_aes_cbc_hmac_sha256_hw.o providers/implementations/ciphers/libdefault-lib-cipher_aes_ccm.o providers/implementations/ciphers/libdefault-lib-cipher_aes_ccm_hw.o providers/implementations/ciphers/libdefault-lib-cipher_aes_gcm.o providers/implementations/ciphers/libdefault-lib-cipher_aes_gcm_hw.o providers/implementations/ciphers/libdefault-lib-cipher_aes_gcm_siv.o providers/implementations/ciphers/libdefault-lib-cipher_aes_gcm_siv_hw.o providers/implementations/ciphers/libdefault-lib-cipher_aes_gcm_siv_polyval.o providers/implementations/ciphers/libdefault-lib-cipher_aes_hw.o providers/implementations/ciphers/libdefault-lib-cipher_aes_ocb.o providers/implementations/ciphers/libdefault-lib-cipher_aes_ocb_hw.o providers/implementations/ciphers/libdefault-lib-cipher_aes_siv.o providers/implementations/ciphers/libdefault-lib-cipher_aes_siv_hw.o providers/implementations/ciphers/libdefault-lib-cipher_aes_wrp.o providers/implementations/ciphers/libdefault-lib-cipher_aes_xts.o providers/implementations/ciphers/libdefault-lib-cipher_aes_xts_fips.o providers/implementations/ciphers/libdefault-lib-cipher_aes_xts_hw.o providers/implementations/ciphers/libdefault-lib-cipher_aria.o providers/implementations/ciphers/libdefault-lib-cipher_aria_ccm.o providers/implementations/ciphers/libdefault-lib-cipher_aria_ccm_hw.o providers/implementations/ciphers/libdefault-lib-cipher_aria_gcm.o providers/implementations/ciphers/libdefault-lib-cipher_aria_gcm_hw.o providers/implementations/ciphers/libdefault-lib-cipher_aria_hw.o providers/implementations/ciphers/libdefault-lib-cipher_chacha20.o providers/implementations/ciphers/libdefault-lib-cipher_chacha20_hw.o providers/implementations/ciphers/libdefault-lib-cipher_chacha20_poly1305.o providers/implementations/ciphers/libdefault-lib-cipher_chacha20_poly1305_hw.o providers/implementations/ciphers/libdefault-lib-cipher_cts.o providers/implementations/ciphers/libdefault-lib-cipher_null.o providers/implementations/ciphers/libdefault-lib-cipher_sm4.o providers/implementations/ciphers/libdefault-lib-cipher_sm4_ccm.o providers/implementations/ciphers/libdefault-lib-cipher_sm4_ccm_hw.o providers/implementations/ciphers/libdefault-lib-cipher_sm4_gcm.o providers/implementations/ciphers/libdefault-lib-cipher_sm4_gcm_hw.o providers/implementations/ciphers/libdefault-lib-cipher_sm4_hw.o providers/implementations/ciphers/libdefault-lib-cipher_sm4_xts.o providers/implementations/ciphers/libdefault-lib-cipher_sm4_xts_hw.o providers/implementations/digests/libdefault-lib-blake2_prov.o providers/implementations/digests/libdefault-lib-blake2b_prov.o providers/implementations/digests/libdefault-lib-blake2s_prov.o providers/implementations/digests/libdefault-lib-md5_prov.o providers/implementations/digests/libdefault-lib-md5_sha1_prov.o providers/implementations/digests/libdefault-lib-null_prov.o providers/implementations/digests/libdefault-lib-ripemd_prov.o providers/implementations/digests/libdefault-lib-sha2_prov.o providers/implementations/digests/libdefault-lib-sha3_prov.o providers/implementations/digests/libdefault-lib-sm3_prov.o providers/implementations/encode_decode/libdefault-lib-decode_der2key.o providers/implementations/encode_decode/libdefault-lib-decode_epki2pki.o providers/implementations/encode_decode/libdefault-lib-decode_msblob2key.o providers/implementations/encode_decode/libdefault-lib-decode_pem2der.o providers/implementations/encode_decode/libdefault-lib-decode_pvk2key.o providers/implementations/encode_decode/libdefault-lib-decode_spki2typespki.o providers/implementations/encode_decode/libdefault-lib-encode_key2any.o providers/implementations/encode_decode/libdefault-lib-encode_key2blob.o providers/implementations/encode_decode/libdefault-lib-encode_key2ms.o providers/implementations/encode_decode/libdefault-lib-encode_key2text.o providers/implementations/encode_decode/libdefault-lib-endecoder_common.o providers/implementations/exchange/libdefault-lib-dh_exch.o providers/implementations/exchange/libdefault-lib-ecdh_exch.o providers/implementations/exchange/libdefault-lib-ecx_exch.o providers/implementations/exchange/libdefault-lib-kdf_exch.o providers/implementations/kdfs/libdefault-lib-argon2.o providers/implementations/kdfs/libdefault-lib-hkdf.o providers/implementations/kdfs/libdefault-lib-hmacdrbg_kdf.o providers/implementations/kdfs/libdefault-lib-kbkdf.o providers/implementations/kdfs/libdefault-lib-krb5kdf.o providers/implementations/kdfs/libdefault-lib-pbkdf2.o providers/implementations/kdfs/libdefault-lib-pbkdf2_fips.o providers/implementations/kdfs/libdefault-lib-pkcs12kdf.o providers/implementations/kdfs/libdefault-lib-scrypt.o providers/implementations/kdfs/libdefault-lib-sshkdf.o providers/implementations/kdfs/libdefault-lib-sskdf.o providers/implementations/kdfs/libdefault-lib-tls1_prf.o providers/implementations/kdfs/libdefault-lib-x942kdf.o providers/implementations/kem/libdefault-lib-ec_kem.o providers/implementations/kem/libdefault-lib-ecx_kem.o providers/implementations/kem/libdefault-lib-kem_util.o providers/implementations/kem/libdefault-lib-rsa_kem.o providers/implementations/keymgmt/libdefault-lib-dh_kmgmt.o providers/implementations/keymgmt/libdefault-lib-ec_kmgmt.o providers/implementations/keymgmt/libdefault-lib-ecx_kmgmt.o providers/implementations/keymgmt/libdefault-lib-kdf_legacy_kmgmt.o providers/implementations/keymgmt/libdefault-lib-mac_legacy_kmgmt.o providers/implementations/keymgmt/libdefault-lib-rsa_kmgmt.o providers/implementations/macs/libdefault-lib-blake2b_mac.o providers/implementations/macs/libdefault-lib-blake2s_mac.o providers/implementations/macs/libdefault-lib-cmac_prov.o providers/implementations/macs/libdefault-lib-gmac_prov.o providers/implementations/macs/libdefault-lib-hmac_prov.o providers/implementations/macs/libdefault-lib-kmac_prov.o providers/implementations/macs/libdefault-lib-poly1305_prov.o providers/implementations/macs/libdefault-lib-siphash_prov.o providers/implementations/rands/libdefault-lib-drbg.o providers/implementations/rands/libdefault-lib-drbg_ctr.o providers/implementations/rands/libdefault-lib-drbg_hash.o providers/implementations/rands/libdefault-lib-drbg_hmac.o providers/implementations/rands/libdefault-lib-seed_src.o providers/implementations/rands/libdefault-lib-seed_src_jitter.o providers/implementations/rands/libdefault-lib-test_rng.o providers/implementations/rands/seeding/libdefault-lib-rand_cpu_x86.o providers/implementations/rands/seeding/libdefault-lib-rand_tsc.o providers/implementations/rands/seeding/libdefault-lib-rand_unix.o providers/implementations/rands/seeding/libdefault-lib-rand_win.o providers/implementations/signature/libdefault-lib-ecdsa_sig.o providers/implementations/signature/libdefault-lib-eddsa_sig.o providers/implementations/signature/libdefault-lib-mac_legacy_sig.o providers/implementations/signature/libdefault-lib-rsa_sig.o providers/implementations/signature/libdefault-lib-sm2_sig.o providers/implementations/storemgmt/libdefault-lib-file_store.o providers/implementations/storemgmt/libdefault-lib-file_store_any2obj.o ssl/record/methods/libdefault-lib-ssl3_cbc.o
C/C++: /usr/bin/perl apps/progs.pl "-H" "apps/openssl" > apps/progs.h
C/C++: llvm-ar: warning: creating providers/libdefault.a
C/C++: : providers/libdefault.a || echo Never mind.
C/C++: 1 warning generated.
C/C++: llvm-ar: warning: creating providers/libcommon.a
C/C++: : providers/libcommon.a || echo Never mind.
C/C++: x86_64-linux-android24-clang -fPIC -pthread -Wa,--noexecstack -Qunused-arguments -g -DANDROID -fdata-sections -ffunction-sections -funwind-tables -fstack-protector-strong -no-canonical-prefixes -D__BIONIC_NO_PAGE_SIZE_MACRO -D_FORTIFY_SOURCE=2 -Wformat -Werror=format-security  -ffile-prefix-map=/home/runner/work/x25-airplay-receiver/x25-airplay-receiver/app/src/main/cpp=. -ffile-prefix-map=/home/runner/work/x25-airplay-receiver/x25-airplay-receiver/app/.cxx/RelWithDebInfo/416841uv/x86_64=. -ffile-prefix-map=/usr/local/lib/android/sdk/ndk/27.0.12077973=. -Qunused-arguments -Wl,-znodelete -shared -Wl,-Bsymbolic  -Wl,-z,max-page-size=16384 -Wl,--build-id=sha1 -Wl,--no-rosegment -Wl,--no-undefined-version -Wl,--fatal-warnings -Wl,--no-undefined -Qunused-arguments  -Wl,-soname=libcrypto.so \
C/C++: 	-o libcrypto.so -Wl,--version-script=libcrypto.ld \
C/C++: 	crypto/aes/libcrypto-shlib-aes-x86_64.o \
C/C++: 	crypto/aes/libcrypto-shlib-aes_cfb.o \
C/C++: 	crypto/aes/libcrypto-shlib-aes_ecb.o \
C/C++: 	crypto/aes/libcrypto-shlib-aes_misc.o \
C/C++: 	crypto/aes/libcrypto-shlib-aes_ofb.o \
C/C++: 	crypto/aes/libcrypto-shlib-aes_wrap.o \
C/C++: 	crypto/aes/libcrypto-shlib-aesni-mb-x86_64.o \
C/C++: 	crypto/aes/libcrypto-shlib-aesni-sha1-x86_64.o \
C/C++: 	crypto/aes/libcrypto-shlib-aesni-sha256-x86_64.o \
C/C++: 	crypto/aes/libcrypto-shlib-aesni-x86_64.o \
C/C++: 	crypto/aes/libcrypto-shlib-bsaes-x86_64.o \
C/C++: 	crypto/aes/libcrypto-shlib-vpaes-x86_64.o \
C/C++: 	crypto/aria/libcrypto-shlib-aria.o \
C/C++: 	crypto/asn1/libcrypto-shlib-a_bitstr.o \
C/C++: 	crypto/asn1/libcrypto-shlib-a_d2i_fp.o \
C/C++: 	crypto/asn1/libcrypto-shlib-a_digest.o \
C/C++: 	crypto/asn1/libcrypto-shlib-a_dup.o \
C/C++: 	crypto/asn1/libcrypto-shlib-a_gentm.o \
C/C++: 	crypto/asn1/libcrypto-shlib-a_i2d_fp.o \
C/C++: 	crypto/asn1/libcrypto-shlib-a_int.o \
C/C++: 	crypto/asn1/libcrypto-shlib-a_mbstr.o \
C/C++: 	crypto/asn1/libcrypto-shlib-a_object.o \
C/C++: 	crypto/asn1/libcrypto-shlib-a_octet.o \
C/C++: 	crypto/asn1/libcrypto-shlib-a_print.o \
C/C++: 	crypto/asn1/libcrypto-shlib-a_sign.o \
C/C++: 	crypto/asn1/libcrypto-shlib-a_strex.o \
C/C++: 	crypto/asn1/libcrypto-shlib-a_strnid.o \
C/C++: 	crypto/asn1/libcrypto-shlib-a_time.o \
C/C++: 	crypto/asn1/libcrypto-shlib-a_type.o \
C/C++: 	crypto/asn1/libcrypto-shlib-a_utctm.o \
C/C++: 	crypto/asn1/libcrypto-shlib-a_utf8.o \
C/C++: 	crypto/asn1/libcrypto-shlib-a_verify.o \
C/C++: 	crypto/asn1/libcrypto-shlib-ameth_lib.o \
C/C++: 	crypto/asn1/libcrypto-shlib-asn1_err.o \
C/C++: 	crypto/asn1/libcrypto-shlib-asn1_gen.o \
C/C++: 	crypto/asn1/libcrypto-shlib-asn1_item_list.o \
C/C++: 	crypto/asn1/libcrypto-shlib-asn1_lib.o \
C/C++: 	crypto/asn1/libcrypto-shlib-asn1_parse.o \
C/C++: 	crypto/asn1/libcrypto-shlib-asn_mime.o \
C/C++: 	crypto/asn1/libcrypto-shlib-asn_moid.o \
C/C++: 	crypto/asn1/libcrypto-shlib-asn_mstbl.o \
C/C++: 	crypto/asn1/libcrypto-shlib-asn_pack.o \
C/C++: 	crypto/asn1/libcrypto-shlib-bio_asn1.o \
C/C++: 	crypto/asn1/libcrypto-shlib-bio_ndef.o \
C/C++: 	crypto/asn1/libcrypto-shlib-d2i_param.o \
C/C++: 	crypto/asn1/libcrypto-shlib-d2i_pr.o \
C/C++: 	crypto/asn1/libcrypto-shlib-d2i_pu.o \
C/C++: 	crypto/asn1/libcrypto-shlib-evp_asn1.o \
C/C++: 	crypto/asn1/libcrypto-shlib-f_int.o \
C/C++: 	crypto/asn1/libcrypto-shlib-f_string.o \
C/C++: 	crypto/asn1/libcrypto-shlib-i2d_evp.o \
C/C++: 	crypto/asn1/libcrypto-shlib-nsseq.o \
C/C++: 	crypto/asn1/libcrypto-shlib-p5_pbe.o \
C/C++: 	crypto/asn1/libcrypto-shlib-p5_pbev2.o \
C/C++: 	crypto/asn1/libcrypto-shlib-p5_scrypt.o \
C/C++: 	crypto/asn1/libcrypto-shlib-p8_pkey.o \
C/C++: 	crypto/asn1/libcrypto-shlib-t_bitst.o \
C/C++: 	crypto/asn1/libcrypto-shlib-t_pkey.o \
C/C++: 	crypto/asn1/libcrypto-shlib-t_spki.o \
C/C++: 	crypto/asn1/libcrypto-shlib-tasn_dec.o \
C/C++: 	crypto/asn1/libcrypto-shlib-tasn_enc.o \
C/C++: 	crypto/asn1/libcrypto-shlib-tasn_fre.o \
C/C++: 	crypto/asn1/libcrypto-shlib-tasn_new.o \
C/C++: 	crypto/asn1/libcrypto-shlib-tasn_prn.o \
C/C++: 	crypto/asn1/libcrypto-shlib-tasn_scn.o \
C/C++: 	crypto/asn1/libcrypto-shlib-tasn_typ.o \
C/C++: 	crypto/asn1/libcrypto-shlib-tasn_utl.o \
C/C++: 	crypto/asn1/libcrypto-shlib-x_algor.o \
C/C++: 	crypto/asn1/libcrypto-shlib-x_bignum.o \
C/C++: 	crypto/asn1/libcrypto-shlib-x_info.o \
C/C++: 	crypto/asn1/libcrypto-shlib-x_int64.o \
C/C++: 	crypto/asn1/libcrypto-shlib-x_pkey.o \
C/C++: 	crypto/asn1/libcrypto-shlib-x_sig.o \
C/C++: 	crypto/asn1/libcrypto-shlib-x_spki.o \
C/C++: 	crypto/asn1/libcrypto-shlib-x_val.o \
C/C++: 	crypto/async/arch/libcrypto-shlib-async_null.o \
C/C++: 	crypto/async/arch/libcrypto-shlib-async_posix.o \
C/C++: 	crypto/async/arch/libcrypto-shlib-async_win.o \
C/C++: 	crypto/async/libcrypto-shlib-async.o \
C/C++: 	crypto/async/libcrypto-shlib-async_err.o \
C/C++: 	crypto/async/libcrypto-shlib-async_wait.o \
C/C++: 	crypto/bf/libcrypto-shlib-bf_cfb64.o \
C/C++: 	crypto/bf/libcrypto-shlib-bf_ecb.o \
C/C++: 	crypto/bf/libcrypto-shlib-bf_enc.o \
C/C++: 	crypto/bf/libcrypto-shlib-bf_ofb64.o \
C/C++: 	crypto/bf/libcrypto-shlib-bf_skey.o \
C/C++: 	crypto/bio/libcrypto-shlib-bf_buff.o \
C/C++: 	crypto/bio/libcrypto-shlib-bf_lbuf.o \
C/C++: 	crypto/bio/libcrypto-shlib-bf_nbio.o \
C/C++: 	crypto/bio/libcrypto-shlib-bf_null.o \
C/C++: 	crypto/bio/libcrypto-shlib-bf_prefix.o \
C/C++: 	crypto/bio/libcrypto-shlib-bf_readbuff.o \
C/C++: 	crypto/bio/libcrypto-shlib-bio_addr.o \
C/C++: 	crypto/bio/libcrypto-shlib-bio_cb.o \
C/C++: 	crypto/bio/libcrypto-shlib-bio_dump.o \
C/C++: 	crypto/bio/libcrypto-shlib-bio_err.o \
C/C++: 	crypto/bio/libcrypto-shlib-bio_lib.o \
C/C++: 	crypto/bio/libcrypto-shlib-bio_meth.o \
C/C++: 	crypto/bio/libcrypto-shlib-bio_print.o \
C/C++: 	crypto/bio/libcrypto-shlib-bio_sock.o \
C/C++: 	crypto/bio/libcrypto-shlib-bio_sock2.o \
C/C++: 	crypto/bio/libcrypto-shlib-bss_acpt.o \
C/C++: 	crypto/bio/libcrypto-shlib-bss_bio.o \
C/C++: 	crypto/bio/libcrypto-shlib-bss_conn.o \
C/C++: 	crypto/bio/libcrypto-shlib-bss_core.o \
C/C++: 	crypto/bio/libcrypto-shlib-bss_dgram.o \
C/C++: 	crypto/bio/libcrypto-shlib-bss_dgram_pair.o \
C/C++: 	crypto/bio/libcrypto-shlib-bss_fd.o \
C/C++: 	crypto/bio/libcrypto-shlib-bss_file.o \
C/C++: 	crypto/bio/libcrypto-shlib-bss_log.o \
C/C++: 	crypto/bio/libcrypto-shlib-bss_mem.o \
C/C++: 	crypto/bio/libcrypto-shlib-bss_null.o \
C/C++: 	crypto/bio/libcrypto-shlib-bss_sock.o \
C/C++: 	crypto/bio/libcrypto-shlib-ossl_core_bio.o \
C/C++: 	crypto/bn/asm/libcrypto-shlib-x86_64-gcc.o \
C/C++: 	crypto/bn/libcrypto-shlib-bn_add.o \
C/C++: 	crypto/bn/libcrypto-shlib-bn_blind.o \
C/C++: 	crypto/bn/libcrypto-shlib-bn_const.o \
C/C++: 	crypto/bn/libcrypto-shlib-bn_conv.o \
C/C++: 	crypto/bn/libcrypto-shlib-bn_ctx.o \
C/C++: 	crypto/bn/libcrypto-shlib-bn_dh.o \
C/C++: 	crypto/bn/libcrypto-shlib-bn_div.o \
C/C++: 	crypto/bn/libcrypto-shlib-bn_err.o \
C/C++: 	crypto/bn/libcrypto-shlib-bn_exp.o \
C/C++: 	crypto/bn/libcrypto-shlib-bn_exp2.o \
C/C++: 	crypto/bn/libcrypto-shlib-bn_gcd.o \
C/C++: 	crypto/bn/libcrypto-shlib-bn_gf2m.o \
C/C++: 	crypto/bn/libcrypto-shlib-bn_intern.o \
C/C++: 	crypto/bn/libcrypto-shlib-bn_kron.o \
C/C++: 	crypto/bn/libcrypto-shlib-bn_lib.o \
C/C++: 	crypto/bn/libcrypto-shlib-bn_mod.o \
C/C++: 	crypto/bn/libcrypto-shlib-bn_mont.o \
C/C++: 	crypto/bn/libcrypto-shlib-bn_mpi.o \
C/C++: 	crypto/bn/libcrypto-shlib-bn_mul.o \
C/C++: 	crypto/bn/libcrypto-shlib-bn_nist.o \
C/C++: 	crypto/bn/libcrypto-shlib-bn_prime.o \
C/C++: 	crypto/bn/libcrypto-shlib-bn_print.o \
C/C++: 	crypto/bn/libcrypto-shlib-bn_rand.o \
C/C++: 	crypto/bn/libcrypto-shlib-bn_recp.o \
C/C++: 	crypto/bn/libcrypto-shlib-bn_rsa_fips186_4.o \
C/C++: 	crypto/bn/libcrypto-shlib-bn_shift.o \
C/C++: 	crypto/bn/libcrypto-shlib-bn_sqr.o \
C/C++: 	crypto/bn/libcrypto-shlib-bn_sqrt.o \
C/C++: 	crypto/bn/libcrypto-shlib-bn_srp.o \
C/C++: 	crypto/bn/libcrypto-shlib-bn_word.o \
C/C++: 	crypto/bn/libcrypto-shlib-rsaz-2k-avx512.o \
C/C++: 	crypto/bn/libcrypto-shlib-rsaz-3k-avx512.o \
C/C++: 	crypto/bn/libcrypto-shlib-rsaz-4k-avx512.o \
C/C++: 	crypto/bn/libcrypto-shlib-rsaz-avx2.o \
C/C++: 	crypto/bn/libcrypto-shlib-rsaz-x86_64.o \
C/C++: 	crypto/bn/libcrypto-shlib-rsaz_exp.o \
C/C++: 	crypto/bn/libcrypto-shlib-rsaz_exp_x2.o \
C/C++: 	crypto/bn/libcrypto-shlib-x86_64-gf2m.o \
C/C++: 	crypto/bn/libcrypto-shlib-x86_64-mont.o \
C/C++: 	crypto/bn/libcrypto-shlib-x86_64-mont5.o \
C/C++: 	crypto/buffer/libcrypto-shlib-buf_err.o \
C/C++: 	crypto/buffer/libcrypto-shlib-buffer.o \
C/C++: 	crypto/chacha/libcrypto-shlib-chacha-x86_64.o \
C/C++: 	crypto/cmac/libcrypto-shlib-cmac.o \
C/C++: 	crypto/cmp/libcrypto-shlib-cmp_asn.o \
C/C++: 	crypto/cmp/libcrypto-shlib-cmp_client.o \
C/C++: 	crypto/cmp/libcrypto-shlib-cmp_ctx.o \
C/C++: 	crypto/cmp/libcrypto-shlib-cmp_err.o \
C/C++: 	crypto/cmp/libcrypto-shlib-cmp_genm.o \
C/C++: 	crypto/cmp/libcrypto-shlib-cmp_hdr.o \
C/C++: 	crypto/cmp/libcrypto-shlib-cmp_http.o \
C/C++: 	crypto/cmp/libcrypto-shlib-cmp_msg.o \
C/C++: 	crypto/cmp/libcrypto-shlib-cmp_protect.o \
C/C++: 	crypto/cmp/libcrypto-shlib-cmp_server.o \
C/C++: 	crypto/cmp/libcrypto-shlib-cmp_status.o \
C/C++: 	crypto/cmp/libcrypto-shlib-cmp_util.o \
C/C++: 	crypto/cmp/libcrypto-shlib-cmp_vfy.o \
C/C++: 	crypto/cms/libcrypto-shlib-cms_asn1.o \
C/C++: 	crypto/cms/libcrypto-shlib-cms_att.o \
C/C++: 	crypto/cms/libcrypto-shlib-cms_cd.o \
C/C++: 	crypto/cms/libcrypto-shlib-cms_dd.o \
C/C++: 	crypto/cms/libcrypto-shlib-cms_dh.o \
C/C++: 	crypto/cms/libcrypto-shlib-cms_ec.o \
C/C++: 	crypto/cms/libcrypto-shlib-cms_enc.o \
C/C++: 	crypto/cms/libcrypto-shlib-cms_env.o \
C/C++: 	crypto/cms/libcrypto-shlib-cms_err.o \
C/C++: 	crypto/cms/libcrypto-shlib-cms_ess.o \
C/C++: 	crypto/cms/libcrypto-shlib-cms_io.o \
C/C++: 	crypto/cms/libcrypto-shlib-cms_kari.o \
C/C++: 	crypto/cms/libcrypto-shlib-cms_lib.o \
C/C++: 	crypto/cms/libcrypto-shlib-cms_pwri.o \
C/C++: 	crypto/cms/libcrypto-shlib-cms_rsa.o \
C/C++: 	crypto/cms/libcrypto-shlib-cms_sd.o \
C/C++: 	crypto/cms/libcrypto-shlib-cms_smime.o \
C/C++: 	crypto/conf/libcrypto-shlib-conf_api.o \
C/C++: 	crypto/conf/libcrypto-shlib-conf_def.o \
C/C++: 	crypto/conf/libcrypto-shlib-conf_err.o \
C/C++: 	crypto/conf/libcrypto-shlib-conf_lib.o \
C/C++: 	crypto/conf/libcrypto-shlib-conf_mall.o \
C/C++: 	crypto/conf/libcrypto-shlib-conf_mod.o \
C/C++: 	crypto/conf/libcrypto-shlib-conf_sap.o \
C/C++: 	crypto/conf/libcrypto-shlib-conf_ssl.o \
C/C++: 	crypto/crmf/libcrypto-shlib-crmf_asn.o \
C/C++: 	crypto/crmf/libcrypto-shlib-crmf_err.o \
C/C++: 	crypto/crmf/libcrypto-shlib-crmf_lib.o \
C/C++: 	crypto/crmf/libcrypto-shlib-crmf_pbm.o \
C/C++: 	crypto/ct/libcrypto-shlib-ct_b64.o \
C/C++: 	crypto/ct/libcrypto-shlib-ct_err.o \
C/C++: 	crypto/ct/libcrypto-shlib-ct_log.o \
C/C++: 	crypto/ct/libcrypto-shlib-ct_oct.o \
C/C++: 	crypto/ct/libcrypto-shlib-ct_policy.o \
C/C++: 	crypto/ct/libcrypto-shlib-ct_prn.o \
C/C++: 	crypto/ct/libcrypto-shlib-ct_sct.o \
C/C++: 	crypto/ct/libcrypto-shlib-ct_sct_ctx.o \
C/C++: 	crypto/ct/libcrypto-shlib-ct_vfy.o \
C/C++: 	crypto/ct/libcrypto-shlib-ct_x509v3.o \
C/C++: 	crypto/dh/libcrypto-shlib-dh_ameth.o \
C/C++: 	crypto/dh/libcrypto-shlib-dh_asn1.o \
C/C++: 	crypto/dh/libcrypto-shlib-dh_backend.o \
C/C++: 	crypto/dh/libcrypto-shlib-dh_check.o \
C/C++: 	crypto/dh/libcrypto-shlib-dh_err.o \
C/C++: 	crypto/dh/libcrypto-shlib-dh_gen.o \
C/C++: 	crypto/dh/libcrypto-shlib-dh_group_params.o \
C/C++: 	crypto/dh/libcrypto-shlib-dh_kdf.o \
C/C++: 	crypto/dh/libcrypto-shlib-dh_key.o \
C/C++: 	crypto/dh/libcrypto-shlib-dh_lib.o \
C/C++: 	crypto/dh/libcrypto-shlib-dh_meth.o \
C/C++: 	crypto/dh/libcrypto-shlib-dh_pmeth.o \
C/C++: 	crypto/dh/libcrypto-shlib-dh_prn.o \
C/C++: 	crypto/dh/libcrypto-shlib-dh_rfc5114.o \
C/C++: 	crypto/dso/libcrypto-shlib-dso_dl.o \
C/C++: 	crypto/dso/libcrypto-shlib-dso_dlfcn.o \
C/C++: 	crypto/dso/libcrypto-shlib-dso_err.o \
C/C++: 	crypto/dso/libcrypto-shlib-dso_lib.o \
C/C++: 	crypto/dso/libcrypto-shlib-dso_openssl.o \
C/C++: 	crypto/dso/libcrypto-shlib-dso_vms.o \
C/C++: 	crypto/dso/libcrypto-shlib-dso_win32.o \
C/C++: 	crypto/ec/curve448/arch_32/libcrypto-shlib-f_impl32.o \
C/C++: 	crypto/ec/curve448/arch_64/libcrypto-shlib-f_impl64.o \
C/C++: 	crypto/ec/curve448/libcrypto-shlib-curve448.o \
C/C++: 	crypto/ec/curve448/libcrypto-shlib-curve448_tables.o \
C/C++: 	crypto/ec/curve448/libcrypto-shlib-eddsa.o \
C/C++: 	crypto/ec/curve448/libcrypto-shlib-f_generic.o \
C/C++: 	crypto/ec/curve448/libcrypto-shlib-scalar.o \
C/C++: 	crypto/ec/libcrypto-shlib-curve25519.o \
C/C++: 	crypto/ec/libcrypto-shlib-ec2_oct.o \
C/C++: 	crypto/ec/libcrypto-shlib-ec2_smpl.o \
C/C++: 	crypto/ec/libcrypto-shlib-ec_ameth.o \
C/C++: 	crypto/ec/libcrypto-shlib-ec_asn1.o \
C/C++: 	crypto/ec/libcrypto-shlib-ec_backend.o \
C/C++: 	crypto/ec/libcrypto-shlib-ec_check.o \
C/C++: 	crypto/ec/libcrypto-shlib-ec_curve.o \
C/C++: 	crypto/ec/libcrypto-shlib-ec_cvt.o \
C/C++: 	crypto/ec/libcrypto-shlib-ec_deprecated.o \
C/C++: 	crypto/ec/libcrypto-shlib-ec_err.o \
C/C++: 	crypto/ec/libcrypto-shlib-ec_key.o \
C/C++: 	crypto/ec/libcrypto-shlib-ec_kmeth.o \
C/C++: 	crypto/ec/libcrypto-shlib-ec_lib.o \
C/C++: 	crypto/ec/libcrypto-shlib-ec_mult.o \
C/C++: 	crypto/ec/libcrypto-shlib-ec_oct.o \
C/C++: 	crypto/ec/libcrypto-shlib-ec_pmeth.o \
C/C++: 	crypto/ec/libcrypto-shlib-ec_print.o \
C/C++: 	crypto/ec/libcrypto-shlib-ecdh_kdf.o \
C/C++: 	crypto/ec/libcrypto-shlib-ecdh_ossl.o \
C/C++: 	crypto/ec/libcrypto-shlib-ecdsa_ossl.o \
C/C++: 	crypto/ec/libcrypto-shlib-ecdsa_sign.o \
C/C++: 	crypto/ec/libcrypto-shlib-ecdsa_vrf.o \
C/C++: 	crypto/ec/libcrypto-shlib-eck_prn.o \
C/C++: 	crypto/ec/libcrypto-shlib-ecp_mont.o \
C/C++: 	crypto/ec/libcrypto-shlib-ecp_nist.o \
C/C++: 	crypto/ec/libcrypto-shlib-ecp_nistz256-x86_64.o \
C/C++: 	crypto/ec/libcrypto-shlib-ecp_nistz256.o \
C/C++: 	crypto/ec/libcrypto-shlib-ecp_oct.o \
C/C++: 	crypto/ec/libcrypto-shlib-ecp_smpl.o \
C/C++: 	crypto/ec/libcrypto-shlib-ecx_backend.o \
C/C++: 	crypto/ec/libcrypto-shlib-ecx_key.o \
C/C++: 	crypto/ec/libcrypto-shlib-ecx_meth.o \
C/C++: 	crypto/ec/libcrypto-shlib-x25519-x86_64.o \
C/C++: 	crypto/encode_decode/libcrypto-shlib-decoder_err.o \
C/C++: 	crypto/encode_decode/libcrypto-shlib-decoder_lib.o \
C/C++: 	crypto/encode_decode/libcrypto-shlib-decoder_meth.o \
C/C++: 	crypto/encode_decode/libcrypto-shlib-decoder_pkey.o \
C/C++: 	crypto/encode_decode/libcrypto-shlib-encoder_err.o \
C/C++: 	crypto/encode_decode/libcrypto-shlib-encoder_lib.o \
C/C++: 	crypto/encode_decode/libcrypto-shlib-encoder_meth.o \
C/C++: 	crypto/encode_decode/libcrypto-shlib-encoder_pkey.o \
C/C++: 	crypto/err/libcrypto-shlib-err.o \
C/C++: 	crypto/err/libcrypto-shlib-err_all.o \
C/C++: 	crypto/err/libcrypto-shlib-err_all_legacy.o \
C/C++: 	crypto/err/libcrypto-shlib-err_blocks.o \
C/C++: 	crypto/err/libcrypto-shlib-err_mark.o \
C/C++: 	crypto/err/libcrypto-shlib-err_prn.o \
C/C++: 	crypto/err/libcrypto-shlib-err_save.o \
C/C++: 	crypto/ess/libcrypto-shlib-ess_asn1.o \
C/C++: 	crypto/ess/libcrypto-shlib-ess_err.o \
C/C++: 	crypto/ess/libcrypto-shlib-ess_lib.o \
C/C++: 	crypto/evp/libcrypto-shlib-asymcipher.o \
C/C++: 	crypto/evp/libcrypto-shlib-bio_b64.o \
C/C++: 	crypto/evp/libcrypto-shlib-bio_enc.o \
C/C++: 	crypto/evp/libcrypto-shlib-bio_md.o \
C/C++: 	crypto/evp/libcrypto-shlib-bio_ok.o \
C/C++: 	crypto/evp/libcrypto-shlib-c_allc.o \
C/C++: 	crypto/evp/libcrypto-shlib-c_alld.o \
C/C++: 	crypto/evp/libcrypto-shlib-cmeth_lib.o \
C/C++: 	crypto/evp/libcrypto-shlib-ctrl_params_translate.o \
C/C++: 	crypto/evp/libcrypto-shlib-dh_ctrl.o \
C/C++: 	crypto/evp/libcrypto-shlib-dh_support.o \
C/C++: 	crypto/evp/libcrypto-shlib-digest.o \
C/C++: 	crypto/evp/libcrypto-shlib-dsa_ctrl.o \
C/C++: 	crypto/evp/libcrypto-shlib-e_aes.o \
C/C++: 	crypto/evp/libcrypto-shlib-e_aes_cbc_hmac_sha1.o \
C/C++: 	crypto/evp/libcrypto-shlib-e_aes_cbc_hmac_sha256.o \
C/C++: 	crypto/evp/libcrypto-shlib-e_aria.o \
C/C++: 	crypto/evp/libcrypto-shlib-e_bf.o \
C/C++: 	crypto/evp/libcrypto-shlib-e_cast.o \
C/C++: 	crypto/evp/libcrypto-shlib-e_chacha20_poly1305.o \
C/C++: 	crypto/evp/libcrypto-shlib-e_des.o \
C/C++: 	crypto/evp/libcrypto-shlib-e_des3.o \
C/C++: 	crypto/evp/libcrypto-shlib-e_idea.o \
C/C++: 	crypto/evp/libcrypto-shlib-e_null.o \
C/C++: 	crypto/evp/libcrypto-shlib-e_rc2.o \
C/C++: 	crypto/evp/libcrypto-shlib-e_rc4.o \
C/C++: 	crypto/evp/libcrypto-shlib-e_rc4_hmac_md5.o \
C/C++: 	crypto/evp/libcrypto-shlib-e_rc5.o \
C/C++: 	crypto/evp/libcrypto-shlib-e_seed.o \
C/C++: 	crypto/evp/libcrypto-shlib-e_sm4.o \
C/C++: 	crypto/evp/libcrypto-shlib-e_xcbc_d.o \
C/C++: 	crypto/evp/libcrypto-shlib-ec_ctrl.o \
C/C++: 	crypto/evp/libcrypto-shlib-ec_support.o \
C/C++: 	crypto/evp/libcrypto-shlib-encode.o \
C/C++: 	crypto/evp/libcrypto-shlib-evp_cnf.o \
C/C++: 	crypto/evp/libcrypto-shlib-evp_enc.o \
C/C++: 	crypto/evp/libcrypto-shlib-evp_err.o \
C/C++: 	crypto/evp/libcrypto-shlib-evp_fetch.o \
C/C++: 	crypto/evp/libcrypto-shlib-evp_key.o \
C/C++: 	crypto/evp/libcrypto-shlib-evp_lib.o \
C/C++: 	crypto/evp/libcrypto-shlib-evp_pbe.o \
C/C++: 	crypto/evp/libcrypto-shlib-evp_pkey.o \
C/C++: 	crypto/evp/libcrypto-shlib-evp_rand.o \
C/C++: 	crypto/evp/libcrypto-shlib-evp_utils.o \
C/C++: 	crypto/evp/libcrypto-shlib-exchange.o \
C/C++: 	crypto/evp/libcrypto-shlib-kdf_lib.o \
C/C++: 	crypto/evp/libcrypto-shlib-kdf_meth.o \
C/C++: 	crypto/evp/libcrypto-shlib-kem.o \
C/C++: 	crypto/evp/libcrypto-shlib-keymgmt_lib.o \
C/C++: 	crypto/evp/libcrypto-shlib-keymgmt_meth.o \
C/C++: 	crypto/evp/libcrypto-shlib-legacy_blake2.o \
C/C++: 	crypto/evp/libcrypto-shlib-legacy_md5.o \
C/C++: 	crypto/evp/libcrypto-shlib-legacy_md5_sha1.o \
C/C++: 	crypto/evp/libcrypto-shlib-legacy_ripemd.o \
C/C++: 	crypto/evp/libcrypto-shlib-legacy_sha.o \
C/C++: 	crypto/evp/libcrypto-shlib-legacy_wp.o \
C/C++: 	crypto/evp/libcrypto-shlib-m_null.o \
C/C++: 	crypto/evp/libcrypto-shlib-m_sigver.o \
C/C++: 	crypto/evp/libcrypto-shlib-mac_lib.o \
C/C++: 	crypto/evp/libcrypto-shlib-mac_meth.o \
C/C++: 	crypto/evp/libcrypto-shlib-names.o \
C/C++: 	crypto/evp/libcrypto-shlib-p5_crpt.o \
C/C++: 	crypto/evp/libcrypto-shlib-p5_crpt2.o \
C/C++: 	crypto/evp/libcrypto-shlib-p_legacy.o \
C/C++: 	crypto/evp/libcrypto-shlib-p_lib.o \
C/C++: 	crypto/evp/libcrypto-shlib-p_open.o \
C/C++: 	crypto/evp/libcrypto-shlib-p_seal.o \
C/C++: 	crypto/evp/libcrypto-shlib-p_sign.o \
C/C++: 	crypto/evp/libcrypto-shlib-p_verify.o \
C/C++: 	crypto/evp/libcrypto-shlib-pbe_scrypt.o \
C/C++: 	crypto/evp/libcrypto-shlib-pmeth_check.o \
C/C++: 	crypto/evp/libcrypto-shlib-pmeth_gn.o \
C/C++: 	crypto/evp/libcrypto-shlib-pmeth_lib.o \
C/C++: 	crypto/evp/libcrypto-shlib-signature.o \
C/C++: 	crypto/ffc/libcrypto-shlib-ffc_backend.o \
C/C++: 	crypto/ffc/libcrypto-shlib-ffc_dh.o \
C/C++: 	crypto/ffc/libcrypto-shlib-ffc_key_generate.o \
C/C++: 	crypto/ffc/libcrypto-shlib-ffc_key_validate.o \
C/C++: 	crypto/ffc/libcrypto-shlib-ffc_params.o \
C/C++: 	crypto/ffc/libcrypto-shlib-ffc_params_generate.o \
C/C++: 	crypto/ffc/libcrypto-shlib-ffc_params_validate.o \
C/C++: 	crypto/hashtable/libcrypto-shlib-hashtable.o \
C/C++: 	crypto/hmac/libcrypto-shlib-hmac.o \
C/C++: 	crypto/hpke/libcrypto-shlib-hpke.o \
C/C++: 	crypto/hpke/libcrypto-shlib-hpke_util.o \
C/C++: 	crypto/http/libcrypto-shlib-http_client.o \
C/C++: 	crypto/http/libcrypto-shlib-http_err.o \
C/C++: 	crypto/http/libcrypto-shlib-http_lib.o \
C/C++: 	crypto/kdf/libcrypto-shlib-kdf_err.o \
C/C++: 	crypto/lhash/libcrypto-shlib-lh_stats.o \
C/C++: 	crypto/lhash/libcrypto-shlib-lhash.o \
C/C++: 	crypto/libcrypto-shlib-asn1_dsa.o \
C/C++: 	crypto/libcrypto-shlib-bsearch.o \
C/C++: 	crypto/libcrypto-shlib-comp_methods.o \
C/C++: 	crypto/libcrypto-shlib-context.o \
C/C++: 	crypto/libcrypto-shlib-core_algorithm.o \
C/C++: 	crypto/libcrypto-shlib-core_fetch.o \
C/C++: 	crypto/libcrypto-shlib-core_namemap.o \
C/C++: 	crypto/libcrypto-shlib-cpt_err.o \
C/C++: 	crypto/libcrypto-shlib-cpuid.o \
C/C++: 	crypto/libcrypto-shlib-cryptlib.o \
C/C++: 	crypto/libcrypto-shlib-ctype.o \
C/C++: 	crypto/libcrypto-shlib-cversion.o \
C/C++: 	crypto/libcrypto-shlib-defaults.o \
C/C++: 	crypto/libcrypto-shlib-der_writer.o \
C/C++: 	crypto/libcrypto-shlib-deterministic_nonce.o \
C/C++: 	crypto/libcrypto-shlib-ebcdic.o \
C/C++: 	crypto/libcrypto-shlib-ex_data.o \
C/C++: 	crypto/libcrypto-shlib-getenv.o \
C/C++: 	crypto/libcrypto-shlib-indicator_core.o \
C/C++: 	crypto/libcrypto-shlib-info.o crypto/libcrypto-shlib-init.o \
C/C++: 	crypto/libcrypto-shlib-initthread.o \
C/C++: 	crypto/libcrypto-shlib-mem.o \
C/C++: 	crypto/libcrypto-shlib-mem_sec.o \
C/C++: 	crypto/libcrypto-shlib-o_dir.o \
C/C++: 	crypto/libcrypto-shlib-o_fopen.o \
C/C++: 	crypto/libcrypto-shlib-o_init.o \
C/C++: 	crypto/libcrypto-shlib-o_str.o \
C/C++: 	crypto/libcrypto-shlib-o_time.o \
C/C++: 	crypto/libcrypto-shlib-packet.o \
C/C++: 	crypto/libcrypto-shlib-param_build.o \
C/C++: 	crypto/libcrypto-shlib-param_build_set.o \
C/C++: 	crypto/libcrypto-shlib-params.o \
C/C++: 	crypto/libcrypto-shlib-params_dup.o \
C/C++: 	crypto/libcrypto-shlib-params_from_text.o \
C/C++: 	crypto/libcrypto-shlib-params_idx.o \
C/C++: 	crypto/libcrypto-shlib-passphrase.o \
C/C++: 	crypto/libcrypto-shlib-provider.o \
C/C++: 	crypto/libcrypto-shlib-provider_child.o \
C/C++: 	crypto/libcrypto-shlib-provider_conf.o \
C/C++: 	crypto/libcrypto-shlib-provider_core.o \
C/C++: 	crypto/libcrypto-shlib-provider_predefined.o \
C/C++: 	crypto/libcrypto-shlib-punycode.o \
C/C++: 	crypto/libcrypto-shlib-quic_vlint.o \
C/C++: 	crypto/libcrypto-shlib-self_test_core.o \
C/C++: 	crypto/libcrypto-shlib-sleep.o \
C/C++: 	crypto/libcrypto-shlib-sparse_array.o \
C/C++: 	crypto/libcrypto-shlib-ssl_err.o \
C/C++: 	crypto/libcrypto-shlib-threads_lib.o \
C/C++: 	crypto/libcrypto-shlib-threads_none.o \
C/C++: 	crypto/libcrypto-shlib-threads_pthread.o \
C/C++: 	crypto/libcrypto-shlib-threads_win.o \
C/C++: 	crypto/libcrypto-shlib-time.o crypto/libcrypto-shlib-trace.o \
C/C++: 	crypto/libcrypto-shlib-uid.o \
C/C++: 	crypto/libcrypto-shlib-x86_64cpuid.o \
C/C++: 	crypto/md5/libcrypto-shlib-md5-x86_64.o \
C/C++: 	crypto/md5/libcrypto-shlib-md5_dgst.o \
C/C++: 	crypto/md5/libcrypto-shlib-md5_one.o \
C/C++: 	crypto/md5/libcrypto-shlib-md5_sha1.o \
C/C++: 	crypto/modes/libcrypto-shlib-aes-gcm-avx512.o \
C/C++: 	crypto/modes/libcrypto-shlib-aesni-gcm-x86_64.o \
C/C++: 	crypto/modes/libcrypto-shlib-cbc128.o \
C/C++: 	crypto/modes/libcrypto-shlib-ccm128.o \
C/C++: 	crypto/modes/libcrypto-shlib-cfb128.o \
C/C++: 	crypto/modes/libcrypto-shlib-ctr128.o \
C/C++: 	crypto/modes/libcrypto-shlib-cts128.o \
C/C++: 	crypto/modes/libcrypto-shlib-gcm128.o \
C/C++: 	crypto/modes/libcrypto-shlib-ghash-x86_64.o \
C/C++: 	crypto/modes/libcrypto-shlib-ocb128.o \
C/C++: 	crypto/modes/libcrypto-shlib-ofb128.o \
C/C++: 	crypto/modes/libcrypto-shlib-siv128.o \
C/C++: 	crypto/modes/libcrypto-shlib-wrap128.o \
C/C++: 	crypto/modes/libcrypto-shlib-xts128.o \
C/C++: 	crypto/modes/libcrypto-shlib-xts128gb.o \
C/C++: 	crypto/objects/libcrypto-shlib-o_names.o \
C/C++: 	crypto/objects/libcrypto-shlib-obj_dat.o \
C/C++: 	crypto/objects/libcrypto-shlib-obj_err.o \
C/C++: 	crypto/objects/libcrypto-shlib-obj_lib.o \
C/C++: 	crypto/objects/libcrypto-shlib-obj_xref.o \
C/C++: 	crypto/ocsp/libcrypto-shlib-ocsp_asn.o \
C/C++: 	crypto/ocsp/libcrypto-shlib-ocsp_cl.o \
C/C++: 	crypto/ocsp/libcrypto-shlib-ocsp_err.o \
C/C++: 	crypto/ocsp/libcrypto-shlib-ocsp_ext.o \
C/C++: 	crypto/ocsp/libcrypto-shlib-ocsp_http.o \
C/C++: 	crypto/ocsp/libcrypto-shlib-ocsp_lib.o \
C/C++: 	crypto/ocsp/libcrypto-shlib-ocsp_prn.o \
C/C++: 	crypto/ocsp/libcrypto-shlib-ocsp_srv.o \
C/C++: 	crypto/ocsp/libcrypto-shlib-ocsp_vfy.o \
C/C++: 	crypto/ocsp/libcrypto-shlib-v3_ocsp.o \
C/C++: 	crypto/pem/libcrypto-shlib-pem_all.o \
C/C++: 	crypto/pem/libcrypto-shlib-pem_err.o \
C/C++: 	crypto/pem/libcrypto-shlib-pem_info.o \
C/C++: 	crypto/pem/libcrypto-shlib-pem_lib.o \
C/C++: 	crypto/pem/libcrypto-shlib-pem_oth.o \
C/C++: 	crypto/pem/libcrypto-shlib-pem_pk8.o \
C/C++: 	crypto/pem/libcrypto-shlib-pem_pkey.o \
C/C++: 	crypto/pem/libcrypto-shlib-pem_sign.o \
C/C++: 	crypto/pem/libcrypto-shlib-pem_x509.o \
C/C++: 	crypto/pem/libcrypto-shlib-pem_xaux.o \
C/C++: 	crypto/pem/libcrypto-shlib-pvkfmt.o \
C/C++: 	crypto/pkcs12/libcrypto-shlib-p12_add.o \
C/C++: 	crypto/pkcs12/libcrypto-shlib-p12_asn.o \
C/C++: 	crypto/pkcs12/libcrypto-shlib-p12_attr.o \
C/C++: 	crypto/pkcs12/libcrypto-shlib-p12_crpt.o \
C/C++: 	crypto/pkcs12/libcrypto-shlib-p12_crt.o \
C/C++: 	crypto/pkcs12/libcrypto-shlib-p12_decr.o \
C/C++: 	crypto/pkcs12/libcrypto-shlib-p12_init.o \
C/C++: 	crypto/pkcs12/libcrypto-shlib-p12_key.o \
C/C++: 	crypto/pkcs12/libcrypto-shlib-p12_kiss.o \
C/C++: 	crypto/pkcs12/libcrypto-shlib-p12_mutl.o \
C/C++: 	crypto/pkcs12/libcrypto-shlib-p12_npas.o \
C/C++: 	crypto/pkcs12/libcrypto-shlib-p12_p8d.o \
C/C++: 	crypto/pkcs12/libcrypto-shlib-p12_p8e.o \
C/C++: 	crypto/pkcs12/libcrypto-shlib-p12_sbag.o \
C/C++: 	crypto/pkcs12/libcrypto-shlib-p12_utl.o \
C/C++: 	crypto/pkcs12/libcrypto-shlib-pk12err.o \
C/C++: 	crypto/pkcs7/libcrypto-shlib-bio_pk7.o \
C/C++: 	crypto/pkcs7/libcrypto-shlib-pk7_asn1.o \
C/C++: 	crypto/pkcs7/libcrypto-shlib-pk7_attr.o \
C/C++: 	crypto/pkcs7/libcrypto-shlib-pk7_doit.o \
C/C++: 	crypto/pkcs7/libcrypto-shlib-pk7_lib.o \
C/C++: 	crypto/pkcs7/libcrypto-shlib-pk7_mime.o \
C/C++: 	crypto/pkcs7/libcrypto-shlib-pk7_smime.o \
C/C++: 	crypto/pkcs7/libcrypto-shlib-pkcs7err.o \
C/C++: 	crypto/poly1305/libcrypto-shlib-poly1305-x86_64.o \
C/C++: 	crypto/poly1305/libcrypto-shlib-poly1305.o \
C/C++: 	crypto/property/libcrypto-shlib-defn_cache.o \
C/C++: 	crypto/property/libcrypto-shlib-property.o \
C/C++: 	crypto/property/libcrypto-shlib-property_err.o \
C/C++: 	crypto/property/libcrypto-shlib-property_parse.o \
C/C++: 	crypto/property/libcrypto-shlib-property_query.o \
C/C++: 	crypto/property/libcrypto-shlib-property_string.o \
C/C++: 	crypto/rand/libcrypto-shlib-prov_seed.o \
C/C++: 	crypto/rand/libcrypto-shlib-rand_deprecated.o \
C/C++: 	crypto/rand/libcrypto-shlib-rand_err.o \
C/C++: 	crypto/rand/libcrypto-shlib-rand_lib.o \
C/C++: 	crypto/rand/libcrypto-shlib-rand_pool.o \
C/C++: 	crypto/rand/libcrypto-shlib-rand_uniform.o \
C/C++: 	crypto/rand/libcrypto-shlib-randfile.o \
C/C++: 	crypto/ripemd/libcrypto-shlib-rmd_dgst.o \
C/C++: 	crypto/ripemd/libcrypto-shlib-rmd_one.o \
C/C++: 	crypto/rsa/libcrypto-shlib-rsa_ameth.o \
C/C++: 	crypto/rsa/libcrypto-shlib-rsa_asn1.o \
C/C++: 	crypto/rsa/libcrypto-shlib-rsa_backend.o \
C/C++: 	crypto/rsa/libcrypto-shlib-rsa_chk.o \
C/C++: 	crypto/rsa/libcrypto-shlib-rsa_crpt.o \
C/C++: 	crypto/rsa/libcrypto-shlib-rsa_err.o \
C/C++: 	crypto/rsa/libcrypto-shlib-rsa_gen.o \
C/C++: 	crypto/rsa/libcrypto-shlib-rsa_lib.o \
C/C++: 	crypto/rsa/libcrypto-shlib-rsa_meth.o \
C/C++: 	crypto/rsa/libcrypto-shlib-rsa_mp.o \
C/C++: 	crypto/rsa/libcrypto-shlib-rsa_mp_names.o \
C/C++: 	crypto/rsa/libcrypto-shlib-rsa_none.o \
C/C++: 	crypto/rsa/libcrypto-shlib-rsa_oaep.o \
C/C++: 	crypto/rsa/libcrypto-shlib-rsa_ossl.o \
C/C++: 	crypto/rsa/libcrypto-shlib-rsa_pk1.o \
C/C++: 	crypto/rsa/libcrypto-shlib-rsa_pmeth.o \
C/C++: 	crypto/rsa/libcrypto-shlib-rsa_prn.o \
C/C++: 	crypto/rsa/libcrypto-shlib-rsa_pss.o \
C/C++: 	crypto/rsa/libcrypto-shlib-rsa_saos.o \
C/C++: 	crypto/rsa/libcrypto-shlib-rsa_schemes.o \
C/C++: 	crypto/rsa/libcrypto-shlib-rsa_sign.o \
C/C++: 	crypto/rsa/libcrypto-shlib-rsa_sp800_56b_check.o \
C/C++: 	crypto/rsa/libcrypto-shlib-rsa_sp800_56b_gen.o \
C/C++: 	crypto/rsa/libcrypto-shlib-rsa_x931.o \
C/C++: 	crypto/seed/libcrypto-shlib-seed.o \
C/C++: 	crypto/seed/libcrypto-shlib-seed_cbc.o \
C/C++: 	crypto/seed/libcrypto-shlib-seed_cfb.o \
C/C++: 	crypto/seed/libcrypto-shlib-seed_ecb.o \
C/C++: 	crypto/seed/libcrypto-shlib-seed_ofb.o \
C/C++: 	crypto/sha/libcrypto-shlib-keccak1600-x86_64.o \
C/C++: 	crypto/sha/libcrypto-shlib-sha1-mb-x86_64.o \
C/C++: 	crypto/sha/libcrypto-shlib-sha1-x86_64.o \
C/C++: 	crypto/sha/libcrypto-shlib-sha1_one.o \
C/C++: 	crypto/sha/libcrypto-shlib-sha1dgst.o \
C/C++: 	crypto/sha/libcrypto-shlib-sha256-mb-x86_64.o \
C/C++: 	crypto/sha/libcrypto-shlib-sha256-x86_64.o \
C/C++: 	crypto/sha/libcrypto-shlib-sha256.o \
C/C++: 	crypto/sha/libcrypto-shlib-sha3.o \
C/C++: 	crypto/sha/libcrypto-shlib-sha512-x86_64.o \
C/C++: 	crypto/sha/libcrypto-shlib-sha512.o \
C/C++: 	crypto/siphash/libcrypto-shlib-siphash.o \
C/C++: 	crypto/sm2/libcrypto-shlib-sm2_crypt.o \
C/C++: 	crypto/sm2/libcrypto-shlib-sm2_err.o \
C/C++: 	crypto/sm2/libcrypto-shlib-sm2_key.o \
C/C++: 	crypto/sm2/libcrypto-shlib-sm2_sign.o \
C/C++: 	crypto/sm3/libcrypto-shlib-legacy_sm3.o \
C/C++: 	crypto/sm3/libcrypto-shlib-sm3.o \
C/C++: 	crypto/sm4/libcrypto-shlib-sm4.o \
C/C++: 	crypto/stack/libcrypto-shlib-stack.o \
C/C++: 	crypto/store/libcrypto-shlib-store_err.o \
C/C++: 	crypto/store/libcrypto-shlib-store_lib.o \
C/C++: 	crypto/store/libcrypto-shlib-store_meth.o \
C/C++: 	crypto/store/libcrypto-shlib-store_result.o \
C/C++: 	crypto/store/libcrypto-shlib-store_strings.o \
C/C++: 	crypto/thread/arch/libcrypto-shlib-thread_none.o \
C/C++: 	crypto/thread/arch/libcrypto-shlib-thread_posix.o \
C/C++: 	crypto/thread/arch/libcrypto-shlib-thread_win.o \
C/C++: 	crypto/thread/libcrypto-shlib-api.o \
C/C++: 	crypto/thread/libcrypto-shlib-arch.o \
C/C++: 	crypto/thread/libcrypto-shlib-internal.o \
C/C++: 	crypto/ts/libcrypto-shlib-ts_asn1.o \
C/C++: 	crypto/ts/libcrypto-shlib-ts_conf.o \
C/C++: 	crypto/ts/libcrypto-shlib-ts_err.o \
C/C++: 	crypto/ts/libcrypto-shlib-ts_lib.o \
C/C++: 	crypto/ts/libcrypto-shlib-ts_req_print.o \
C/C++: 	crypto/ts/libcrypto-shlib-ts_req_utils.o \
C/C++: 	crypto/ts/libcrypto-shlib-ts_rsp_print.o \
C/C++: 	crypto/ts/libcrypto-shlib-ts_rsp_sign.o \
C/C++: 	crypto/ts/libcrypto-shlib-ts_rsp_utils.o \
C/C++: 	crypto/ts/libcrypto-shlib-ts_rsp_verify.o \
C/C++: 	crypto/ts/libcrypto-shlib-ts_verify_ctx.o \
C/C++: 	crypto/txt_db/libcrypto-shlib-txt_db.o \
C/C++: 	crypto/ui/libcrypto-shlib-ui_err.o \
C/C++: 	crypto/ui/libcrypto-shlib-ui_lib.o \
C/C++: 	crypto/ui/libcrypto-shlib-ui_null.o \
C/C++: 	crypto/ui/libcrypto-shlib-ui_openssl.o \
C/C++: 	crypto/ui/libcrypto-shlib-ui_util.o \
C/C++: 	crypto/whrlpool/libcrypto-shlib-wp-x86_64.o \
C/C++: 	crypto/whrlpool/libcrypto-shlib-wp_dgst.o \
C/C++: 	crypto/x509/libcrypto-shlib-by_dir.o \
C/C++: 	crypto/x509/libcrypto-shlib-by_file.o \
C/C++: 	crypto/x509/libcrypto-shlib-by_store.o \
C/C++: 	crypto/x509/libcrypto-shlib-pcy_cache.o \
C/C++: 	crypto/x509/libcrypto-shlib-pcy_data.o \
C/C++: 	crypto/x509/libcrypto-shlib-pcy_lib.o \
C/C++: 	crypto/x509/libcrypto-shlib-pcy_map.o \
C/C++: 	crypto/x509/libcrypto-shlib-pcy_node.o \
C/C++: 	crypto/x509/libcrypto-shlib-pcy_tree.o \
C/C++: 	crypto/x509/libcrypto-shlib-t_acert.o \
C/C++: 	crypto/x509/libcrypto-shlib-t_crl.o \
C/C++: 	crypto/x509/libcrypto-shlib-t_req.o \
C/C++: 	crypto/x509/libcrypto-shlib-t_x509.o \
C/C++: 	crypto/x509/libcrypto-shlib-v3_ac_tgt.o \
C/C++: 	crypto/x509/libcrypto-shlib-v3_addr.o \
C/C++: 	crypto/x509/libcrypto-shlib-v3_admis.o \
C/C++: 	crypto/x509/libcrypto-shlib-v3_akeya.o \
C/C++: 	crypto/x509/libcrypto-shlib-v3_akid.o \
C/C++: 	crypto/x509/libcrypto-shlib-v3_asid.o \
C/C++: 	crypto/x509/libcrypto-shlib-v3_audit_id.o \
C/C++: 	crypto/x509/libcrypto-shlib-v3_battcons.o \
C/C++: 	crypto/x509/libcrypto-shlib-v3_bcons.o \
C/C++: 	crypto/x509/libcrypto-shlib-v3_bitst.o \
C/C++: 	crypto/x509/libcrypto-shlib-v3_conf.o \
C/C++: 	crypto/x509/libcrypto-shlib-v3_cpols.o \
C/C++: 	crypto/x509/libcrypto-shlib-v3_crld.o \
C/C++: 	crypto/x509/libcrypto-shlib-v3_enum.o \
C/C++: 	crypto/x509/libcrypto-shlib-v3_extku.o \
C/C++: 	crypto/x509/libcrypto-shlib-v3_genn.o \
C/C++: 	crypto/x509/libcrypto-shlib-v3_group_ac.o \
C/C++: 	crypto/x509/libcrypto-shlib-v3_ia5.o \
C/C++: 	crypto/x509/libcrypto-shlib-v3_ind_iss.o \
C/C++: 	crypto/x509/libcrypto-shlib-v3_info.o \
C/C++: 	crypto/x509/libcrypto-shlib-v3_int.o \
C/C++: 	crypto/x509/libcrypto-shlib-v3_iobo.o \
C/C++: 	crypto/x509/libcrypto-shlib-v3_ist.o \
C/C++: 	crypto/x509/libcrypto-shlib-v3_lib.o \
C/C++: 	crypto/x509/libcrypto-shlib-v3_ncons.o \
C/C++: 	crypto/x509/libcrypto-shlib-v3_no_ass.o \
C/C++: 	crypto/x509/libcrypto-shlib-v3_no_rev_avail.o \
C/C++: 	crypto/x509/libcrypto-shlib-v3_pci.o \
C/C++: 	crypto/x509/libcrypto-shlib-v3_pcia.o \
C/C++: 	crypto/x509/libcrypto-shlib-v3_pcons.o \
C/C++: 	crypto/x509/libcrypto-shlib-v3_pku.o \
C/C++: 	crypto/x509/libcrypto-shlib-v3_pmaps.o \
C/C++: 	crypto/x509/libcrypto-shlib-v3_prn.o \
C/C++: 	crypto/x509/libcrypto-shlib-v3_purp.o \
C/C++: 	crypto/x509/libcrypto-shlib-v3_san.o \
C/C++: 	crypto/x509/libcrypto-shlib-v3_sda.o \
C/C++: 	crypto/x509/libcrypto-shlib-v3_single_use.o \
C/C++: 	crypto/x509/libcrypto-shlib-v3_skid.o \
C/C++: 	crypto/x509/libcrypto-shlib-v3_soa_id.o \
C/C++: 	crypto/x509/libcrypto-shlib-v3_sxnet.o \
C/C++: 	crypto/x509/libcrypto-shlib-v3_tlsf.o \
C/C++: 	crypto/x509/libcrypto-shlib-v3_usernotice.o \
C/C++: 	crypto/x509/libcrypto-shlib-v3_utf8.o \
C/C++: 	crypto/x509/libcrypto-shlib-v3_utl.o \
C/C++: 	crypto/x509/libcrypto-shlib-v3err.o \
C/C++: 	crypto/x509/libcrypto-shlib-x509_acert.o \
C/C++: 	crypto/x509/libcrypto-shlib-x509_att.o \
C/C++: 	crypto/x509/libcrypto-shlib-x509_cmp.o \
C/C++: 	crypto/x509/libcrypto-shlib-x509_d2.o \
C/C++: 	crypto/x509/libcrypto-shlib-x509_def.o \
C/C++: 	crypto/x509/libcrypto-shlib-x509_err.o \
C/C++: 	crypto/x509/libcrypto-shlib-x509_ext.o \
C/C++: 	crypto/x509/libcrypto-shlib-x509_lu.o \
C/C++: 	crypto/x509/libcrypto-shlib-x509_meth.o \
C/C++: 	crypto/x509/libcrypto-shlib-x509_obj.o \
C/C++: 	crypto/x509/libcrypto-shlib-x509_r2x.o \
C/C++: 	crypto/x509/libcrypto-shlib-x509_req.o \
C/C++: 	crypto/x509/libcrypto-shlib-x509_set.o \
C/C++: 	crypto/x509/libcrypto-shlib-x509_trust.o \
C/C++: 	crypto/x509/libcrypto-shlib-x509_txt.o \
C/C++: 	crypto/x509/libcrypto-shlib-x509_v3.o \
C/C++: 	crypto/x509/libcrypto-shlib-x509_vfy.o \
C/C++: 	crypto/x509/libcrypto-shlib-x509_vpm.o \
C/C++: 	crypto/x509/libcrypto-shlib-x509aset.o \
C/C++: 	crypto/x509/libcrypto-shlib-x509cset.o \
C/C++: 	crypto/x509/libcrypto-shlib-x509name.o \
C/C++: 	crypto/x509/libcrypto-shlib-x509rset.o \
C/C++: 	crypto/x509/libcrypto-shlib-x509spki.o \
C/C++: 	crypto/x509/libcrypto-shlib-x_all.o \
C/C++: 	crypto/x509/libcrypto-shlib-x_attrib.o \
C/C++: 	crypto/x509/libcrypto-shlib-x_crl.o \
C/C++: 	crypto/x509/libcrypto-shlib-x_exten.o \
C/C++: 	crypto/x509/libcrypto-shlib-x_ietfatt.o \
C/C++: 	crypto/x509/libcrypto-shlib-x_name.o \
C/C++: 	crypto/x509/libcrypto-shlib-x_pubkey.o \
C/C++: 	crypto/x509/libcrypto-shlib-x_req.o \
C/C++: 	crypto/x509/libcrypto-shlib-x_x509.o \
C/C++: 	crypto/x509/libcrypto-shlib-x_x509a.o \
C/C++: 	providers/libcrypto-shlib-baseprov.o \
C/C++: 	providers/libcrypto-shlib-defltprov.o \
C/C++: 	providers/libcrypto-shlib-legacyprov.o \
C/C++: 	providers/libcrypto-shlib-nullprov.o \
C/C++: 	providers/libcrypto-shlib-prov_running.o \
C/C++: 	providers/libdefault.a providers/liblegacy.a providers/libcommon.a  -ldl -pthread 
C/C++: rm -f libcrypto.a
C/C++: llvm-ar rs libcrypto.a crypto/aes/libcrypto-lib-aes-x86_64.o crypto/aes/libcrypto-lib-aes_cfb.o crypto/aes/libcrypto-lib-aes_ecb.o crypto/aes/libcrypto-lib-aes_misc.o crypto/aes/libcrypto-lib-aes_ofb.o crypto/aes/libcrypto-lib-aes_wrap.o crypto/aes/libcrypto-lib-aesni-mb-x86_64.o crypto/aes/libcrypto-lib-aesni-sha1-x86_64.o crypto/aes/libcrypto-lib-aesni-sha256-x86_64.o crypto/aes/libcrypto-lib-aesni-x86_64.o crypto/aes/libcrypto-lib-bsaes-x86_64.o crypto/aes/libcrypto-lib-vpaes-x86_64.o crypto/aria/libcrypto-lib-aria.o crypto/asn1/libcrypto-lib-a_bitstr.o crypto/asn1/libcrypto-lib-a_d2i_fp.o crypto/asn1/libcrypto-lib-a_digest.o crypto/asn1/libcrypto-lib-a_dup.o crypto/asn1/libcrypto-lib-a_gentm.o crypto/asn1/libcrypto-lib-a_i2d_fp.o crypto/asn1/libcrypto-lib-a_int.o crypto/asn1/libcrypto-lib-a_mbstr.o crypto/asn1/libcrypto-lib-a_object.o crypto/asn1/libcrypto-lib-a_octet.o crypto/asn1/libcrypto-lib-a_print.o crypto/asn1/libcrypto-lib-a_sign.o crypto/asn1/libcrypto-lib-a_strex.o crypto/asn1/libcrypto-lib-a_strnid.o crypto/asn1/libcrypto-lib-a_time.o crypto/asn1/libcrypto-lib-a_type.o crypto/asn1/libcrypto-lib-a_utctm.o crypto/asn1/libcrypto-lib-a_utf8.o crypto/asn1/libcrypto-lib-a_verify.o crypto/asn1/libcrypto-lib-ameth_lib.o crypto/asn1/libcrypto-lib-asn1_err.o crypto/asn1/libcrypto-lib-asn1_gen.o crypto/asn1/libcrypto-lib-asn1_item_list.o crypto/asn1/libcrypto-lib-asn1_lib.o crypto/asn1/libcrypto-lib-asn1_parse.o crypto/asn1/libcrypto-lib-asn_mime.o crypto/asn1/libcrypto-lib-asn_moid.o crypto/asn1/libcrypto-lib-asn_mstbl.o crypto/asn1/libcrypto-lib-asn_pack.o crypto/asn1/libcrypto-lib-bio_asn1.o crypto/asn1/libcrypto-lib-bio_ndef.o crypto/asn1/libcrypto-lib-d2i_param.o crypto/asn1/libcrypto-lib-d2i_pr.o crypto/asn1/libcrypto-lib-d2i_pu.o crypto/asn1/libcrypto-lib-evp_asn1.o crypto/asn1/libcrypto-lib-f_int.o crypto/asn1/libcrypto-lib-f_string.o crypto/asn1/libcrypto-lib-i2d_evp.o crypto/asn1/libcrypto-lib-nsseq.o crypto/asn1/libcrypto-lib-p5_pbe.o crypto/asn1/libcrypto-lib-p5_pbev2.o crypto/asn1/libcrypto-lib-p5_scrypt.o crypto/asn1/libcrypto-lib-p8_pkey.o crypto/asn1/libcrypto-lib-t_bitst.o crypto/asn1/libcrypto-lib-t_pkey.o crypto/asn1/libcrypto-lib-t_spki.o crypto/asn1/libcrypto-lib-tasn_dec.o crypto/asn1/libcrypto-lib-tasn_enc.o crypto/asn1/libcrypto-lib-tasn_fre.o crypto/asn1/libcrypto-lib-tasn_new.o crypto/asn1/libcrypto-lib-tasn_prn.o crypto/asn1/libcrypto-lib-tasn_scn.o crypto/asn1/libcrypto-lib-tasn_typ.o crypto/asn1/libcrypto-lib-tasn_utl.o crypto/asn1/libcrypto-lib-x_algor.o crypto/asn1/libcrypto-lib-x_bignum.o crypto/asn1/libcrypto-lib-x_info.o crypto/asn1/libcrypto-lib-x_int64.o crypto/asn1/libcrypto-lib-x_pkey.o crypto/asn1/libcrypto-lib-x_sig.o crypto/asn1/libcrypto-lib-x_spki.o crypto/asn1/libcrypto-lib-x_val.o crypto/async/arch/libcrypto-lib-async_null.o crypto/async/arch/libcrypto-lib-async_posix.o crypto/async/arch/libcrypto-lib-async_win.o crypto/async/libcrypto-lib-async.o crypto/async/libcrypto-lib-async_err.o crypto/async/libcrypto-lib-async_wait.o crypto/bf/libcrypto-lib-bf_cfb64.o crypto/bf/libcrypto-lib-bf_ecb.o crypto/bf/libcrypto-lib-bf_enc.o crypto/bf/libcrypto-lib-bf_ofb64.o crypto/bf/libcrypto-lib-bf_skey.o crypto/bio/libcrypto-lib-bf_buff.o crypto/bio/libcrypto-lib-bf_lbuf.o crypto/bio/libcrypto-lib-bf_nbio.o crypto/bio/libcrypto-lib-bf_null.o crypto/bio/libcrypto-lib-bf_prefix.o crypto/bio/libcrypto-lib-bf_readbuff.o crypto/bio/libcrypto-lib-bio_addr.o crypto/bio/libcrypto-lib-bio_cb.o crypto/bio/libcrypto-lib-bio_dump.o crypto/bio/libcrypto-lib-bio_err.o crypto/bio/libcrypto-lib-bio_lib.o crypto/bio/libcrypto-lib-bio_meth.o crypto/bio/libcrypto-lib-bio_print.o crypto/bio/libcrypto-lib-bio_sock.o crypto/bio/libcrypto-lib-bio_sock2.o crypto/bio/libcrypto-lib-bss_acpt.o crypto/bio/libcrypto-lib-bss_bio.o crypto/bio/libcrypto-lib-bss_conn.o crypto/bio/libcrypto-lib-bss_core.o crypto/bio/libcrypto-lib-bss_dgram.o crypto/bio/libcrypto-lib-bss_dgram_pair.o crypto/bio/libcrypto-lib-bss_fd.o crypto/bio/libcrypto-lib-bss_file.o crypto/bio/libcrypto-lib-bss_log.o crypto/bio/libcrypto-lib-bss_mem.o crypto/bio/libcrypto-lib-bss_null.o crypto/bio/libcrypto-lib-bss_sock.o crypto/bio/libcrypto-lib-ossl_core_bio.o crypto/bn/asm/libcrypto-lib-x86_64-gcc.o crypto/bn/libcrypto-lib-bn_add.o crypto/bn/libcrypto-lib-bn_blind.o crypto/bn/libcrypto-lib-bn_const.o crypto/bn/libcrypto-lib-bn_conv.o crypto/bn/libcrypto-lib-bn_ctx.o crypto/bn/libcrypto-lib-bn_dh.o crypto/bn/libcrypto-lib-bn_div.o crypto/bn/libcrypto-lib-bn_err.o crypto/bn/libcrypto-lib-bn_exp.o crypto/bn/libcrypto-lib-bn_exp2.o crypto/bn/libcrypto-lib-bn_gcd.o crypto/bn/libcrypto-lib-bn_gf2m.o crypto/bn/libcrypto-lib-bn_intern.o crypto/bn/libcrypto-lib-bn_kron.o crypto/bn/libcrypto-lib-bn_lib.o crypto/bn/libcrypto-lib-bn_mod.o crypto/bn/libcrypto-lib-bn_mont.o crypto/bn/libcrypto-lib-bn_mpi.o crypto/bn/libcrypto-lib-bn_mul.o crypto/bn/libcrypto-lib-bn_nist.o crypto/bn/libcrypto-lib-bn_prime.o crypto/bn/libcrypto-lib-bn_print.o crypto/bn/libcrypto-lib-bn_rand.o crypto/bn/libcrypto-lib-bn_recp.o crypto/bn/libcrypto-lib-bn_rsa_fips186_4.o crypto/bn/libcrypto-lib-bn_shift.o crypto/bn/libcrypto-lib-bn_sqr.o crypto/bn/libcrypto-lib-bn_sqrt.o crypto/bn/libcrypto-lib-bn_srp.o crypto/bn/libcrypto-lib-bn_word.o crypto/bn/libcrypto-lib-rsaz-2k-avx512.o crypto/bn/libcrypto-lib-rsaz-3k-avx512.o crypto/bn/libcrypto-lib-rsaz-4k-avx512.o crypto/bn/libcrypto-lib-rsaz-avx2.o crypto/bn/libcrypto-lib-rsaz-x86_64.o crypto/bn/libcrypto-lib-rsaz_exp.o crypto/bn/libcrypto-lib-rsaz_exp_x2.o crypto/bn/libcrypto-lib-x86_64-gf2m.o crypto/bn/libcrypto-lib-x86_64-mont.o crypto/bn/libcrypto-lib-x86_64-mont5.o crypto/buffer/libcrypto-lib-buf_err.o crypto/buffer/libcrypto-lib-buffer.o crypto/chacha/libcrypto-lib-chacha-x86_64.o crypto/cmac/libcrypto-lib-cmac.o crypto/cmp/libcrypto-lib-cmp_asn.o crypto/cmp/libcrypto-lib-cmp_client.o crypto/cmp/libcrypto-lib-cmp_ctx.o crypto/cmp/libcrypto-lib-cmp_err.o crypto/cmp/libcrypto-lib-cmp_genm.o crypto/cmp/libcrypto-lib-cmp_hdr.o crypto/cmp/libcrypto-lib-cmp_http.o crypto/cmp/libcrypto-lib-cmp_msg.o crypto/cmp/libcrypto-lib-cmp_protect.o crypto/cmp/libcrypto-lib-cmp_server.o crypto/cmp/libcrypto-lib-cmp_status.o crypto/cmp/libcrypto-lib-cmp_util.o crypto/cmp/libcrypto-lib-cmp_vfy.o crypto/cms/libcrypto-lib-cms_asn1.o crypto/cms/libcrypto-lib-cms_att.o crypto/cms/libcrypto-lib-cms_cd.o crypto/cms/libcrypto-lib-cms_dd.o crypto/cms/libcrypto-lib-cms_dh.o crypto/cms/libcrypto-lib-cms_ec.o crypto/cms/libcrypto-lib-cms_enc.o crypto/cms/libcrypto-lib-cms_env.o crypto/cms/libcrypto-lib-cms_err.o crypto/cms/libcrypto-lib-cms_ess.o crypto/cms/libcrypto-lib-cms_io.o crypto/cms/libcrypto-lib-cms_kari.o crypto/cms/libcrypto-lib-cms_lib.o crypto/cms/libcrypto-lib-cms_pwri.o crypto/cms/libcrypto-lib-cms_rsa.o crypto/cms/libcrypto-lib-cms_sd.o crypto/cms/libcrypto-lib-cms_smime.o crypto/conf/libcrypto-lib-conf_api.o crypto/conf/libcrypto-lib-conf_def.o crypto/conf/libcrypto-lib-conf_err.o crypto/conf/libcrypto-lib-conf_lib.o crypto/conf/libcrypto-lib-conf_mall.o crypto/conf/libcrypto-lib-conf_mod.o crypto/conf/libcrypto-lib-conf_sap.o crypto/conf/libcrypto-lib-conf_ssl.o crypto/crmf/libcrypto-lib-crmf_asn.o crypto/crmf/libcrypto-lib-crmf_err.o crypto/crmf/libcrypto-lib-crmf_lib.o crypto/crmf/libcrypto-lib-crmf_pbm.o crypto/ct/libcrypto-lib-ct_b64.o crypto/ct/libcrypto-lib-ct_err.o crypto/ct/libcrypto-lib-ct_log.o crypto/ct/libcrypto-lib-ct_oct.o crypto/ct/libcrypto-lib-ct_policy.o crypto/ct/libcrypto-lib-ct_prn.o crypto/ct/libcrypto-lib-ct_sct.o crypto/ct/libcrypto-lib-ct_sct_ctx.o crypto/ct/libcrypto-lib-ct_vfy.o crypto/ct/libcrypto-lib-ct_x509v3.o crypto/dh/libcrypto-lib-dh_ameth.o crypto/dh/libcrypto-lib-dh_asn1.o crypto/dh/libcrypto-lib-dh_backend.o crypto/dh/libcrypto-lib-dh_check.o crypto/dh/libcrypto-lib-dh_err.o crypto/dh/libcrypto-lib-dh_gen.o crypto/dh/libcrypto-lib-dh_group_params.o crypto/dh/libcrypto-lib-dh_kdf.o crypto/dh/libcrypto-lib-dh_key.o crypto/dh/libcrypto-lib-dh_lib.o crypto/dh/libcrypto-lib-dh_meth.o crypto/dh/libcrypto-lib-dh_pmeth.o crypto/dh/libcrypto-lib-dh_prn.o crypto/dh/libcrypto-lib-dh_rfc5114.o crypto/dso/libcrypto-lib-dso_dl.o crypto/dso/libcrypto-lib-dso_dlfcn.o crypto/dso/libcrypto-lib-dso_err.o crypto/dso/libcrypto-lib-dso_lib.o crypto/dso/libcrypto-lib-dso_openssl.o crypto/dso/libcrypto-lib-dso_vms.o crypto/dso/libcrypto-lib-dso_win32.o crypto/ec/curve448/arch_32/libcrypto-lib-f_impl32.o crypto/ec/curve448/arch_64/libcrypto-lib-f_impl64.o crypto/ec/curve448/libcrypto-lib-curve448.o crypto/ec/curve448/libcrypto-lib-curve448_tables.o crypto/ec/curve448/libcrypto-lib-eddsa.o crypto/ec/curve448/libcrypto-lib-f_generic.o crypto/ec/curve448/libcrypto-lib-scalar.o crypto/ec/libcrypto-lib-curve25519.o crypto/ec/libcrypto-lib-ec2_oct.o crypto/ec/libcrypto-lib-ec2_smpl.o crypto/ec/libcrypto-lib-ec_ameth.o crypto/ec/libcrypto-lib-ec_asn1.o crypto/ec/libcrypto-lib-ec_backend.o crypto/ec/libcrypto-lib-ec_check.o crypto/ec/libcrypto-lib-ec_curve.o crypto/ec/libcrypto-lib-ec_cvt.o crypto/ec/libcrypto-lib-ec_deprecated.o crypto/ec/libcrypto-lib-ec_err.o crypto/ec/libcrypto-lib-ec_key.o crypto/ec/libcrypto-lib-ec_kmeth.o crypto/ec/libcrypto-lib-ec_lib.o crypto/ec/libcrypto-lib-ec_mult.o crypto/ec/libcrypto-lib-ec_oct.o crypto/ec/libcrypto-lib-ec_pmeth.o crypto/ec/libcrypto-lib-ec_print.o crypto/ec/libcrypto-lib-ecdh_kdf.o crypto/ec/libcrypto-lib-ecdh_ossl.o crypto/ec/libcrypto-lib-ecdsa_ossl.o crypto/ec/libcrypto-lib-ecdsa_sign.o crypto/ec/libcrypto-lib-ecdsa_vrf.o crypto/ec/libcrypto-lib-eck_prn.o crypto/ec/libcrypto-lib-ecp_mont.o crypto/ec/libcrypto-lib-ecp_nist.o crypto/ec/libcrypto-lib-ecp_nistz256-x86_64.o crypto/ec/libcrypto-lib-ecp_nistz256.o crypto/ec/libcrypto-lib-ecp_oct.o crypto/ec/libcrypto-lib-ecp_smpl.o crypto/ec/libcrypto-lib-ecx_backend.o crypto/ec/libcrypto-lib-ecx_key.o crypto/ec/libcrypto-lib-ecx_meth.o crypto/ec/libcrypto-lib-x25519-x86_64.o crypto/encode_decode/libcrypto-lib-decoder_err.o crypto/encode_decode/libcrypto-lib-decoder_lib.o crypto/encode_decode/libcrypto-lib-decoder_meth.o crypto/encode_decode/libcrypto-lib-decoder_pkey.o crypto/encode_decode/libcrypto-lib-encoder_err.o crypto/encode_decode/libcrypto-lib-encoder_lib.o crypto/encode_decode/libcrypto-lib-encoder_meth.o crypto/encode_decode/libcrypto-lib-encoder_pkey.o crypto/err/libcrypto-lib-err.o crypto/err/libcrypto-lib-err_all.o crypto/err/libcrypto-lib-err_all_legacy.o crypto/err/libcrypto-lib-err_blocks.o crypto/err/libcrypto-lib-err_mark.o crypto/err/libcrypto-lib-err_prn.o crypto/err/libcrypto-lib-err_save.o crypto/ess/libcrypto-lib-ess_asn1.o crypto/ess/libcrypto-lib-ess_err.o crypto/ess/libcrypto-lib-ess_lib.o crypto/evp/libcrypto-lib-asymcipher.o crypto/evp/libcrypto-lib-bio_b64.o crypto/evp/libcrypto-lib-bio_enc.o crypto/evp/libcrypto-lib-bio_md.o crypto/evp/libcrypto-lib-bio_ok.o crypto/evp/libcrypto-lib-c_allc.o crypto/evp/libcrypto-lib-c_alld.o crypto/evp/libcrypto-lib-cmeth_lib.o crypto/evp/libcrypto-lib-ctrl_params_translate.o crypto/evp/libcrypto-lib-dh_ctrl.o crypto/evp/libcrypto-lib-dh_support.o crypto/evp/libcrypto-lib-digest.o crypto/evp/libcrypto-lib-dsa_ctrl.o crypto/evp/libcrypto-lib-e_aes.o crypto/evp/libcrypto-lib-e_aes_cbc_hmac_sha1.o crypto/evp/libcrypto-lib-e_aes_cbc_hmac_sha256.o crypto/evp/libcrypto-lib-e_aria.o crypto/evp/libcrypto-lib-e_bf.o crypto/evp/libcrypto-lib-e_cast.o crypto/evp/libcrypto-lib-e_chacha20_poly1305.o crypto/evp/libcrypto-lib-e_des.o crypto/evp/libcrypto-lib-e_des3.o crypto/evp/libcrypto-lib-e_idea.o crypto/evp/libcrypto-lib-e_null.o crypto/evp/libcrypto-lib-e_rc2.o crypto/evp/libcrypto-lib-e_rc4.o crypto/evp/libcrypto-lib-e_rc4_hmac_md5.o crypto/evp/libcrypto-lib-e_rc5.o crypto/evp/libcrypto-lib-e_seed.o crypto/evp/libcrypto-lib-e_sm4.o crypto/evp/libcrypto-lib-e_xcbc_d.o crypto/evp/libcrypto-lib-ec_ctrl.o crypto/evp/libcrypto-lib-ec_support.o crypto/evp/libcrypto-lib-encode.o crypto/evp/libcrypto-lib-evp_cnf.o crypto/evp/libcrypto-lib-evp_enc.o crypto/evp/libcrypto-lib-evp_err.o crypto/evp/libcrypto-lib-evp_fetch.o crypto/evp/libcrypto-lib-evp_key.o crypto/evp/libcrypto-lib-evp_lib.o crypto/evp/libcrypto-lib-evp_pbe.o crypto/evp/libcrypto-lib-evp_pkey.o crypto/evp/libcrypto-lib-evp_rand.o crypto/evp/libcrypto-lib-evp_utils.o crypto/evp/libcrypto-lib-exchange.o crypto/evp/libcrypto-lib-kdf_lib.o crypto/evp/libcrypto-lib-kdf_meth.o crypto/evp/libcrypto-lib-kem.o crypto/evp/libcrypto-lib-keymgmt_lib.o crypto/evp/libcrypto-lib-keymgmt_meth.o crypto/evp/libcrypto-lib-legacy_blake2.o crypto/evp/libcrypto-lib-legacy_md5.o crypto/evp/libcrypto-lib-legacy_md5_sha1.o crypto/evp/libcrypto-lib-legacy_ripemd.o crypto/evp/libcrypto-lib-legacy_sha.o crypto/evp/libcrypto-lib-legacy_wp.o crypto/evp/libcrypto-lib-m_null.o crypto/evp/libcrypto-lib-m_sigver.o crypto/evp/libcrypto-lib-mac_lib.o crypto/evp/libcrypto-lib-mac_meth.o crypto/evp/libcrypto-lib-names.o crypto/evp/libcrypto-lib-p5_crpt.o crypto/evp/libcrypto-lib-p5_crpt2.o crypto/evp/libcrypto-lib-p_legacy.o crypto/evp/libcrypto-lib-p_lib.o crypto/evp/libcrypto-lib-p_open.o crypto/evp/libcrypto-lib-p_seal.o crypto/evp/libcrypto-lib-p_sign.o crypto/evp/libcrypto-lib-p_verify.o crypto/evp/libcrypto-lib-pbe_scrypt.o crypto/evp/libcrypto-lib-pmeth_check.o crypto/evp/libcrypto-lib-pmeth_gn.o crypto/evp/libcrypto-lib-pmeth_lib.o crypto/evp/libcrypto-lib-signature.o crypto/ffc/libcrypto-lib-ffc_backend.o crypto/ffc/libcrypto-lib-ffc_dh.o crypto/ffc/libcrypto-lib-ffc_key_generate.o crypto/ffc/libcrypto-lib-ffc_key_validate.o crypto/ffc/libcrypto-lib-ffc_params.o crypto/ffc/libcrypto-lib-ffc_params_generate.o crypto/ffc/libcrypto-lib-ffc_params_validate.o crypto/hashtable/libcrypto-lib-hashtable.o crypto/hmac/libcrypto-lib-hmac.o crypto/hpke/libcrypto-lib-hpke.o crypto/hpke/libcrypto-lib-hpke_util.o crypto/http/libcrypto-lib-http_client.o crypto/http/libcrypto-lib-http_err.o crypto/http/libcrypto-lib-http_lib.o crypto/kdf/libcrypto-lib-kdf_err.o crypto/lhash/libcrypto-lib-lh_stats.o crypto/lhash/libcrypto-lib-lhash.o crypto/libcrypto-lib-asn1_dsa.o crypto/libcrypto-lib-bsearch.o crypto/libcrypto-lib-comp_methods.o crypto/libcrypto-lib-context.o crypto/libcrypto-lib-core_algorithm.o crypto/libcrypto-lib-core_fetch.o crypto/libcrypto-lib-core_namemap.o crypto/libcrypto-lib-cpt_err.o crypto/libcrypto-lib-cpuid.o crypto/libcrypto-lib-cryptlib.o crypto/libcrypto-lib-ctype.o crypto/libcrypto-lib-cversion.o crypto/libcrypto-lib-defaults.o crypto/libcrypto-lib-der_writer.o crypto/libcrypto-lib-deterministic_nonce.o crypto/libcrypto-lib-ebcdic.o crypto/libcrypto-lib-ex_data.o crypto/libcrypto-lib-getenv.o crypto/libcrypto-lib-indicator_core.o crypto/libcrypto-lib-info.o crypto/libcrypto-lib-init.o crypto/libcrypto-lib-initthread.o crypto/libcrypto-lib-mem.o crypto/libcrypto-lib-mem_sec.o crypto/libcrypto-lib-o_dir.o crypto/libcrypto-lib-o_fopen.o crypto/libcrypto-lib-o_init.o crypto/libcrypto-lib-o_str.o crypto/libcrypto-lib-o_time.o crypto/libcrypto-lib-packet.o crypto/libcrypto-lib-param_build.o crypto/libcrypto-lib-param_build_set.o crypto/libcrypto-lib-params.o crypto/libcrypto-lib-params_dup.o crypto/libcrypto-lib-params_from_text.o crypto/libcrypto-lib-params_idx.o crypto/libcrypto-lib-passphrase.o crypto/libcrypto-lib-provider.o crypto/libcrypto-lib-provider_child.o crypto/libcrypto-lib-provider_conf.o crypto/libcrypto-lib-provider_core.o crypto/libcrypto-lib-provider_predefined.o crypto/libcrypto-lib-punycode.o crypto/libcrypto-lib-quic_vlint.o crypto/libcrypto-lib-self_test_core.o crypto/libcrypto-lib-sleep.o crypto/libcrypto-lib-sparse_array.o crypto/libcrypto-lib-ssl_err.o crypto/libcrypto-lib-threads_lib.o crypto/libcrypto-lib-threads_none.o crypto/libcrypto-lib-threads_pthread.o crypto/libcrypto-lib-threads_win.o crypto/libcrypto-lib-time.o crypto/libcrypto-lib-trace.o crypto/libcrypto-lib-uid.o crypto/libcrypto-lib-x86_64cpuid.o crypto/md5/libcrypto-lib-md5-x86_64.o crypto/md5/libcrypto-lib-md5_dgst.o crypto/md5/libcrypto-lib-md5_one.o crypto/md5/libcrypto-lib-md5_sha1.o crypto/modes/libcrypto-lib-aes-gcm-avx512.o crypto/modes/libcrypto-lib-aesni-gcm-x86_64.o crypto/modes/libcrypto-lib-cbc128.o crypto/modes/libcrypto-lib-ccm128.o crypto/modes/libcrypto-lib-cfb128.o crypto/modes/libcrypto-lib-ctr128.o crypto/modes/libcrypto-lib-cts128.o crypto/modes/libcrypto-lib-gcm128.o crypto/modes/libcrypto-lib-ghash-x86_64.o crypto/modes/libcrypto-lib-ocb128.o crypto/modes/libcrypto-lib-ofb128.o crypto/modes/libcrypto-lib-siv128.o crypto/modes/libcrypto-lib-wrap128.o crypto/modes/libcrypto-lib-xts128.o crypto/modes/libcrypto-lib-xts128gb.o crypto/objects/libcrypto-lib-o_names.o crypto/objects/libcrypto-lib-obj_dat.o crypto/objects/libcrypto-lib-obj_err.o crypto/objects/libcrypto-lib-obj_lib.o crypto/objects/libcrypto-lib-obj_xref.o crypto/ocsp/libcrypto-lib-ocsp_asn.o crypto/ocsp/libcrypto-lib-ocsp_cl.o crypto/ocsp/libcrypto-lib-ocsp_err.o crypto/ocsp/libcrypto-lib-ocsp_ext.o crypto/ocsp/libcrypto-lib-ocsp_http.o crypto/ocsp/libcrypto-lib-ocsp_lib.o crypto/ocsp/libcrypto-lib-ocsp_prn.o crypto/ocsp/libcrypto-lib-ocsp_srv.o crypto/ocsp/libcrypto-lib-ocsp_vfy.o crypto/ocsp/libcrypto-lib-v3_ocsp.o crypto/pem/libcrypto-lib-pem_all.o crypto/pem/libcrypto-lib-pem_err.o crypto/pem/libcrypto-lib-pem_info.o crypto/pem/libcrypto-lib-pem_lib.o crypto/pem/libcrypto-lib-pem_oth.o crypto/pem/libcrypto-lib-pem_pk8.o crypto/pem/libcrypto-lib-pem_pkey.o crypto/pem/libcrypto-lib-pem_sign.o crypto/pem/libcrypto-lib-pem_x509.o crypto/pem/libcrypto-lib-pem_xaux.o crypto/pem/libcrypto-lib-pvkfmt.o crypto/pkcs12/libcrypto-lib-p12_add.o crypto/pkcs12/libcrypto-lib-p12_asn.o crypto/pkcs12/libcrypto-lib-p12_attr.o crypto/pkcs12/libcrypto-lib-p12_crpt.o crypto/pkcs12/libcrypto-lib-p12_crt.o crypto/pkcs12/libcrypto-lib-p12_decr.o crypto/pkcs12/libcrypto-lib-p12_init.o crypto/pkcs12/libcrypto-lib-p12_key.o crypto/pkcs12/libcrypto-lib-p12_kiss.o crypto/pkcs12/libcrypto-lib-p12_mutl.o crypto/pkcs12/libcrypto-lib-p12_npas.o crypto/pkcs12/libcrypto-lib-p12_p8d.o crypto/pkcs12/libcrypto-lib-p12_p8e.o crypto/pkcs12/libcrypto-lib-p12_sbag.o crypto/pkcs12/libcrypto-lib-p12_utl.o crypto/pkcs12/libcrypto-lib-pk12err.o crypto/pkcs7/libcrypto-lib-bio_pk7.o
C/C++: llvm-ar: warning: creating libcrypto.a
C/C++: llvm-ar rs libcrypto.a crypto/pkcs7/libcrypto-lib-pk7_asn1.o crypto/pkcs7/libcrypto-lib-pk7_attr.o crypto/pkcs7/libcrypto-lib-pk7_doit.o crypto/pkcs7/libcrypto-lib-pk7_lib.o crypto/pkcs7/libcrypto-lib-pk7_mime.o crypto/pkcs7/libcrypto-lib-pk7_smime.o crypto/pkcs7/libcrypto-lib-pkcs7err.o crypto/poly1305/libcrypto-lib-poly1305-x86_64.o crypto/poly1305/libcrypto-lib-poly1305.o crypto/property/libcrypto-lib-defn_cache.o crypto/property/libcrypto-lib-property.o crypto/property/libcrypto-lib-property_err.o crypto/property/libcrypto-lib-property_parse.o crypto/property/libcrypto-lib-property_query.o crypto/property/libcrypto-lib-property_string.o crypto/rand/libcrypto-lib-prov_seed.o crypto/rand/libcrypto-lib-rand_deprecated.o crypto/rand/libcrypto-lib-rand_err.o crypto/rand/libcrypto-lib-rand_lib.o crypto/rand/libcrypto-lib-rand_pool.o crypto/rand/libcrypto-lib-rand_uniform.o crypto/rand/libcrypto-lib-randfile.o crypto/ripemd/libcrypto-lib-rmd_dgst.o crypto/ripemd/libcrypto-lib-rmd_one.o crypto/rsa/libcrypto-lib-rsa_ameth.o crypto/rsa/libcrypto-lib-rsa_asn1.o crypto/rsa/libcrypto-lib-rsa_backend.o crypto/rsa/libcrypto-lib-rsa_chk.o crypto/rsa/libcrypto-lib-rsa_crpt.o crypto/rsa/libcrypto-lib-rsa_err.o crypto/rsa/libcrypto-lib-rsa_gen.o crypto/rsa/libcrypto-lib-rsa_lib.o crypto/rsa/libcrypto-lib-rsa_meth.o crypto/rsa/libcrypto-lib-rsa_mp.o crypto/rsa/libcrypto-lib-rsa_mp_names.o crypto/rsa/libcrypto-lib-rsa_none.o crypto/rsa/libcrypto-lib-rsa_oaep.o crypto/rsa/libcrypto-lib-rsa_ossl.o crypto/rsa/libcrypto-lib-rsa_pk1.o crypto/rsa/libcrypto-lib-rsa_pmeth.o crypto/rsa/libcrypto-lib-rsa_prn.o crypto/rsa/libcrypto-lib-rsa_pss.o crypto/rsa/libcrypto-lib-rsa_saos.o crypto/rsa/libcrypto-lib-rsa_schemes.o crypto/rsa/libcrypto-lib-rsa_sign.o crypto/rsa/libcrypto-lib-rsa_sp800_56b_check.o crypto/rsa/libcrypto-lib-rsa_sp800_56b_gen.o crypto/rsa/libcrypto-lib-rsa_x931.o crypto/seed/libcrypto-lib-seed.o crypto/seed/libcrypto-lib-seed_cbc.o crypto/seed/libcrypto-lib-seed_cfb.o crypto/seed/libcrypto-lib-seed_ecb.o crypto/seed/libcrypto-lib-seed_ofb.o crypto/sha/libcrypto-lib-keccak1600-x86_64.o crypto/sha/libcrypto-lib-sha1-mb-x86_64.o crypto/sha/libcrypto-lib-sha1-x86_64.o crypto/sha/libcrypto-lib-sha1_one.o crypto/sha/libcrypto-lib-sha1dgst.o crypto/sha/libcrypto-lib-sha256-mb-x86_64.o crypto/sha/libcrypto-lib-sha256-x86_64.o crypto/sha/libcrypto-lib-sha256.o crypto/sha/libcrypto-lib-sha3.o crypto/sha/libcrypto-lib-sha512-x86_64.o crypto/sha/libcrypto-lib-sha512.o crypto/siphash/libcrypto-lib-siphash.o crypto/sm2/libcrypto-lib-sm2_crypt.o crypto/sm2/libcrypto-lib-sm2_err.o crypto/sm2/libcrypto-lib-sm2_key.o crypto/sm2/libcrypto-lib-sm2_sign.o crypto/sm3/libcrypto-lib-legacy_sm3.o crypto/sm3/libcrypto-lib-sm3.o crypto/sm4/libcrypto-lib-sm4.o crypto/stack/libcrypto-lib-stack.o crypto/store/libcrypto-lib-store_err.o crypto/store/libcrypto-lib-store_lib.o crypto/store/libcrypto-lib-store_meth.o crypto/store/libcrypto-lib-store_result.o crypto/store/libcrypto-lib-store_strings.o crypto/thread/arch/libcrypto-lib-thread_none.o crypto/thread/arch/libcrypto-lib-thread_posix.o crypto/thread/arch/libcrypto-lib-thread_win.o crypto/thread/libcrypto-lib-api.o crypto/thread/libcrypto-lib-arch.o crypto/thread/libcrypto-lib-internal.o crypto/ts/libcrypto-lib-ts_asn1.o crypto/ts/libcrypto-lib-ts_conf.o crypto/ts/libcrypto-lib-ts_err.o crypto/ts/libcrypto-lib-ts_lib.o crypto/ts/libcrypto-lib-ts_req_print.o crypto/ts/libcrypto-lib-ts_req_utils.o crypto/ts/libcrypto-lib-ts_rsp_print.o crypto/ts/libcrypto-lib-ts_rsp_sign.o crypto/ts/libcrypto-lib-ts_rsp_utils.o crypto/ts/libcrypto-lib-ts_rsp_verify.o crypto/ts/libcrypto-lib-ts_verify_ctx.o crypto/txt_db/libcrypto-lib-txt_db.o crypto/ui/libcrypto-lib-ui_err.o crypto/ui/libcrypto-lib-ui_lib.o crypto/ui/libcrypto-lib-ui_null.o crypto/ui/libcrypto-lib-ui_openssl.o crypto/ui/libcrypto-lib-ui_util.o crypto/whrlpool/libcrypto-lib-wp-x86_64.o crypto/whrlpool/libcrypto-lib-wp_dgst.o crypto/x509/libcrypto-lib-by_dir.o crypto/x509/libcrypto-lib-by_file.o crypto/x509/libcrypto-lib-by_store.o crypto/x509/libcrypto-lib-pcy_cache.o crypto/x509/libcrypto-lib-pcy_data.o crypto/x509/libcrypto-lib-pcy_lib.o crypto/x509/libcrypto-lib-pcy_map.o crypto/x509/libcrypto-lib-pcy_node.o crypto/x509/libcrypto-lib-pcy_tree.o crypto/x509/libcrypto-lib-t_acert.o crypto/x509/libcrypto-lib-t_crl.o crypto/x509/libcrypto-lib-t_req.o crypto/x509/libcrypto-lib-t_x509.o crypto/x509/libcrypto-lib-v3_ac_tgt.o crypto/x509/libcrypto-lib-v3_addr.o crypto/x509/libcrypto-lib-v3_admis.o crypto/x509/libcrypto-lib-v3_akeya.o crypto/x509/libcrypto-lib-v3_akid.o crypto/x509/libcrypto-lib-v3_asid.o crypto/x509/libcrypto-lib-v3_audit_id.o crypto/x509/libcrypto-lib-v3_battcons.o crypto/x509/libcrypto-lib-v3_bcons.o crypto/x509/libcrypto-lib-v3_bitst.o crypto/x509/libcrypto-lib-v3_conf.o crypto/x509/libcrypto-lib-v3_cpols.o crypto/x509/libcrypto-lib-v3_crld.o crypto/x509/libcrypto-lib-v3_enum.o crypto/x509/libcrypto-lib-v3_extku.o crypto/x509/libcrypto-lib-v3_genn.o crypto/x509/libcrypto-lib-v3_group_ac.o crypto/x509/libcrypto-lib-v3_ia5.o crypto/x509/libcrypto-lib-v3_ind_iss.o crypto/x509/libcrypto-lib-v3_info.o crypto/x509/libcrypto-lib-v3_int.o crypto/x509/libcrypto-lib-v3_iobo.o crypto/x509/libcrypto-lib-v3_ist.o crypto/x509/libcrypto-lib-v3_lib.o crypto/x509/libcrypto-lib-v3_ncons.o crypto/x509/libcrypto-lib-v3_no_ass.o crypto/x509/libcrypto-lib-v3_no_rev_avail.o crypto/x509/libcrypto-lib-v3_pci.o crypto/x509/libcrypto-lib-v3_pcia.o crypto/x509/libcrypto-lib-v3_pcons.o crypto/x509/libcrypto-lib-v3_pku.o crypto/x509/libcrypto-lib-v3_pmaps.o crypto/x509/libcrypto-lib-v3_prn.o crypto/x509/libcrypto-lib-v3_purp.o crypto/x509/libcrypto-lib-v3_san.o crypto/x509/libcrypto-lib-v3_sda.o crypto/x509/libcrypto-lib-v3_single_use.o crypto/x509/libcrypto-lib-v3_skid.o crypto/x509/libcrypto-lib-v3_soa_id.o crypto/x509/libcrypto-lib-v3_sxnet.o crypto/x509/libcrypto-lib-v3_tlsf.o crypto/x509/libcrypto-lib-v3_usernotice.o crypto/x509/libcrypto-lib-v3_utf8.o crypto/x509/libcrypto-lib-v3_utl.o crypto/x509/libcrypto-lib-v3err.o crypto/x509/libcrypto-lib-x509_acert.o crypto/x509/libcrypto-lib-x509_att.o crypto/x509/libcrypto-lib-x509_cmp.o crypto/x509/libcrypto-lib-x509_d2.o crypto/x509/libcrypto-lib-x509_def.o crypto/x509/libcrypto-lib-x509_err.o crypto/x509/libcrypto-lib-x509_ext.o crypto/x509/libcrypto-lib-x509_lu.o crypto/x509/libcrypto-lib-x509_meth.o crypto/x509/libcrypto-lib-x509_obj.o crypto/x509/libcrypto-lib-x509_r2x.o crypto/x509/libcrypto-lib-x509_req.o crypto/x509/libcrypto-lib-x509_set.o crypto/x509/libcrypto-lib-x509_trust.o crypto/x509/libcrypto-lib-x509_txt.o crypto/x509/libcrypto-lib-x509_v3.o crypto/x509/libcrypto-lib-x509_vfy.o crypto/x509/libcrypto-lib-x509_vpm.o crypto/x509/libcrypto-lib-x509aset.o crypto/x509/libcrypto-lib-x509cset.o crypto/x509/libcrypto-lib-x509name.o crypto/x509/libcrypto-lib-x509rset.o crypto/x509/libcrypto-lib-x509spki.o crypto/x509/libcrypto-lib-x_all.o crypto/x509/libcrypto-lib-x_attrib.o crypto/x509/libcrypto-lib-x_crl.o crypto/x509/libcrypto-lib-x_exten.o crypto/x509/libcrypto-lib-x_ietfatt.o crypto/x509/libcrypto-lib-x_name.o crypto/x509/libcrypto-lib-x_pubkey.o crypto/x509/libcrypto-lib-x_req.o crypto/x509/libcrypto-lib-x_x509.o crypto/x509/libcrypto-lib-x_x509a.o providers/libcrypto-lib-baseprov.o providers/libcrypto-lib-defltprov.o providers/libcrypto-lib-legacyprov.o providers/libcrypto-lib-nullprov.o providers/libcrypto-lib-prov_running.o providers/common/der/libdefault-lib-der_rsa_sig.o providers/common/der/libdefault-lib-der_sm2_gen.o providers/common/der/libdefault-lib-der_sm2_key.o providers/common/der/libdefault-lib-der_sm2_sig.o providers/common/libdefault-lib-bio_prov.o providers/common/libdefault-lib-capabilities.o providers/common/libdefault-lib-digest_to_nid.o providers/common/libdefault-lib-provider_seeding.o providers/common/libdefault-lib-provider_util.o providers/common/libdefault-lib-securitycheck.o providers/common/libdefault-lib-securitycheck_default.o providers/implementations/asymciphers/libdefault-lib-rsa_enc.o providers/implementations/asymciphers/libdefault-lib-sm2_enc.o providers/implementations/ciphers/libdefault-lib-cipher_aes.o providers/implementations/ciphers/libdefault-lib-cipher_aes_cbc_hmac_sha.o providers/implementations/ciphers/libdefault-lib-cipher_aes_cbc_hmac_sha1_hw.o providers/implementations/ciphers/libdefault-lib-cipher_aes_cbc_hmac_sha256_hw.o providers/implementations/ciphers/libdefault-lib-cipher_aes_ccm.o providers/implementations/ciphers/libdefault-lib-cipher_aes_ccm_hw.o providers/implementations/ciphers/libdefault-lib-cipher_aes_gcm.o providers/implementations/ciphers/libdefault-lib-cipher_aes_gcm_hw.o providers/implementations/ciphers/libdefault-lib-cipher_aes_gcm_siv.o providers/implementations/ciphers/libdefault-lib-cipher_aes_gcm_siv_hw.o providers/implementations/ciphers/libdefault-lib-cipher_aes_gcm_siv_polyval.o providers/implementations/ciphers/libdefault-lib-cipher_aes_hw.o providers/implementations/ciphers/libdefault-lib-cipher_aes_ocb.o providers/implementations/ciphers/libdefault-lib-cipher_aes_ocb_hw.o providers/implementations/ciphers/libdefault-lib-cipher_aes_siv.o providers/implementations/ciphers/libdefault-lib-cipher_aes_siv_hw.o providers/implementations/ciphers/libdefault-lib-cipher_aes_wrp.o providers/implementations/ciphers/libdefault-lib-cipher_aes_xts.o providers/implementations/ciphers/libdefault-lib-cipher_aes_xts_fips.o providers/implementations/ciphers/libdefault-lib-cipher_aes_xts_hw.o providers/implementations/ciphers/libdefault-lib-cipher_aria.o providers/implementations/ciphers/libdefault-lib-cipher_aria_ccm.o providers/implementations/ciphers/libdefault-lib-cipher_aria_ccm_hw.o providers/implementations/ciphers/libdefault-lib-cipher_aria_gcm.o providers/implementations/ciphers/libdefault-lib-cipher_aria_gcm_hw.o providers/implementations/ciphers/libdefault-lib-cipher_aria_hw.o providers/implementations/ciphers/libdefault-lib-cipher_chacha20.o providers/implementations/ciphers/libdefault-lib-cipher_chacha20_hw.o providers/implementations/ciphers/libdefault-lib-cipher_chacha20_poly1305.o providers/implementations/ciphers/libdefault-lib-cipher_chacha20_poly1305_hw.o providers/implementations/ciphers/libdefault-lib-cipher_cts.o providers/implementations/ciphers/libdefault-lib-cipher_null.o providers/implementations/ciphers/libdefault-lib-cipher_sm4.o providers/implementations/ciphers/libdefault-lib-cipher_sm4_ccm.o providers/implementations/ciphers/libdefault-lib-cipher_sm4_ccm_hw.o providers/implementations/ciphers/libdefault-lib-cipher_sm4_gcm.o providers/implementations/ciphers/libdefault-lib-cipher_sm4_gcm_hw.o providers/implementations/ciphers/libdefault-lib-cipher_sm4_hw.o providers/implementations/ciphers/libdefault-lib-cipher_sm4_xts.o providers/implementations/ciphers/libdefault-lib-cipher_sm4_xts_hw.o providers/implementations/digests/libdefault-lib-blake2_prov.o providers/implementations/digests/libdefault-lib-blake2b_prov.o providers/implementations/digests/libdefault-lib-blake2s_prov.o providers/implementations/digests/libdefault-lib-md5_prov.o providers/implementations/digests/libdefault-lib-md5_sha1_prov.o providers/implementations/digests/libdefault-lib-null_prov.o providers/implementations/digests/libdefault-lib-ripemd_prov.o providers/implementations/digests/libdefault-lib-sha2_prov.o providers/implementations/digests/libdefault-lib-sha3_prov.o providers/implementations/digests/libdefault-lib-sm3_prov.o providers/implementations/encode_decode/libdefault-lib-decode_der2key.o providers/implementations/encode_decode/libdefault-lib-decode_epki2pki.o providers/implementations/encode_decode/libdefault-lib-decode_msblob2key.o providers/implementations/encode_decode/libdefault-lib-decode_pem2der.o providers/implementations/encode_decode/libdefault-lib-decode_pvk2key.o providers/implementations/encode_decode/libdefault-lib-decode_spki2typespki.o providers/implementations/encode_decode/libdefault-lib-encode_key2any.o providers/implementations/encode_decode/libdefault-lib-encode_key2blob.o providers/implementations/encode_decode/libdefault-lib-encode_key2ms.o providers/implementations/encode_decode/libdefault-lib-encode_key2text.o providers/implementations/encode_decode/libdefault-lib-endecoder_common.o providers/implementations/exchange/libdefault-lib-dh_exch.o providers/implementations/exchange/libdefault-lib-ecdh_exch.o providers/implementations/exchange/libdefault-lib-ecx_exch.o providers/implementations/exchange/libdefault-lib-kdf_exch.o providers/implementations/kdfs/libdefault-lib-argon2.o providers/implementations/kdfs/libdefault-lib-hkdf.o providers/implementations/kdfs/libdefault-lib-hmacdrbg_kdf.o providers/implementations/kdfs/libdefault-lib-kbkdf.o providers/implementations/kdfs/libdefault-lib-krb5kdf.o providers/implementations/kdfs/libdefault-lib-pbkdf2.o providers/implementations/kdfs/libdefault-lib-pbkdf2_fips.o providers/implementations/kdfs/libdefault-lib-pkcs12kdf.o providers/implementations/kdfs/libdefault-lib-scrypt.o providers/implementations/kdfs/libdefault-lib-sshkdf.o providers/implementations/kdfs/libdefault-lib-sskdf.o providers/implementations/kdfs/libdefault-lib-tls1_prf.o providers/implementations/kdfs/libdefault-lib-x942kdf.o providers/implementations/kem/libdefault-lib-ec_kem.o providers/implementations/kem/libdefault-lib-ecx_kem.o providers/implementations/kem/libdefault-lib-kem_util.o providers/implementations/kem/libdefault-lib-rsa_kem.o providers/implementations/keymgmt/libdefault-lib-dh_kmgmt.o providers/implementations/keymgmt/libdefault-lib-ec_kmgmt.o providers/implementations/keymgmt/libdefault-lib-ecx_kmgmt.o providers/implementations/keymgmt/libdefault-lib-kdf_legacy_kmgmt.o providers/implementations/keymgmt/libdefault-lib-mac_legacy_kmgmt.o providers/implementations/keymgmt/libdefault-lib-rsa_kmgmt.o providers/implementations/macs/libdefault-lib-blake2b_mac.o providers/implementations/macs/libdefault-lib-blake2s_mac.o providers/implementations/macs/libdefault-lib-cmac_prov.o providers/implementations/macs/libdefault-lib-gmac_prov.o providers/implementations/macs/libdefault-lib-hmac_prov.o providers/implementations/macs/libdefault-lib-kmac_prov.o providers/implementations/macs/libdefault-lib-poly1305_prov.o providers/implementations/macs/libdefault-lib-siphash_prov.o providers/implementations/rands/libdefault-lib-drbg.o providers/implementations/rands/libdefault-lib-drbg_ctr.o providers/implementations/rands/libdefault-lib-drbg_hash.o providers/implementations/rands/libdefault-lib-drbg_hmac.o providers/implementations/rands/libdefault-lib-seed_src.o providers/implementations/rands/libdefault-lib-seed_src_jitter.o providers/implementations/rands/libdefault-lib-test_rng.o providers/implementations/rands/seeding/libdefault-lib-rand_cpu_x86.o providers/implementations/rands/seeding/libdefault-lib-rand_tsc.o providers/implementations/rands/seeding/libdefault-lib-rand_unix.o providers/implementations/rands/seeding/libdefault-lib-rand_win.o providers/implementations/signature/libdefault-lib-ecdsa_sig.o providers/implementations/signature/libdefault-lib-eddsa_sig.o providers/implementations/signature/libdefault-lib-mac_legacy_sig.o providers/implementations/signature/libdefault-lib-rsa_sig.o providers/implementations/signature/libdefault-lib-sm2_sig.o providers/implementations/storemgmt/libdefault-lib-file_store.o providers/implementations/storemgmt/libdefault-lib-file_store_any2obj.o ssl/record/methods/libdefault-lib-ssl3_cbc.o providers/implementations/ciphers/liblegacy-lib-cipher_blowfish.o providers/implementations/ciphers/liblegacy-lib-cipher_blowfish_hw.o providers/implementations/ciphers/liblegacy-lib-cipher_seed.o providers/implementations/ciphers/liblegacy-lib-cipher_seed_hw.o providers/implementations/digests/liblegacy-lib-wp_prov.o providers/implementations/kdfs/liblegacy-lib-pbkdf1.o providers/implementations/kdfs/liblegacy-lib-pvkkdf.o providers/common/der/libcommon-lib-der_digests_gen.o providers/common/der/libcommon-lib-der_ec_gen.o providers/common/der/libcommon-lib-der_ec_key.o providers/common/der/libcommon-lib-der_ec_sig.o providers/common/der/libcommon-lib-der_ecx_gen.o providers/common/der/libcommon-lib-der_ecx_key.o providers/common/der/libcommon-lib-der_rsa_gen.o providers/common/der/libcommon-lib-der_rsa_key.o providers/common/der/libcommon-lib-der_wrap_gen.o providers/common/libcommon-lib-provider_ctx.o providers/common/libcommon-lib-provider_err.o providers/implementations/ciphers/libcommon-lib-ciphercommon.o providers/implementations/ciphers/libcommon-lib-ciphercommon_block.o providers/implementations/ciphers/libcommon-lib-ciphercommon_ccm.o providers/implementations/ciphers/libcommon-lib-ciphercommon_ccm_hw.o providers/implementations/ciphers/libcommon-lib-ciphercommon_gcm.o providers/implementations/ciphers/libcommon-lib-ciphercommon_gcm_hw.o providers/implementations/ciphers/libcommon-lib-ciphercommon_hw.o providers/implementations/digests/libcommon-lib-digestcommon.o ssl/record/methods/libcommon-lib-tls_pad.o
C/C++: x86_64-linux-android24-clang -fPIC -pthread -Wa,--noexecstack -Qunused-arguments -g -DANDROID -fdata-sections -ffunction-sections -funwind-tables -fstack-protector-strong -no-canonical-prefixes -D__BIONIC_NO_PAGE_SIZE_MACRO -D_FORTIFY_SOURCE=2 -Wformat -Werror=format-security  -ffile-prefix-map=/home/runner/work/x25-airplay-receiver/x25-airplay-receiver/app/src/main/cpp=. -ffile-prefix-map=/home/runner/work/x25-airplay-receiver/x25-airplay-receiver/app/.cxx/RelWithDebInfo/416841uv/x86_64=. -ffile-prefix-map=/usr/local/lib/android/sdk/ndk/27.0.12077973=. -Qunused-arguments -L. -Wl,-znodelete -shared -Wl,-Bsymbolic  -Wl,-z,max-page-size=16384 -Wl,--build-id=sha1 -Wl,--no-rosegment -Wl,--no-undefined-version -Wl,--fatal-warnings -Wl,--no-undefined -Qunused-arguments  -Wl,-soname=libssl.so \
C/C++: 	-o libssl.so -Wl,--version-script=libssl.ld \
C/C++: 	crypto/libssl-shlib-ctype.o crypto/libssl-shlib-getenv.o \
C/C++: 	crypto/libssl-shlib-packet.o \
C/C++: 	crypto/libssl-shlib-quic_vlint.o crypto/libssl-shlib-time.o \
C/C++: 	crypto/thread/arch/libssl-shlib-thread_none.o \
C/C++: 	crypto/thread/arch/libssl-shlib-thread_posix.o \
C/C++: 	crypto/thread/arch/libssl-shlib-thread_win.o \
C/C++: 	crypto/thread/libssl-shlib-arch.o ssl/libssl-shlib-bio_ssl.o \
C/C++: 	ssl/libssl-shlib-d1_lib.o ssl/libssl-shlib-d1_msg.o \
C/C++: 	ssl/libssl-shlib-d1_srtp.o ssl/libssl-shlib-methods.o \
C/C++: 	ssl/libssl-shlib-pqueue.o ssl/libssl-shlib-priority_queue.o \
C/C++: 	ssl/libssl-shlib-s3_enc.o ssl/libssl-shlib-s3_lib.o \
C/C++: 	ssl/libssl-shlib-s3_msg.o ssl/libssl-shlib-ssl_asn1.o \
C/C++: 	ssl/libssl-shlib-ssl_cert.o ssl/libssl-shlib-ssl_cert_comp.o \
C/C++: 	ssl/libssl-shlib-ssl_ciph.o ssl/libssl-shlib-ssl_conf.o \
C/C++: 	ssl/libssl-shlib-ssl_err_legacy.o \
C/C++: 	ssl/libssl-shlib-ssl_init.o ssl/libssl-shlib-ssl_lib.o \
C/C++: 	ssl/libssl-shlib-ssl_mcnf.o ssl/libssl-shlib-ssl_rsa.o \
C/C++: 	ssl/libssl-shlib-ssl_sess.o ssl/libssl-shlib-ssl_stat.o \
C/C++: 	ssl/libssl-shlib-ssl_txt.o ssl/libssl-shlib-ssl_utst.o \
C/C++: 	ssl/libssl-shlib-t1_enc.o ssl/libssl-shlib-t1_lib.o \
C/C++: 	ssl/libssl-shlib-t1_trce.o ssl/libssl-shlib-tls13_enc.o \
C/C++: 	ssl/libssl-shlib-tls_depr.o ssl/libssl-shlib-tls_srp.o \
C/C++: 	ssl/quic/libssl-shlib-cc_newreno.o \
C/C++: 	ssl/quic/libssl-shlib-json_enc.o \
C/C++: 	ssl/quic/libssl-shlib-qlog.o \
C/C++: 	ssl/quic/libssl-shlib-qlog_event_helpers.o \
C/C++: 	ssl/quic/libssl-shlib-quic_ackm.o \
C/C++: 	ssl/quic/libssl-shlib-quic_cfq.o \
C/C++: 	ssl/quic/libssl-shlib-quic_channel.o \
C/C++: 	ssl/quic/libssl-shlib-quic_demux.o \
C/C++: 	ssl/quic/libssl-shlib-quic_engine.o \
C/C++: 	ssl/quic/libssl-shlib-quic_fc.o \
C/C++: 	ssl/quic/libssl-shlib-quic_fifd.o \
C/C++: 	ssl/quic/libssl-shlib-quic_impl.o \
C/C++: 	ssl/quic/libssl-shlib-quic_lcidm.o \
C/C++: 	ssl/quic/libssl-shlib-quic_method.o \
C/C++: 	ssl/quic/libssl-shlib-quic_port.o \
C/C++: 	ssl/quic/libssl-shlib-quic_rcidm.o \
C/C++: 	ssl/quic/libssl-shlib-quic_reactor.o \
C/C++: 	ssl/quic/libssl-shlib-quic_record_rx.o \
C/C++: 	ssl/quic/libssl-shlib-quic_record_shared.o \
C/C++: 	ssl/quic/libssl-shlib-quic_record_tx.o \
C/C++: 	ssl/quic/libssl-shlib-quic_record_util.o \
C/C++: 	ssl/quic/libssl-shlib-quic_rstream.o \
C/C++: 	ssl/quic/libssl-shlib-quic_rx_depack.o \
C/C++: 	ssl/quic/libssl-shlib-quic_sf_list.o \
C/C++: 	ssl/quic/libssl-shlib-quic_srt_gen.o \
C/C++: 	ssl/quic/libssl-shlib-quic_srtm.o \
C/C++: 	ssl/quic/libssl-shlib-quic_sstream.o \
C/C++: 	ssl/quic/libssl-shlib-quic_statm.o \
C/C++: 	ssl/quic/libssl-shlib-quic_stream_map.o \
C/C++: 	ssl/quic/libssl-shlib-quic_thread_assist.o \
C/C++: 	ssl/quic/libssl-shlib-quic_tls.o \
C/C++: 	ssl/quic/libssl-shlib-quic_trace.o \
C/C++: 	ssl/quic/libssl-shlib-quic_tserver.o \
C/C++: 	ssl/quic/libssl-shlib-quic_txp.o \
C/C++: 	ssl/quic/libssl-shlib-quic_txpim.o \
C/C++: 	ssl/quic/libssl-shlib-quic_types.o \
C/C++: 	ssl/quic/libssl-shlib-quic_wire.o \
C/C++: 	ssl/quic/libssl-shlib-quic_wire_pkt.o \
C/C++: 	ssl/quic/libssl-shlib-uint_set.o \
C/C++: 	ssl/record/libssl-shlib-rec_layer_d1.o \
C/C++: 	ssl/record/libssl-shlib-rec_layer_s3.o \
C/C++: 	ssl/record/methods/libssl-shlib-dtls_meth.o \
C/C++: 	ssl/record/methods/libssl-shlib-ssl3_meth.o \
C/C++: 	ssl/record/methods/libssl-shlib-tls13_meth.o \
C/C++: 	ssl/record/methods/libssl-shlib-tls1_meth.o \
C/C++: 	ssl/record/methods/libssl-shlib-tls_common.o \
C/C++: 	ssl/record/methods/libssl-shlib-tls_multib.o \
C/C++: 	ssl/record/methods/libssl-shlib-tls_pad.o \
C/C++: 	ssl/record/methods/libssl-shlib-tlsany_meth.o \
C/C++: 	ssl/rio/libssl-shlib-poll_immediate.o \
C/C++: 	ssl/statem/libssl-shlib-extensions.o \
C/C++: 	ssl/statem/libssl-shlib-extensions_clnt.o \
C/C++: 	ssl/statem/libssl-shlib-extensions_cust.o \
C/C++: 	ssl/statem/libssl-shlib-extensions_srvr.o \
C/C++: 	ssl/statem/libssl-shlib-statem.o \
C/C++: 	ssl/statem/libssl-shlib-statem_clnt.o \
C/C++: 	ssl/statem/libssl-shlib-statem_dtls.o \
C/C++: 	ssl/statem/libssl-shlib-statem_lib.o \
C/C++: 	ssl/statem/libssl-shlib-statem_srvr.o \
C/C++: 	-lcrypto  -ldl -pthread 
C/C++: x86_64-linux-android24-clang  -Iapps -I. -Iinclude -Iapps/include  -fPIE -pthread -Wa,--noexecstack -Qunused-arguments -g -DANDROID -fdata-sections -ffunction-sections -funwind-tables -fstack-protector-strong -no-canonical-prefixes -D__BIONIC_NO_PAGE_SIZE_MACRO -D_FORTIFY_SOURCE=2 -Wformat -Werror=format-security  -ffile-prefix-map=/home/runner/work/x25-airplay-receiver/x25-airplay-receiver/app/src/main/cpp=. -ffile-prefix-map=/home/runner/work/x25-airplay-receiver/x25-airplay-receiver/app/.cxx/RelWithDebInfo/416841uv/x86_64=. -ffile-prefix-map=/usr/local/lib/android/sdk/ndk/27.0.12077973=. -Qunused-arguments -DOPENSSL_BUILDING_OPENSSL -DNDEBUG -D__ANDROID_API__=24 -g -DANDROID -fdata-sections -ffunction-sections -funwind-tables -fstack-protector-strong -no-canonical-prefixes -D__BIONIC_NO_PAGE_SIZE_MACRO -D_FORTIFY_SOURCE=2 -Wformat -Werror=format-security   -ffile-prefix-map=/home/runner/work/x25-airplay-receiver/x25-airplay-receiver/app/src/main/cpp=. -ffile-prefix-map=/home/runner/work/x25-airplay-receiver/x25-airplay-receiver/app/.cxx/RelWithDebInfo/416841uv/x86_64=. -ffile-prefix-map=/usr/local/lib/android/sdk/ndk/27.0.12077973=. -Qunused-arguments -MMD -MF apps/lib/openssl-bin-cmp_mock_srv.d.tmp -c -o apps/lib/openssl-bin-cmp_mock_srv.o apps/lib/cmp_mock_srv.c
C/C++: x86_64-linux-android24-clang  -Iapps -I. -Iinclude -Iapps/include  -fPIE -pthread -Wa,--noexecstack -Qunused-arguments -g -DANDROID -fdata-sections -ffunction-sections -funwind-tables -fstack-protector-strong -no-canonical-prefixes -D__BIONIC_NO_PAGE_SIZE_MACRO -D_FORTIFY_SOURCE=2 -Wformat -Werror=format-security  -ffile-prefix-map=/home/runner/work/x25-airplay-receiver/x25-airplay-receiver/app/src/main/cpp=. -ffile-prefix-map=/home/runner/work/x25-airplay-receiver/x25-airplay-receiver/app/.cxx/RelWithDebInfo/416841uv/x86_64=. -ffile-prefix-map=/usr/local/lib/android/sdk/ndk/27.0.12077973=. -Qunused-arguments -DOPENSSL_BUILDING_OPENSSL -DNDEBUG -D__ANDROID_API__=24 -g -DANDROID -fdata-sections -ffunction-sections -funwind-tables -fstack-protector-strong -no-canonical-prefixes -D__BIONIC_NO_PAGE_SIZE_MACRO -D_FORTIFY_SOURCE=2 -Wformat -Werror=format-security   -ffile-prefix-map=/home/runner/work/x25-airplay-receiver/x25-airplay-receiver/app/src/main/cpp=. -ffile-prefix-map=/home/runner/work/x25-airplay-receiver/x25-airplay-receiver/app/.cxx/RelWithDebInfo/416841uv/x86_64=. -ffile-prefix-map=/usr/local/lib/android/sdk/ndk/27.0.12077973=. -Qunused-arguments -MMD -MF apps/openssl-bin-asn1parse.d.tmp -c -o apps/openssl-bin-asn1parse.o apps/asn1parse.c
C/C++: : libcrypto.a || echo Never mind.
C/C++: x86_64-linux-android24-clang  -Iapps -I. -Iinclude -Iapps/include  -fPIE -pthread -Wa,--noexecstack -Qunused-arguments -g -DANDROID -fdata-sections -ffunction-sections -funwind-tables -fstack-protector-strong -no-canonical-prefixes -D__BIONIC_NO_PAGE_SIZE_MACRO -D_FORTIFY_SOURCE=2 -Wformat -Werror=format-security  -ffile-prefix-map=/home/runner/work/x25-airplay-receiver/x25-airplay-receiver/app/src/main/cpp=. -ffile-prefix-map=/home/runner/work/x25-airplay-receiver/x25-airplay-receiver/app/.cxx/RelWithDebInfo/416841uv/x86_64=. -ffile-prefix-map=/usr/local/lib/android/sdk/ndk/27.0.12077973=. -Qunused-arguments -DOPENSSL_BUILDING_OPENSSL -DNDEBUG -D__ANDROID_API__=24 -g -DANDROID -fdata-sections -ffunction-sections -funwind-tables -fstack-protector-strong -no-canonical-prefixes -D__BIONIC_NO_PAGE_SIZE_MACRO -D_FORTIFY_SOURCE=2 -Wformat -Werror=format-security   -ffile-prefix-map=/home/runner/work/x25-airplay-receiver/x25-airplay-receiver/app/src/main/cpp=. -ffile-prefix-map=/home/runner/work/x25-airplay-receiver/x25-airplay-receiver/app/.cxx/RelWithDebInfo/416841uv/x86_64=. -ffile-prefix-map=/usr/local/lib/android/sdk/ndk/27.0.12077973=. -Qunused-arguments -MMD -MF apps/openssl-bin-ca.d.tmp -c -o apps/openssl-bin-ca.o apps/ca.c
C/C++: In file included from /home/runner/work/x25-airplay-receiver/x25-airplay-receiver/app/.cxx/RelWithDebInfo/416841uv/x86_64/In file included from <built-in>:401:
C/C++: /home/runner/work/x25-airplay-receiver/x25-airplay-receiver/app/.cxx/RelWithDebInfo/416841uv/x86_64/<command line>:6:9: warning: '__ANDROID_API__' macro redefined [-Wmacro-redefined]
C/C++: <built-in>:401:
C/C++:     6 | <command line>:6:9: warning: '__ANDROID_API__' macro redefined [-Wmacro-redefined]
C/C++: #def    6 | #define __ANDROID_API__ 24
C/C++:       |         ^
C/C++: ine __<built-in>A:N393D:R9O:I Dnote: _previous definition is hereA
C/C++: PI__ 24
C/C++:       |           ^393
C/C++:  | #define __A<built-in>N:D393R:O9I:D _note: Aprevious definition is hereP
C/C++: I__ __AND  R393O | I#Dd_eMfIiNn_eS D_K__AVNEDRRSOIIODN__A_P
C/C++: I      _| _        ^ 
C/C++: __ANDROID_MIN_SDK_VERSION__
C/C++:       |         ^
C/C++: x86_64-linux-android24-clang  -Iapps -I. -Iinclude -Iapps/include  -fPIE -pthread -Wa,--noexecstack -Qunused-arguments -g -DANDROID -fdata-sections -ffunction-sections -funwind-tables -fstack-protector-strong -no-canonical-prefixes -D__BIONIC_NO_PAGE_SIZE_MACRO -D_FORTIFY_SOURCE=2 -Wformat -Werror=format-security  -ffile-prefix-map=/home/runner/work/x25-airplay-receiver/x25-airplay-receiver/app/src/main/cpp=. -ffile-prefix-map=/home/runner/work/x25-airplay-receiver/x25-airplay-receiver/app/.cxx/RelWithDebInfo/416841uv/x86_64=. -ffile-prefix-map=/usr/local/lib/android/sdk/ndk/27.0.12077973=. -Qunused-arguments -DOPENSSL_BUILDING_OPENSSL -DNDEBUG -D__ANDROID_API__=24 -g -DANDROID -fdata-sections -ffunction-sections -funwind-tables -fstack-protector-strong -no-canonical-prefixes -D__BIONIC_NO_PAGE_SIZE_MACRO -D_FORTIFY_SOURCE=2 -Wformat -Werror=format-security   -ffile-prefix-map=/home/runner/work/x25-airplay-receiver/x25-airplay-receiver/app/src/main/cpp=. -ffile-prefix-map=/home/runner/work/x25-airplay-receiver/x25-airplay-receiver/app/.cxx/RelWithDebInfo/416841uv/x86_64=. -ffile-prefix-map=/usr/local/lib/android/sdk/ndk/27.0.12077973=. -Qunused-arguments -MMD -MF apps/openssl-bin-ciphers.d.tmp -c -o apps/openssl-bin-ciphers.o apps/ciphers.c
C/C++: In file included from /home/runner/work/x25-airplay-receiver/x25-airplay-receiver/app/.cxx/RelWithDebInfo/416841uv/x86_64/<built-in>:401:
C/C++: /home/runner/work/x25-airplay-receiver/x25-airplay-receiver/app/.cxx/RelWithDebInfo/416841uv/x86_64/<command line>:6:9: warning: '__ANDROID_API__' macro redefined [-Wmacro-redefined]
C/C++:     6 | #define __ANDROID_API__ 24
C/C++:       In file included from | <built-in>        ^:
C/C++: 401:
C/C++: /home/runner/work/x25-airplay-receiver/x25-airplay-receiver/app/.cxx/RelWithDebInfo/416841uv/x86_64/<command line>:6:9: warning: '__ANDROID_API__' macro redefined [-Wmacro-redefined]
C/C++: /home/runner/work/x25-airplay-receiver/x25-airplay-receiver/app/.cxx/RelWithDebInfo/416841uv/x86_64/<built-in>:393:9: note: previous definition is here
C/C++:   393 | #define __ANDROID_A    P6I | _#_d e_f_iAnNeD R_O_IADN_DMRIONI_DS_DAKP_IV_E_R S2I4O
C/C++: N      _| _        ^
C/C++:       |         ^
C/C++: /home/runner/work/x25-airplay-receiver/x25-airplay-receiver/app/.cxx/RelWithDebInfo/416841uv/x86_64/<built-in>:393:9: note: previous definition is here
C/C++:   393 | #define __ANDROID_API__ __ANDROID_MIN_SDK_VERSION__
C/C++:       |         ^
C/C++: 1 warning generated.
C/C++: In file included from /home/runner/work/x25-airplay-receiver/x25-airplay-receiver/app/.cxx/RelWithDebInfo/416841uv/x86_64/<built-in>:401:
C/C++: /home/runner/work/x25-airplay-receiver/x25-airplay-receiver/app/.cxx/RelWithDebInfo/416841uv/x86_64/<command line>:6:9: warning: '__ANDROID_API__' macro redefined [-Wmacro-redefined]
C/C++:     6 | #define __ANDROID_API__ 24
C/C++:       |         ^
C/C++: /home/runner/work/x25-airplay-receiver/x25-airplay-receiver/app/.cxx/RelWithDebInfo/416841uv/x86_64/<built-in>:393:9: note: previous definition is here
C/C++:   393 | #define __ANDROID_API__ __ANDROID_MIN_SDK_VERSION__
C/C++:       |         ^
C/C++: x86_64-linux-android24-clang  -Iapps -I. -Iinclude -Iapps/include  -fPIE -pthread -Wa,--noexecstack -Qunused-arguments -g -DANDROID -fdata-sections -ffunction-sections -funwind-tables -fstack-protector-strong -no-canonical-prefixes -D__BIONIC_NO_PAGE_SIZE_MACRO -D_FORTIFY_SOURCE=2 -Wformat -Werror=format-security  -ffile-prefix-map=/home/runner/work/x25-airplay-receiver/x25-airplay-receiver/app/src/main/cpp=. -ffile-prefix-map=/home/runner/work/x25-airplay-receiver/x25-airplay-receiver/app/.cxx/RelWithDebInfo/416841uv/x86_64=. -ffile-prefix-map=/usr/local/lib/android/sdk/ndk/27.0.12077973=. -Qunused-arguments -DOPENSSL_BUILDING_OPENSSL -DNDEBUG -D__ANDROID_API__=24 -g -DANDROID -fdata-sections -ffunction-sections -funwind-tables -fstack-protector-strong -no-canonical-prefixes -D__BIONIC_NO_PAGE_SIZE_MACRO -D_FORTIFY_SOURCE=2 -Wformat -Werror=format-security   -ffile-prefix-map=/home/runner/work/x25-airplay-receiver/x25-airplay-receiver/app/src/main/cpp=. -ffile-prefix-map=/home/runner/work/x25-airplay-receiver/x25-airplay-receiver/app/.cxx/RelWithDebInfo/416841uv/x86_64=. -ffile-prefix-map=/usr/local/lib/android/sdk/ndk/27.0.12077973=. -Qunused-arguments -MMD -MF apps/openssl-bin-cms.d.tmp -c -o apps/openssl-bin-cms.o apps/cms.c
C/C++: x86_64-linux-android24-clang  -Iapps -I. -Iinclude -Iapps/include  -fPIE -pthread -Wa,--noexecstack -Qunused-arguments -g -DANDROID -fdata-sections -ffunction-sections -funwind-tables -fstack-protector-strong -no-canonical-prefixes -D__BIONIC_NO_PAGE_SIZE_MACRO -D_FORTIFY_SOURCE=2 -Wformat -Werror=format-security  -ffile-prefix-map=/home/runner/work/x25-airplay-receiver/x25-airplay-receiver/app/src/main/cpp=. -ffile-prefix-map=/home/runner/work/x25-airplay-receiver/x25-airplay-receiver/app/.cxx/RelWithDebInfo/416841uv/x86_64=. -ffile-prefix-map=/usr/local/lib/android/sdk/ndk/27.0.12077973=. -Qunused-arguments -DOPENSSL_BUILDING_OPENSSL -DNDEBUG -D__ANDROID_API__=24 -g -DANDROID -fdata-sections -ffunction-sections -funwind-tables -fstack-protector-strong -no-canonical-prefixes -D__BIONIC_NO_PAGE_SIZE_MACRO -D_FORTIFY_SOURCE=2 -Wformat -Werror=format-security   -ffile-prefix-map=/home/runner/work/x25-airplay-receiver/x25-airplay-receiver/app/src/main/cpp=. -ffile-prefix-map=/home/runner/work/x25-airplay-receiver/x25-airplay-receiver/app/.cxx/RelWithDebInfo/416841uv/x86_64=. -ffile-prefix-map=/usr/local/lib/android/sdk/ndk/27.0.12077973=. -Qunused-arguments -MMD -MF apps/openssl-bin-crl.d.tmp -c -o apps/openssl-bin-crl.o apps/crl.c
C/C++: In file included from /home/runner/work/x25-airplay-receiver/x25-airplay-receiver/app/.cxx/RelWithDebInfo/416841uv/x86_64/<built-in>:401:
C/C++: /home/runner/work/x25-airplay-receiver/x25-airplay-receiver/app/.cxx/RelWithDebInfo/416841uv/x86_64/<command line>:6:9: warning: '__ANDROID_API__' macro redefined [-Wmacro-redefined]
C/C++:     6 | #define __ANDROID_API__ 24
C/C++:       |         ^
C/C++: /home/runner/work/x25-airplay-receiver/x25-airplay-receiver/app/.cxx/RelWithDebInfo/416841uv/x86_64/<built-in>:393:9: note: previous definition is here
C/C++:   393 | #define __ANDROID_API__ __ANDROID_MIN_SDK_VERSION__
C/C++:       |         ^
C/C++: In file included from /home/runner/work/x25-airplay-receiver/x25-airplay-receiver/app/.cxx/RelWithDebInfo/416841uv/x86_64/<built-in>:401:
C/C++: /home/runner/work/x25-airplay-receiver/x25-airplay-receiver/app/.cxx/RelWithDebInfo/416841uv/x86_64/<command line>:6:9: warning: '__ANDROID_API__' macro redefined [-Wmacro-redefined]
C/C++:     6 | #define __ANDROID_API__ 24
C/C++:       |         ^
C/C++: /home/runner/work/x25-airplay-receiver/x25-airplay-receiver/app/.cxx/RelWithDebInfo/416841uv/x86_64/<built-in>:393:9: note: previous definition is here
C/C++:   393 | #define __ANDROID_API__ __ANDROID_MIN_SDK_VERSION__
C/C++:       |         ^
C/C++: 1 warning generated.
C/C++: In file included from /home/runner/work/x25-airplay-receiver/x25-airplay-receiver/app/.cxx/RelWithDebInfo/416841uv/x86_64/<built-in>:401:
C/C++: /home/runner/work/x25-airplay-receiver/x25-airplay-receiver/app/.cxx/RelWithDebInfo/416841uv/x86_64/<command line>:6:9: warning: '__ANDROID_API__' macro redefined [-Wmacro-redefined]
C/C++:     6 | #define __ANDROID_API__ 24
C/C++:       |         ^
C/C++: /home/runner/work/x25-airplay-receiver/x25-airplay-receiver/app/.cxx/RelWithDebInfo/416841uv/x86_64/<built-in>:393:9: note: previous definition is here
C/C++:   393 | #define __ANDROID_API__ __ANDROID_MIN_SDK_VERSION__
C/C++:       |         ^
C/C++: 1 warning generated.
C/C++: In file included from /home/runner/work/x25-airplay-receiver/x25-airplay-receiver/app/.cxx/RelWithDebInfo/416841uv/x86_64/<built-in>:401:
C/C++: /home/runner/work/x25-airplay-receiver/x25-airplay-receiver/app/.cxx/RelWithDebInfo/416841uv/x86_64/<command line>:6:9: warning: '__ANDROID_API__' macro redefined [-Wmacro-redefined]
C/C++:     6 | #define __ANDROID_API__ 24
C/C++:       |         ^
C/C++: /home/runner/work/x25-airplay-receiver/x25-airplay-receiver/app/.cxx/RelWithDebInfo/416841uv/x86_64/<built-in>:393:9: note: previous definition is here
C/C++:   393 | #define __ANDROID_API__ __ANDROID_MIN_SDK_VERSION__
C/C++:       |         ^
C/C++: 1 warning generated.
C/C++: In file included from /home/runner/work/x25-airplay-receiver/x25-airplay-receiver/app/.cxx/RelWithDebInfo/416841uv/x86_64/<built-in>:401:
C/C++: /home/runner/work/x25-airplay-receiver/x25-airplay-receiver/app/.cxx/RelWithDebInfo/416841uv/x86_64/<command line>:6:9: warning: '__ANDROID_API__' macro redefined [-Wmacro-redefined]
C/C++:     6 | #define __ANDROID_API__ 24
C/C++:       |         ^
C/C++: /home/runner/work/x25-airplay-receiver/x25-airplay-receiver/app/.cxx/RelWithDebInfo/416841uv/x86_64/<built-in>:393:9: note: previous definition is here
C/C++:   393 | #define __ANDROID_API__ __ANDROID_MIN_SDK_VERSION__
C/C++:       |         ^
C/C++: x86_64-linux-android24-clang  -Iapps -I. -Iinclude -Iapps/include  -fPIE -pthread -Wa,--noexecstack -Qunused-arguments -g -DANDROID -fdata-sections -ffunction-sections -funwind-tables -fstack-protector-strong -no-canonical-prefixes -D__BIONIC_NO_PAGE_SIZE_MACRO -D_FORTIFY_SOURCE=2 -Wformat -Werror=format-security  -ffile-prefix-map=/home/runner/work/x25-airplay-receiver/x25-airplay-receiver/app/src/main/cpp=. -ffile-prefix-map=/home/runner/work/x25-airplay-receiver/x25-airplay-receiver/app/.cxx/RelWithDebInfo/416841uv/x86_64=. -ffile-prefix-map=/usr/local/lib/android/sdk/ndk/27.0.12077973=. -Qunused-arguments -DOPENSSL_BUILDING_OPENSSL -DNDEBUG -D__ANDROID_API__=24 -g -DANDROID -fdata-sections -ffunction-sections -funwind-tables -fstack-protector-strong -no-canonical-prefixes -D__BIONIC_NO_PAGE_SIZE_MACRO -D_FORTIFY_SOURCE=2 -Wformat -Werror=format-security   -ffile-prefix-map=/home/runner/work/x25-airplay-receiver/x25-airplay-receiver/app/src/main/cpp=. -ffile-prefix-map=/home/runner/work/x25-airplay-receiver/x25-airplay-receiver/app/.cxx/RelWithDebInfo/416841uv/x86_64=. -ffile-prefix-map=/usr/local/lib/android/sdk/ndk/27.0.12077973=. -Qunused-arguments -MMD -MF apps/openssl-bin-ec.d.tmp -c -o apps/openssl-bin-ec.o apps/ec.c
C/C++: In file included from /home/runner/work/x25-airplay-receiver/x25-airplay-receiver/app/.cxx/RelWithDebInfo/416841uv/x86_64/<built-in>:401:
C/C++: /home/runner/work/x25-airplay-receiver/x25-airplay-receiver/app/.cxx/RelWithDebInfo/416841uv/x86_64/<command line>:6:9: warning: '__ANDROID_API__' macro redefined [-Wmacro-redefined]
C/C++:     6 | #define __ANDROID_API__ 24
C/C++:       |         ^
C/C++: /home/runner/work/x25-airplay-receiver/x25-airplay-receiver/app/.cxx/RelWithDebInfo/416841uv/x86_64/<built-in>:393:9: note: previous definition is here
C/C++:   393 | #define __ANDROID_API__ __ANDROID_MIN_SDK_VERSION__
C/C++:       |         ^
C/C++: 1 warning generated.
C/C++: In file included from /home/runner/work/x25-airplay-receiver/x25-airplay-receiver/app/.cxx/RelWithDebInfo/416841uv/x86_64/<built-in>:401:
C/C++: /home/runner/work/x25-airplay-receiver/x25-airplay-receiver/app/.cxx/RelWithDebInfo/416841uv/x86_64/<command line>:6:9: warning: '__ANDROID_API__' macro redefined [-Wmacro-redefined]
C/C++:     6 | #define __ANDROID_API__ 24
C/C++:       |         ^
C/C++: /home/runner/work/x25-airplay-receiver/x25-airplay-receiver/app/.cxx/RelWithDebInfo/416841uv/x86_64/<built-in>:393:9: note: previous definition is here
C/C++:   393 | #define __ANDROID_API__ __ANDROID_MIN_SDK_VERSION__
C/C++:       |         ^
C/C++: In file included from /home/runner/work/x25-airplay-receiver/x25-airplay-receiver/app/.cxx/RelWithDebInfo/416841uv/x86_64/<built-in>:401:
C/C++: /home/runner/work/x25-airplay-receiver/x25-airplay-receiver/app/.cxx/RelWithDebInfo/416841uv/x86_64/<command line>:6:9: warning: '__ANDROID_API__' macro redefined [-Wmacro-redefined]
C/C++:     6 | #define __ANDROID_API__ 24
C/C++:       |         ^
C/C++: /home/runner/work/x25-airplay-receiver/x25-airplay-receiver/app/.cxx/RelWithDebInfo/416841uv/x86_64/<built-in>:393:9: note: previous definition is here
C/C++:   393 | #define __ANDROID_API__ __ANDROID_MIN_SDK_VERSION__
C/C++:       |         ^
C/C++: 1 warning generated.
C/C++: In file included from /home/runner/work/x25-airplay-receiver/x25-airplay-receiver/app/.cxx/RelWithDebInfo/416841uv/x86_64/<built-in>:401:
C/C++: /home/runner/work/x25-airplay-receiver/x25-airplay-receiver/app/.cxx/RelWithDebInfo/416841uv/x86_64/<command line>:6:9: warning: '__ANDROID_API__' macro redefined [-Wmacro-redefined]
C/C++:     6 | #define __ANDROID_API__ 24
C/C++:       |         ^
C/C++: /home/runner/work/x25-airplay-receiver/x25-airplay-receiver/app/.cxx/RelWithDebInfo/416841uv/x86_64/<built-in>:393:9: note: previous definition is here
C/C++:   393 | #define __ANDROID_API__ __ANDROID_MIN_SDK_VERSION__
C/C++:       |         ^
C/C++: x86_64-linux-android24-clang  -Iapps -I. -Iinclude -Iapps/include  -fPIE -pthread -Wa,--noexecstack -Qunused-arguments -g -DANDROID -fdata-sections -ffunction-sections -funwind-tables -fstack-protector-strong -no-canonical-prefixes -D__BIONIC_NO_PAGE_SIZE_MACRO -D_FORTIFY_SOURCE=2 -Wformat -Werror=format-security  -ffile-prefix-map=/home/runner/work/x25-airplay-receiver/x25-airplay-receiver/app/src/main/cpp=. -ffile-prefix-map=/home/runner/work/x25-airplay-receiver/x25-airplay-receiver/app/.cxx/RelWithDebInfo/416841uv/x86_64=. -ffile-prefix-map=/usr/local/lib/android/sdk/ndk/27.0.12077973=. -Qunused-arguments -DOPENSSL_BUILDING_OPENSSL -DNDEBUG -D__ANDROID_API__=24 -g -DANDROID -fdata-sections -ffunction-sections -funwind-tables -fstack-protector-strong -no-canonical-prefixes -D__BIONIC_NO_PAGE_SIZE_MACRO -D_FORTIFY_SOURCE=2 -Wformat -Werror=format-security   -ffile-prefix-map=/home/runner/work/x25-airplay-receiver/x25-airplay-receiver/app/src/main/cpp=. -ffile-prefix-map=/home/runner/work/x25-airplay-receiver/x25-airplay-receiver/app/.cxx/RelWithDebInfo/416841uv/x86_64=. -ffile-prefix-map=/usr/local/lib/android/sdk/ndk/27.0.12077973=. -Qunused-arguments -MMD -MF apps/openssl-bin-fipsinstall.d.tmp -c -o apps/openssl-bin-fipsinstall.o apps/fipsinstall.c
C/C++: In file included from /home/runner/work/x25-airplay-receiver/x25-airplay-receiver/app/.cxx/RelWithDebInfo/416841uv/x86_64/<built-in>:401:
C/C++: /home/runner/work/x25-airplay-receiver/x25-airplay-receiver/app/.cxx/RelWithDebInfo/416841uv/x86_64/<command line>:6:9: warning: '__ANDROID_API__' macro redefined [-Wmacro-redefined]
C/C++:     6 | #define __ANDROID_API__ 24
C/C++:       |         ^
C/C++: /home/runner/work/x25-airplay-receiver/x25-airplay-receiver/app/.cxx/RelWithDebInfo/416841uv/x86_64/<built-in>:393:9: note: previous definition is here
C/C++:   393 | #define __ANDROID_API__ __ANDROID_MIN_SDK_VERSION__
C/C++:       |         ^
C/C++: 1 warning generated.
C/C++: In file included from /home/runner/work/x25-airplay-receiver/x25-airplay-receiver/app/.cxx/RelWithDebInfo/416841uv/x86_64/<built-in>:401:
C/C++: /home/runner/work/x25-airplay-receiver/x25-airplay-receiver/app/.cxx/RelWithDebInfo/416841uv/x86_64/<command line>:6:9: warning: '__ANDROID_API__' macro redefined [-Wmacro-redefined]
C/C++:     6 | #define __ANDROID_API__ 24
C/C++:       |         ^
C/C++: /home/runner/work/x25-airplay-receiver/x25-airplay-receiver/app/.cxx/RelWithDebInfo/416841uv/x86_64/<built-in>:393:9: note: previous definition is here
C/C++:   393 | #define __ANDROID_API__ __ANDROID_MIN_SDK_VERSION__
C/C++:       |         ^
C/C++: x86_64-linux-android24-clang  -Iapps -I. -Iinclude -Iapps/include  -fPIE -pthread -Wa,--noexecstack -Qunused-arguments -g -DANDROID -fdata-sections -ffunction-sections -funwind-tables -fstack-protector-strong -no-canonical-prefixes -D__BIONIC_NO_PAGE_SIZE_MACRO -D_FORTIFY_SOURCE=2 -Wformat -Werror=format-security  -ffile-prefix-map=/home/runner/work/x25-airplay-receiver/x25-airplay-receiver/app/src/main/cpp=. -ffile-prefix-map=/home/runner/work/x25-airplay-receiver/x25-airplay-receiver/app/.cxx/RelWithDebInfo/416841uv/x86_64=. -ffile-prefix-map=/usr/local/lib/android/sdk/ndk/27.0.12077973=. -Qunused-arguments -DOPENSSL_BUILDING_OPENSSL -DNDEBUG -D__ANDROID_API__=24 -g -DANDROID -fdata-sections -ffunction-sections -funwind-tables -fstack-protector-strong -no-canonical-prefixes -D__BIONIC_NO_PAGE_SIZE_MACRO -D_FORTIFY_SOURCE=2 -Wformat -Werror=format-security   -ffile-prefix-map=/home/runner/work/x25-airplay-receiver/x25-airplay-receiver/app/src/main/cpp=. -ffile-prefix-map=/home/runner/work/x25-airplay-receiver/x25-airplay-receiver/app/.cxx/RelWithDebInfo/416841uv/x86_64=. -ffile-prefix-map=/usr/local/lib/android/sdk/ndk/27.0.12077973=. -Qunused-arguments -MMD -MF apps/openssl-bin-genrsa.d.tmp -c -o apps/openssl-bin-genrsa.o apps/genrsa.c
C/C++: 1 warning generated.
C/C++: In file included from /home/runner/work/x25-airplay-receiver/x25-airplay-receiver/app/.cxx/RelWithDebInfo/416841uv/x86_64/<built-in>:401:
C/C++: /home/runner/work/x25-airplay-receiver/x25-airplay-receiver/app/.cxx/RelWithDebInfo/416841uv/x86_64/<command line>:6:9: warning: '__ANDROID_API__' macro redefined [-Wmacro-redefined]
C/C++:     6 | #define __ANDROID_API__ 24
C/C++:       |         ^
C/C++: /home/runner/work/x25-airplay-receiver/x25-airplay-receiver/app/.cxx/RelWithDebInfo/416841uv/x86_64/<built-in>:393:9: note: previous definition is here
C/C++:   393 | #define __ANDROID_API__ __ANDROID_MIN_SDK_VERSION__
C/C++:       |         ^
C/C++: In file included from /home/runner/work/x25-airplay-receiver/x25-airplay-receiver/app/.cxx/RelWithDebInfo/416841uv/x86_64/<built-in>:401:
C/C++: /home/runner/work/x25-airplay-receiver/x25-airplay-receiver/app/.cxx/RelWithDebInfo/416841uv/x86_64/<command line>:6:9: warning: '__ANDROID_API__' macro redefined [-Wmacro-redefined]
C/C++:     6 | #define __ANDROID_API__ 24
C/C++:       |         ^
C/C++: /home/runner/work/x25-airplay-receiver/x25-airplay-receiver/app/.cxx/RelWithDebInfo/416841uv/x86_64/<built-in>:393:9: note: previous definition is here
C/C++:   393 | #define __ANDROID_API__ __ANDROID_MIN_SDK_VERSION__
C/C++:       |         ^
C/C++: 1 warning generated.
C/C++: In file included from /home/runner/work/x25-airplay-receiver/x25-airplay-receiver/app/.cxx/RelWithDebInfo/416841uv/x86_64/<built-in>:401:
C/C++: /home/runner/work/x25-airplay-receiver/x25-airplay-receiver/app/.cxx/RelWithDebInfo/416841uv/x86_64/<command line>:6:9: warning: '__ANDROID_API__' macro redefined [-Wmacro-redefined]
C/C++:     6 | #define __ANDROID_API__ 24
C/C++:       |         ^
C/C++: /home/runner/work/x25-airplay-receiver/x25-airplay-receiver/app/.cxx/RelWithDebInfo/416841uv/x86_64/<built-in>:393:9: note: previous definition is here
C/C++:   393 | #define __ANDROID_API__ __ANDROID_MIN_SDK_VERSION__
C/C++:       |         ^
C/C++: 1 warning generated.
C/C++: In file included from /home/runner/work/x25-airplay-receiver/x25-airplay-receiver/app/.cxx/RelWithDebInfo/416841uv/x86_64/<built-in>:401:
C/C++: /home/runner/work/x25-airplay-receiver/x25-airplay-receiver/app/.cxx/RelWithDebInfo/416841uv/x86_64/<command line>:6:9: warning: '__ANDROID_API__' macro redefined [-Wmacro-redefined]
C/C++:     6 | #define __ANDROID_API__ 24
C/C++:       |         ^
C/C++: /home/runner/work/x25-airplay-receiver/x25-airplay-receiver/app/.cxx/RelWithDebInfo/416841uv/x86_64/<built-in>:393:9: note: previous definition is here
C/C++:   393 | #define __ANDROID_API__ __ANDROID_MIN_SDK_VERSION__
C/C++:       |         ^
C/C++: 1 warning generated.
C/C++: In file included from /home/runner/work/x25-airplay-receiver/x25-airplay-receiver/app/.cxx/RelWithDebInfo/416841uv/x86_64/<built-in>:401:
C/C++: /home/runner/work/x25-airplay-receiver/x25-airplay-receiver/app/.cxx/RelWithDebInfo/416841uv/x86_64/<command line>:6:9: warning: '__ANDROID_API__' macro redefined [-Wmacro-redefined]
C/C++:     6 | #define __ANDROID_API__ 24
C/C++:       |         ^
C/C++: /home/runner/work/x25-airplay-receiver/x25-airplay-receiver/app/.cxx/RelWithDebInfo/416841uv/x86_64/<built-in>:393:9: note: previous definition is here
C/C++:   393 | #define __ANDROID_API__ __ANDROID_MIN_SDK_VERSION__
C/C++:       |         ^
C/C++: In file included from /home/runner/work/x25-airplay-receiver/x25-airplay-receiver/app/.cxx/RelWithDebInfo/416841uv/x86_64/<built-in>:401:
C/C++: /home/runner/work/x25-airplay-receiver/x25-airplay-receiver/app/.cxx/RelWithDebInfo/416841uv/x86_64/<command line>:6:9: warning: '__ANDROID_API__' macro redefined [-Wmacro-redefined]
C/C++:     6 | #define __ANDROID_API__ 24
C/C++:       |         ^
C/C++: /home/runner/work/x25-airplay-receiver/x25-airplay-receiver/app/.cxx/RelWithDebInfo/416841uv/x86_64/<built-in>:393:9: note: previous definition is here
C/C++:   393 | #define __ANDROID_API__ __ANDROID_MIN_SDK_VERSION__
C/C++:       |         ^
C/C++: 1 warning generated.
C/C++: In file included from /home/runner/work/x25-airplay-receiver/x25-airplay-receiver/app/.cxx/RelWithDebInfo/416841uv/x86_64/<built-in>:401:
C/C++: /home/runner/work/x25-airplay-receiver/x25-airplay-receiver/app/.cxx/RelWithDebInfo/416841uv/x86_64/<command line>:6:9: warning: '__ANDROID_API__' macro redefined [-Wmacro-redefined]
C/C++:     6 | #define __ANDROID_API__ 24
C/C++:       |         ^
C/C++: /home/runner/work/x25-airplay-receiver/x25-airplay-receiver/app/.cxx/RelWithDebInfo/416841uv/x86_64/<built-in>:393:9: note: previous definition is here
C/C++:   393 | #define __ANDROID_API__ __ANDROID_MIN_SDK_VERSION__
C/C++:       |         ^
C/C++: 1 warning generated.
C/C++: In file included from /home/runner/work/x25-airplay-receiver/x25-airplay-receiver/app/.cxx/RelWithDebInfo/416841uv/x86_64/In file included from <built-in>:401:
C/C++: /home/runner/work/x25-airplay-receiver/x25-airplay-receiver/app/.cxx/RelWithDebInfo/416841uv/x86_64/<command line>:6:9: warning: '__ANDROID_API__' macro redefined [-Wmacro-redefined]
C/C++: <built-in>:401:
C/C++: /home/runner/work/x25-airplay-receiver/x25-airplay-receiver/app/.cxx/RelWithDebInfo/416841uv/x86_64/<command line>:6:9: warning: '__ANDROID_API__' macro redefined [-Wmacro-redefined]
C/C++:     6 | #define __ANDROID_API__ 24
C/C++:       |         ^
C/C++:     6 | #def<built-in>i:n393e: 9_:_ Anote: Nprevious definition is hereD
C/C++: ROID_API__   23934 | 
C/C++: #      d| e        ^f
C/C++: ine __ANDROID_<built-in>A:P393I:_9_:  _note: _previous definition is hereA
C/C++: NDROID_MIN  _393S | D#Kd_eVfEiRnSeI O_N__A_N
C/C++: D      R| O        ^I
C/C++: D_API__ __ANDROID_MIN_SDK_VERSION__
C/C++:       |         ^
C/C++: 1 warning generated.
C/C++: In file included from /home/runner/work/x25-airplay-receiver/x25-airplay-receiver/app/.cxx/RelWithDebInfo/416841uv/x86_64/<built-in>:401:
C/C++: /home/runner/work/x25-airplay-receiver/x25-airplay-receiver/app/.cxx/RelWithDebInfo/416841uv/x86_64/<command line>:6:9: warning: '__ANDROID_API__' macro redefined [-Wmacro-redefined]
C/C++:     6 | #define __ANDROID_API__ 24
C/C++:       |         ^
C/C++: /home/runner/work/x25-airplay-receiver/x25-airplay-receiver/app/.cxx/RelWithDebInfo/416841uv/x86_64/<built-in>:393:9: note: previous definition is here
C/C++:   393 | #define __ANDROID_API__ __ANDROID_MIN_SDK_VERSION__
C/C++:       |         ^
C/C++: x86_64-linux-android24-clang  -Iapps -I. -Iinclude -Iapps/include  -fPIE -pthread -Wa,--noexecstack -Qunused-arguments -g -DANDROID -fdata-sections -ffunction-sections -funwind-tables -fstack-protector-strong -no-canonical-prefixes -D__BIONIC_NO_PAGE_SIZE_MACRO -D_FORTIFY_SOURCE=2 -Wformat -Werror=format-security  -ffile-prefix-map=/home/runner/work/x25-airplay-receiver/x25-airplay-receiver/app/src/main/cpp=. -ffile-prefix-map=/home/runner/work/x25-airplay-receiver/x25-airplay-receiver/app/.cxx/RelWithDebInfo/416841uv/x86_64=. -ffile-prefix-map=/usr/local/lib/android/sdk/ndk/27.0.12077973=. -Qunused-arguments -DOPENSSL_BUILDING_OPENSSL -DNDEBUG -D__ANDROID_API__=24 -g -DANDROID -fdata-sections -ffunction-sections -funwind-tables -fstack-protector-strong -no-canonical-prefixes -D__BIONIC_NO_PAGE_SIZE_MACRO -D_FORTIFY_SOURCE=2 -Wformat -Werror=format-security   -ffile-prefix-map=/home/runner/work/x25-airplay-receiver/x25-airplay-receiver/app/src/main/cpp=. -ffile-prefix-map=/home/runner/work/x25-airplay-receiver/x25-airplay-receiver/app/.cxx/RelWithDebInfo/416841uv/x86_64=. -ffile-prefix-map=/usr/local/lib/android/sdk/ndk/27.0.12077973=. -Qunused-arguments -MMD -MF apps/openssl-bin-pkcs7.d.tmp -c -o apps/openssl-bin-pkcs7.o apps/pkcs7.c
C/C++: In file included from /home/runner/work/x25-airplay-receiver/x25-airplay-receiver/app/.cxx/RelWithDebInfo/416841uv/x86_64/<built-in>:401:
C/C++: /home/runner/work/x25-airplay-receiver/x25-airplay-receiver/app/.cxx/RelWithDebInfo/416841uv/x86_64/<command line>:6:9: warning: '__ANDROID_API__' macro redefined [-Wmacro-redefined]
C/C++:     6 | #define __ANDROID_API__ 24
C/C++:       |         ^
C/C++: /home/runner/work/x25-airplay-receiver/x25-airplay-receiver/app/.cxx/RelWithDebInfo/416841uv/x86_64/<built-in>:393:9: note: previous definition is here
C/C++:   393 | #define __ANDROID_API__ __ANDROID_MIN_SDK_VERSION__
C/C++:       |         ^
C/C++: 1 warning generated.
C/C++: In file included from /home/runner/work/x25-airplay-receiver/x25-airplay-receiver/app/.cxx/RelWithDebInfo/416841uv/x86_64/<built-in>:401:
C/C++: /home/runner/work/x25-airplay-receiver/x25-airplay-receiver/app/.cxx/RelWithDebInfo/416841uv/x86_64/<command line>:6:9: warning: '__ANDROID_API__' macro redefined [-Wmacro-redefined]
C/C++:     6 | #define __ANDROID_API__ 24
C/C++:       |         ^
C/C++: /home/runner/work/x25-airplay-receiver/x25-airplay-receiver/app/.cxx/RelWithDebInfo/416841uv/x86_64/<built-in>:393:9: note: previous definition is here
C/C++:   393 | #define __ANDROID_API__ __ANDROID_MIN_SDK_VERSION__
C/C++:       |         ^
C/C++: In file included from /home/runner/work/x25-airplay-receiver/x25-airplay-receiver/app/.cxx/RelWithDebInfo/416841uv/x86_64/<built-in>:401:
C/C++: /home/runner/work/x25-airplay-receiver/x25-airplay-receiver/app/.cxx/RelWithDebInfo/416841uv/x86_64/<command line>:6:9: warning: '__ANDROID_API__' macro redefined [-Wmacro-redefined]
C/C++:     6 | #define __ANDROID_API__ 24
C/C++:       |         ^
C/C++: /home/runner/work/x25-airplay-receiver/x25-airplay-receiver/app/.cxx/RelWithDebInfo/416841uv/x86_64/<built-in>:393:9: note: previous definition is here
C/C++:   393 | #define __ANDROID_API__ __ANDROID_MIN_SDK_VERSION__
C/C++:       |         ^
C/C++: 1 warning generated.
C/C++: In file included from /home/runner/work/x25-airplay-receiver/x25-airplay-receiver/app/.cxx/RelWithDebInfo/416841uv/x86_64/<built-in>:401:
C/C++: /home/runner/work/x25-airplay-receiver/x25-airplay-receiver/app/.cxx/RelWithDebInfo/416841uv/x86_64/<command line>:6:9: warning: '__ANDROID_API__' macro redefined [-Wmacro-redefined]
C/C++:     6 | #define __ANDROID_API__ 24
C/C++:       |         ^
C/C++: /home/runner/work/x25-airplay-receiver/x25-airplay-receiver/app/.cxx/RelWithDebInfo/416841uv/x86_64/<built-in>:393:9: note: previous definition is here
C/C++:   393 | #define __ANDROID_API__ __ANDROID_MIN_SDK_VERSION__
C/C++:       |         ^
C/C++: 1 warning generated.
C/C++: In file included from /home/runner/work/x25-airplay-receiver/x25-airplay-receiver/app/.cxx/RelWithDebInfo/416841uv/x86_64/<built-in>:401:
C/C++: /home/runner/work/x25-airplay-receiver/x25-airplay-receiver/app/.cxx/RelWithDebInfo/416841uv/x86_64/<command line>:6:9: warning: '__ANDROID_API__' macro redefined [-Wmacro-redefined]
C/C++:     6 | #define __ANDROID_API__ 24
C/C++:       |         ^
C/C++: /home/runner/work/x25-airplay-receiver/x25-airplay-receiver/app/.cxx/RelWithDebInfo/416841uv/x86_64/<built-in>:393:9: note: previous definition is here
C/C++:   393 | #define __ANDROID_API__ __ANDROID_MIN_SDK_VERSION__
C/C++:       |         ^
C/C++: 1 warning generated.
C/C++: In file included from /home/runner/work/x25-airplay-receiver/x25-airplay-receiver/app/.cxx/RelWithDebInfo/416841uv/x86_64/<built-in>:401:
C/C++: /home/runner/work/x25-airplay-receiver/x25-airplay-receiver/app/.cxx/RelWithDebInfo/416841uv/x86_64/<command line>:6:9: warning: '__ANDROID_API__' macro redefined [-Wmacro-redefined]
C/C++:     6 | #define __ANDROID_API__ 2In file included from <built-in>:401:
C/C++: /home/runner/work/x25-airplay-receiver/x25-airplay-receiver/app/.cxx/RelWithDebInfo/416841uv/x86_64/<command line>:6:9: warning: '__ANDROID_API__' macro redefined [-Wmacro-redefined]
C/C++: 4
C/C++:       |             ^
C/C++: /home/runner/work/x25-airplay-receiver/x25-airplay-receiver/app/.cxx/RelWithDebInfo/416841uv/x86_64/<built-in>:393:9: note: previous definition is here
C/C++:   6 | #define __ANDROID_API__ 24
C/C++:       |         ^
C/C++: /home/runner/work/x25-airplay-receiver/x25-airplay-receiver/app/.cxx/RelWithDebInfo/416841uv/x86_64/393<built-in>:393:9: note: previous definition is here
C/C++:  |   393 | #define __ANDROID_API__ __ANDROID_MIN_SDK_VERSION__
C/C++:       |         ^
C/C++: #define __ANDROID_API__ __ANDROID_MIN_SDK_VERSION__
C/C++:       |         ^
C/C++: 1 warning generated.
C/C++: In file included from /home/runner/work/x25-airplay-receiver/x25-airplay-receiver/app/.cxx/RelWithDebInfo/416841uv/x86_64/<built-in>:401:
C/C++: /home/runner/work/x25-airplay-receiver/x25-airplay-receiver/app/.cxx/RelWithDebInfo/416841uv/x86_64/<command line>:6:9: warning: '__ANDROID_API__' macro redefined [-Wmacro-redefined]
C/C++:     6 | #define __ANDROID_API__ 24
C/C++:       |         ^
C/C++: /home/runner/work/x25-airplay-receiver/x25-airplay-receiver/app/.cxx/RelWithDebInfo/416841uv/x86_64/<built-in>:393:9: note: previous definition is here
C/C++:   393 | #define __ANDROID_API__ __ANDROID_MIN_SDK_VERSION__
C/C++:       |         ^
C/C++: x86_64-linux-android24-clang  -Iapps -I. -Iinclude -Iapps/include  -fPIE -pthread -Wa,--noexecstack -Qunused-arguments -g -DANDROID -fdata-sections -ffunction-sections -funwind-tables -fstack-protector-strong -no-canonical-prefixes -D__BIONIC_NO_PAGE_SIZE_MACRO -D_FORTIFY_SOURCE=2 -Wformat -Werror=format-security  -ffile-prefix-map=/home/runner/work/x25-airplay-receiver/x25-airplay-receiver/app/src/main/cpp=. -ffile-prefix-map=/home/runner/work/x25-airplay-receiver/x25-airplay-receiver/app/.cxx/RelWithDebInfo/416841uv/x86_64=. -ffile-prefix-map=/usr/local/lib/android/sdk/ndk/27.0.12077973=. -Qunused-arguments -DOPENSSL_BUILDING_OPENSSL -DNDEBUG -D__ANDROID_API__=24 -g -DANDROID -fdata-sections -ffunction-sections -funwind-tables -fstack-protector-strong -no-canonical-prefixes -D__BIONIC_NO_PAGE_SIZE_MACRO -D_FORTIFY_SOURCE=2 -Wformat -Werror=format-security   -ffile-prefix-map=/home/runner/work/x25-airplay-receiver/x25-airplay-receiver/app/src/main/cpp=. -ffile-prefix-map=/home/runner/work/x25-airplay-receiver/x25-airplay-receiver/app/.cxx/RelWithDebInfo/416841uv/x86_64=. -ffile-prefix-map=/usr/local/lib/android/sdk/ndk/27.0.12077973=. -Qunused-arguments -MMD -MF apps/openssl-bin-rehash.d.tmp -c -o apps/openssl-bin-rehash.o apps/rehash.c
C/C++: In file included from /home/runner/work/x25-airplay-receiver/x25-airplay-receiver/app/.cxx/RelWithDebInfo/416841uv/x86_64/<built-in>:401:
C/C++: /home/runner/work/x25-airplay-receiver/x25-airplay-receiver/app/.cxx/RelWithDebInfo/416841uv/x86_64/<command line>:6:9: warning: '__ANDROID_API__' macro redefined [-Wmacro-redefined]
C/C++:     6 | #define __ANDROID_API__ 24
C/C++:       |         ^
C/C++: /home/runner/work/x25-airplay-receiver/x25-airplay-receiver/app/.cxx/RelWithDebInfo/416841uv/x86_64/<built-in>:393:9: note: previous definition is here
C/C++:   393 | #define __ANDROID_API__ __ANDROID_MIN_SDK_VERSION__
C/C++:       |         ^
C/C++: 1 warning generated.
C/C++: In file included from /home/runner/work/x25-airplay-receiver/x25-airplay-receiver/app/.cxx/RelWithDebInfo/416841uv/x86_64/<built-in>:401:
C/C++: /home/runner/work/x25-airplay-receiver/x25-airplay-receiver/app/.cxx/RelWithDebInfo/416841uv/x86_64/<command line>:6:9: warning: '__ANDROID_API__' macro redefined [-Wmacro-redefined]
C/C++:     6 | #define __ANDROID_API__ 24
C/C++:       |         ^
C/C++: /home/runner/work/x25-airplay-receiver/x25-airplay-receiver/app/.cxx/RelWithDebInfo/416841uv/x86_64/<built-in>:393:9: note: previous definition is here
C/C++:   393 | #define __ANDROID_API__ __ANDROID_MIN_SDK_VERSION__
C/C++:       |         ^
C/C++: 1 warning generated.
C/C++: In file included from /home/runner/work/x25-airplay-receiver/x25-airplay-receiver/app/.cxx/RelWithDebInfo/416841uv/x86_64/<built-in>:401:
C/C++: /home/runner/work/x25-airplay-receiver/x25-airplay-receiver/app/.cxx/RelWithDebInfo/416841uv/x86_64/<command line>:6:9: warning: '__ANDROID_API__' macro redefined [-Wmacro-redefined]
C/C++:     6 | #define __ANDROID_API__ 24
C/C++:       |         ^
C/C++: /home/runner/work/x25-airplay-receiver/x25-airplay-receiver/app/.cxx/RelWithDebInfo/416841uv/x86_64/<built-in>:393:9: note: previous definition is here
C/C++:   393 | #define __ANDROID_API__ __ANDROID_MIN_SDK_VERSION__
C/C++:       |         ^
C/C++: 1 warning generated.
C/C++: In file included from /home/runner/work/x25-airplay-receiver/x25-airplay-receiver/app/.cxx/RelWithDebInfo/416841uv/x86_64/<built-in>:401:
C/C++: /home/runner/work/x25-airplay-receiver/x25-airplay-receiver/app/.cxx/RelWithDebInfo/416841uv/x86_64/<command line>:6:9: warning: '__ANDROID_API__' macro redefined [-Wmacro-redefined]
C/C++:     6 | #define __ANDROID_API__ 24
C/C++:       |         ^
C/C++: /home/runner/work/x25-airplay-receiver/x25-airplay-receiver/app/.cxx/RelWithDebInfo/416841uv/x86_64/<built-in>:393:9: note: previous definition is here
C/C++:   393 | #define __ANDROID_API__ __ANDROID_MIN_SDK_VERSION__
C/C++:       |         ^
C/C++: 1 warning generated.
C/C++: In file included from /home/runner/work/x25-airplay-receiver/x25-airplay-receiver/app/.cxx/RelWithDebInfo/416841uv/x86_64/<built-in>:401:
C/C++: /home/runner/work/x25-airplay-receiver/x25-airplay-receiver/app/.cxx/RelWithDebInfo/416841uv/x86_64/<command line>:6:9: warning: '__ANDROID_API__' macro redefined [-Wmacro-redefined]
C/C++:     6 | #define __ANDROID_API__ 24
C/C++:       |         ^
C/C++: /home/runner/work/x25-airplay-receiver/x25-airplay-receiver/app/.cxx/RelWithDebInfo/416841uv/x86_64/<built-in>:393:9: note: previous definition is here
C/C++:   393 | #define __ANDROID_API__ __ANDROID_MIN_SDK_VERSION__
C/C++:       |         ^
C/C++: 1 warning generated.
C/C++: In file included from /home/runner/work/x25-airplay-receiver/x25-airplay-receiver/app/.cxx/RelWithDebInfo/416841uv/x86_64/<built-in>:401:
C/C++: /home/runner/work/x25-airplay-receiver/x25-airplay-receiver/app/.cxx/RelWithDebInfo/416841uv/x86_64/<command line>:6:9: warning: '__ANDROID_API__' macro redefined [-Wmacro-redefined]
C/C++:     6 | #define __ANDROID_API__ 24
C/C++:       |         ^
C/C++: /home/runner/work/x25-airplay-receiver/x25-airplay-receiver/app/.cxx/RelWithDebInfo/416841uv/x86_64/<built-in>:393:9: note: previous definition is here
C/C++:   393 | #define __ANDROID_API__ __ANDROID_MIN_SDK_VERSION__
C/C++:       |         ^
C/C++: x86_64-linux-android24-clang  -Iapps -I. -Iinclude -Iapps/include  -fPIE -pthread -Wa,--noexecstack -Qunused-arguments -g -DANDROID -fdata-sections -ffunction-sections -funwind-tables -fstack-protector-strong -no-canonical-prefixes -D__BIONIC_NO_PAGE_SIZE_MACRO -D_FORTIFY_SOURCE=2 -Wformat -Werror=format-security  -ffile-prefix-map=/home/runner/work/x25-airplay-receiver/x25-airplay-receiver/app/src/main/cpp=. -ffile-prefix-map=/home/runner/work/x25-airplay-receiver/x25-airplay-receiver/app/.cxx/RelWithDebInfo/416841uv/x86_64=. -ffile-prefix-map=/usr/local/lib/android/sdk/ndk/27.0.12077973=. -Qunused-arguments -DOPENSSL_BUILDING_OPENSSL -DNDEBUG -D__ANDROID_API__=24 -g -DANDROID -fdata-sections -ffunction-sections -funwind-tables -fstack-protector-strong -no-canonical-prefixes -D__BIONIC_NO_PAGE_SIZE_MACRO -D_FORTIFY_SOURCE=2 -Wformat -Werror=format-security   -ffile-prefix-map=/home/runner/work/x25-airplay-receiver/x25-airplay-receiver/app/src/main/cpp=. -ffile-prefix-map=/home/runner/work/x25-airplay-receiver/x25-airplay-receiver/app/.cxx/RelWithDebInfo/416841uv/x86_64=. -ffile-prefix-map=/usr/local/lib/android/sdk/ndk/27.0.12077973=. -Qunused-arguments -MMD -MF apps/openssl-bin-sess_id.d.tmp -c -o apps/openssl-bin-sess_id.o apps/sess_id.c
C/C++: In file included from /home/runner/work/x25-airplay-receiver/x25-airplay-receiver/app/.cxx/RelWithDebInfo/416841uv/x86_64/<built-in>:401:
C/C++: /home/runner/work/x25-airplay-receiver/x25-airplay-receiver/app/.cxx/RelWithDebInfo/416841uv/x86_64/<command line>:6:9: warning: '__ANDROID_API__' macro redefined [-Wmacro-redefined]
C/C++:     6 | #define __ANDROID_API__ 24
C/C++:       |         ^
C/C++: /home/runner/work/x25-airplay-receiver/x25-airplay-receiver/app/.cxx/RelWithDebInfo/416841uv/x86_64/<built-in>:393:9: note: previous definition is here
C/C++:   393 | #define __ANDROID_API__ __ANDROID_MIN_SDK_VERSION__
C/C++:       |         ^
C/C++: 1 warning generated.
C/C++: In file included from /home/runner/work/x25-airplay-receiver/x25-airplay-receiver/app/.cxx/RelWithDebInfo/416841uv/x86_64/<built-in>:401:
C/C++: /home/runner/work/x25-airplay-receiver/x25-airplay-receiver/app/.cxx/RelWithDebInfo/416841uv/x86_64/<command line>:6:9: warning: '__ANDROID_API__' macro redefined [-Wmacro-redefined]
C/C++:     6 | #define __ANDROID_API__ 24
C/C++:       |         ^
C/C++: /home/runner/work/x25-airplay-receiver/x25-airplay-receiver/app/.cxx/RelWithDebInfo/416841uv/x86_64/<built-in>:393:9: note: previous definition is here
C/C++:   393 | #define __ANDROID_API__ __ANDROID_MIN_SDK_VERSION__
C/C++:       |         ^
C/C++: In file included from /home/runner/work/x25-airplay-receiver/x25-airplay-receiver/app/.cxx/RelWithDebInfo/416841uv/x86_64/<built-in>:401:
C/C++: /home/runner/work/x25-airplay-receiver/x25-airplay-receiver/app/.cxx/RelWithDebInfo/416841uv/x86_64/<command line>:6:9: warning: '__ANDROID_API__' macro redefined [-Wmacro-redefined]
C/C++:     6 | #define __ANDROID_API__ 24
C/C++:       |         ^
C/C++: /home/runner/work/x25-airplay-receiver/x25-airplay-receiver/app/.cxx/RelWithDebInfo/416841uv/x86_64/<built-in>:393:9: note: previous definition is here
C/C++:   393 | #define __ANDROID_API__ __ANDROID_MIN_SDK_VERSION__
C/C++:       |         ^
C/C++: In file included from /home/runner/work/x25-airplay-receiver/x25-airplay-receiver/app/.cxx/RelWithDebInfo/416841uv/x86_64/<built-in>:401:
C/C++: /home/runner/work/x25-airplay-receiver/x25-airplay-receiver/app/.cxx/RelWithDebInfo/416841uv/x86_64/<command line>:6:9: warning: '__ANDROID_API__' macro redefined [-Wmacro-redefined]
C/C++:     6 | #define __ANDROID_API__ 24
C/C++:       |         ^
C/C++: /home/runner/work/x25-airplay-receiver/x25-airplay-receiver/app/.cxx/RelWithDebInfo/416841uv/x86_64/<built-in>:393:9: note: previous definition is here
C/C++:   393 | #define __ANDROID_API__ __ANDROID_MIN_SDK_VERSION__
C/C++:       |         ^
C/C++: x86_64-linux-android24-clang  -Iapps -I. -Iinclude -Iapps/include  -fPIE -pthread -Wa,--noexecstack -Qunused-arguments -g -DANDROID -fdata-sections -ffunction-sections -funwind-tables -fstack-protector-strong -no-canonical-prefixes -D__BIONIC_NO_PAGE_SIZE_MACRO -D_FORTIFY_SOURCE=2 -Wformat -Werror=format-security  -ffile-prefix-map=/home/runner/work/x25-airplay-receiver/x25-airplay-receiver/app/src/main/cpp=. -ffile-prefix-map=/home/runner/work/x25-airplay-receiver/x25-airplay-receiver/app/.cxx/RelWithDebInfo/416841uv/x86_64=. -ffile-prefix-map=/usr/local/lib/android/sdk/ndk/27.0.12077973=. -Qunused-arguments -DOPENSSL_BUILDING_OPENSSL -DNDEBUG -D__ANDROID_API__=24 -g -DANDROID -fdata-sections -ffunction-sections -funwind-tables -fstack-protector-strong -no-canonical-prefixes -D__BIONIC_NO_PAGE_SIZE_MACRO -D_FORTIFY_SOURCE=2 -Wformat -Werror=format-security   -ffile-prefix-map=/home/runner/work/x25-airplay-receiver/x25-airplay-receiver/app/src/main/cpp=. -ffile-prefix-map=/home/runner/work/x25-airplay-receiver/x25-airplay-receiver/app/.cxx/RelWithDebInfo/416841uv/x86_64=. -ffile-prefix-map=/usr/local/lib/android/sdk/ndk/27.0.12077973=. -Qunused-arguments -MMD -MF apps/openssl-bin-storeutl.d.tmp -c -o apps/openssl-bin-storeutl.o apps/storeutl.c
C/C++: In file included from /home/runner/work/x25-airplay-receiver/x25-airplay-receiver/app/.cxx/RelWithDebInfo/416841uv/x86_64/<built-in>:401:
C/C++: /home/runner/work/x25-airplay-receiver/x25-airplay-receiver/app/.cxx/RelWithDebInfo/416841uv/x86_64/<command line>:6:9: warning: '__ANDROID_API__' macro redefined [-Wmacro-redefined]
C/C++:     6 | #define __ANDROID_API__ 24
C/C++:       |         ^
C/C++: /home/runner/work/x25-airplay-receiver/x25-airplay-receiver/app/.cxx/RelWithDebInfo/416841uv/x86_64/<built-in>:393:9: note: previous definition is here
C/C++:   393 | #define __ANDROID_API__ __ANDROID_MIN_SDK_VERSION__
C/C++:       |         ^
C/C++: 1 warning generated.
C/C++: In file included from /home/runner/work/x25-airplay-receiver/x25-airplay-receiver/app/.cxx/RelWithDebInfo/416841uv/x86_64/<built-in>:401:
C/C++: /home/runner/work/x25-airplay-receiver/x25-airplay-receiver/app/.cxx/RelWithDebInfo/416841uv/x86_64/<command line>:6:9: warning: '__ANDROID_API__' macro redefined [-Wmacro-redefined]
C/C++:     6 | #define __ANDROID_API__ 24
C/C++:       |         ^
C/C++: /home/runner/work/x25-airplay-receiver/x25-airplay-receiver/app/.cxx/RelWithDebInfo/416841uv/x86_64/<built-in>:393:9: note: previous definition is here
C/C++:   393 | #define __ANDROID_API__ __ANDROID_MIN_SDK_VERSION__
C/C++:       |         ^
C/C++: 1 warning generated.
C/C++: In file included from /home/runner/work/x25-airplay-receiver/x25-airplay-receiver/app/.cxx/RelWithDebInfo/416841uv/x86_64/<built-in>:401:
C/C++: /home/runner/work/x25-airplay-receiver/x25-airplay-receiver/app/.cxx/RelWithDebInfo/416841uv/x86_64/<command line>:6:9: warning: '__ANDROID_API__' macro redefined [-Wmacro-redefined]
C/C++:     6 | #define __ANDROID_API__ 24
C/C++:       |         ^
C/C++: /home/runner/work/x25-airplay-receiver/x25-airplay-receiver/app/.cxx/RelWithDebInfo/416841uv/x86_64/<built-in>:393:9: note: previous definition is here
C/C++:   393 | #define __ANDROID_API__ __ANDROID_MIN_SDK_VERSION__
C/C++:       |         ^
C/C++: In file included from /home/runner/work/x25-airplay-receiver/x25-airplay-receiver/app/.cxx/RelWithDebInfo/416841uv/x86_64/<built-in>:401:
C/C++: /home/runner/work/x25-airplay-receiver/x25-airplay-receiver/app/.cxx/RelWithDebInfo/416841uv/x86_64/<command line>:6:9: warning: '__ANDROID_API__' macro redefined [-Wmacro-redefined]
C/C++:     6 | #define __ANDROID_API__ 24
C/C++:       |         ^
C/C++: /home/runner/work/x25-airplay-receiver/x25-airplay-receiver/app/.cxx/RelWithDebInfo/416841uv/x86_64/<built-in>:393:9: note: previous definition is here
C/C++:   393 | #define __ANDROID_API__ __ANDROID_MIN_SDK_VERSION__
C/C++:       |         ^
C/C++: 1 warning generated.
C/C++: In file included from /home/runner/work/x25-airplay-receiver/x25-airplay-receiver/app/.cxx/RelWithDebInfo/416841uv/x86_64/<built-in>:401:
C/C++: /home/runner/work/x25-airplay-receiver/x25-airplay-receiver/app/.cxx/RelWithDebInfo/416841uv/x86_64/<command line>:6:9: warning: '__ANDROID_API__' macro redefined [-Wmacro-redefined]
C/C++:     6 | #define __ANDROID_API__ 24
C/C++:       |         ^
C/C++: /home/runner/work/x25-airplay-receiver/x25-airplay-receiver/app/.cxx/RelWithDebInfo/416841uv/x86_64/<built-in>:393:9: note: previous definition is here
C/C++:   393 | #define __ANDROID_API__ __ANDROID_MIN_SDK_VERSION__
C/C++:       |         ^
C/C++: 1 warning generated.

> Task :app:mergeReleaseJniLibFolders
> Task :app:mergeReleaseNativeLibs
> Task :app:checkReleaseDuplicateClasses
> Task :app:mergeReleaseArtProfile
> Task :app:stripReleaseDebugSymbols
> Task :app:buildKotlinToolingMetadata
> Task :app:checkKotlinGradlePluginConfigurationErrors SKIPPED
> Task :app:generateReleaseResValues
> Task :app:checkReleaseAarMetadata
> Task :app:mapReleaseSourceSetPaths
> Task :app:generateReleaseResources
> Task :app:extractReleaseNativeSymbolTables
> Task :app:packageReleaseResources
> Task :app:createReleaseCompatibleScreenManifests
> Task :app:extractDeepLinksRelease
> Task :app:mergeReleaseResources
> Task :app:parseReleaseLocalResources
> Task :app:processReleaseMainManifest
> Task :app:processReleaseManifest
> Task :app:processReleaseManifestForPackage
> Task :app:javaPreCompileRelease
> Task :app:extractProguardFiles
> Task :app:mergeReleaseStartupProfile
> Task :app:mergeReleaseShaders
> Task :app:compileReleaseShaders NO-SOURCE
> Task :app:generateReleaseAssets UP-TO-DATE
> Task :app:mergeReleaseAssets
> Task :app:compressReleaseAssets
> Task :app:extractReleaseVersionControlInfo
> Task :app:validateSigningRelease FAILED
> Task :app:mergeReleaseNativeDebugMetadata
> Task :app:processReleaseResources

FAILURE: Build failed with an exception.

* What went wrong:
Execution failed for task ':app:validateSigningRelease'.
> Keystore file '/home/runner/work/x25-airplay-receiver/x25-airplay-receiver/signing/x25-release.jks' not found for signing config 'release'.

* Try:
> Run with --info or --debug option to get more log output.
> Run with --scan to get full insights.
> Get more help at https://help.gradle.org.

* Exception is:
org.gradle.api.tasks.TaskExecutionException: Execution failed for task ':app:validateSigningRelease'.
	at org.gradle.api.internal.tasks.execution.ExecuteActionsTaskExecuter.lambda$executeIfValid$1(ExecuteActionsTaskExecuter.java:130)
	at org.gradle.internal.Try$Failure.ifSuccessfulOrElse(Try.java:293)
	at org.gradle.api.internal.tasks.execution.ExecuteActionsTaskExecuter.executeIfValid(ExecuteActionsTaskExecuter.java:128)
	at org.gradle.api.internal.tasks.execution.ExecuteActionsTaskExecuter.execute(ExecuteActionsTaskExecuter.java:116)
	at org.gradle.api.internal.tasks.execution.FinalizePropertiesTaskExecuter.execute(FinalizePropertiesTaskExecuter.java:46)
	at org.gradle.api.internal.tasks.execution.ResolveTaskExecutionModeExecuter.execute(ResolveTaskExecutionModeExecuter.java:51)
	at org.gradle.api.internal.tasks.execution.SkipTaskWithNoActionsExecuter.execute(SkipTaskWithNoActionsExecuter.java:57)
	at org.gradle.api.internal.tasks.execution.SkipOnlyIfTaskExecuter.execute(SkipOnlyIfTaskExecuter.java:74)
	at org.gradle.api.internal.tasks.execution.CatchExceptionTaskExecuter.execute(CatchExceptionTaskExecuter.java:36)
	at org.gradle.api.internal.tasks.execution.EventFiringTaskExecuter$1.executeTask(EventFiringTaskExecuter.java:77)
	at org.gradle.api.internal.tasks.execution.EventFiringTaskExecuter$1.call(EventFiringTaskExecuter.java:55)
	at org.gradle.api.internal.tasks.execution.EventFiringTaskExecuter$1.call(EventFiringTaskExecuter.java:52)
	at org.gradle.internal.operations.DefaultBuildOperationRunner$CallableBuildOperationWorker.execute(DefaultBuildOperationRunner.java:209)
	at org.gradle.internal.operations.DefaultBuildOperationRunner$CallableBuildOperationWorker.execute(DefaultBuildOperationRunner.java:204)
	at org.gradle.internal.operations.DefaultBuildOperationRunner$2.execute(DefaultBuildOperationRunner.java:66)
	at org.gradle.internal.operations.DefaultBuildOperationRunner$2.execute(DefaultBuildOperationRunner.java:59)
	at org.gradle.internal.operations.DefaultBuildOperationRunner.execute(DefaultBuildOperationRunner.java:166)
	at org.gradle.internal.operations.DefaultBuildOperationRunner.execute(DefaultBuildOperationRunner.java:59)
	at org.gradle.internal.operations.DefaultBuildOperationRunner.call(DefaultBuildOperationRunner.java:53)
	at org.gradle.api.internal.tasks.execution.EventFiringTaskExecuter.execute(EventFiringTaskExecuter.java:52)
	at org.gradle.execution.plan.LocalTaskNodeExecutor.execute(LocalTaskNodeExecutor.java:42)
	at org.gradle.execution.taskgraph.DefaultTaskExecutionGraph$InvokeNodeExecutorsAction.execute(DefaultTaskExecutionGraph.java:331)
	at org.gradle.execution.taskgraph.DefaultTaskExecutionGraph$InvokeNodeExecutorsAction.execute(DefaultTaskExecutionGraph.java:318)
	at org.gradle.execution.taskgraph.DefaultTaskExecutionGraph$BuildOperationAwareExecutionAction.lambda$execute$0(DefaultTaskExecutionGraph.java:314)
	at org.gradle.internal.operations.CurrentBuildOperationRef.with(CurrentBuildOperationRef.java:85)
	at org.gradle.execution.taskgraph.DefaultTaskExecutionGraph$BuildOperationAwareExecutionAction.execute(DefaultTaskExecutionGraph.java:314)
	at org.gradle.execution.taskgraph.DefaultTaskExecutionGraph$BuildOperationAwareExecutionAction.execute(DefaultTaskExecutionGraph.java:303)
	at org.gradle.execution.plan.DefaultPlanExecutor$ExecutorWorker.execute(DefaultPlanExecutor.java:459)
	at org.gradle.execution.plan.DefaultPlanExecutor$ExecutorWorker.run(DefaultPlanExecutor.java:376)
	at org.gradle.internal.concurrent.ExecutorPolicy$CatchAndRecordFailures.onExecute(ExecutorPolicy.java:64)
	at org.gradle.internal.concurrent.AbstractManagedExecutor$1.run(AbstractManagedExecutor.java:48)
Caused by: org.gradle.api.InvalidUserDataException: Keystore file '/home/runner/work/x25-airplay-receiver/x25-airplay-receiver/signing/x25-release.jks' not found for signing config 'release'.
	at com.android.build.gradle.internal.tasks.ValidateSigningTask.doTaskAction(ValidateSigningTask.kt:94)
	at com.android.build.gradle.internal.tasks.NonIncrementalTask$taskAction$$inlined$recordTaskAction$1.invoke(BaseTask.kt:60)
	at com.android.build.gradle.internal.tasks.Blocks.recordSpan(Blocks.java:51)
	at com.android.build.gradle.internal.tasks.NonIncrementalTask.taskAction(NonIncrementalTask.kt:78)
	at java.base/jdk.internal.reflect.DirectMethodHandleAccessor.invoke(DirectMethodHandleAccessor.java:103)
	at org.gradle.internal.reflect.JavaMethod.invoke(JavaMethod.java:125)
	at org.gradle.api.internal.project.taskfactory.StandardTaskAction.doExecute(StandardTaskAction.java:58)
	at org.gradle.api.internal.project.taskfactory.StandardTaskAction.execute(StandardTaskAction.java:51)
	at org.gradle.api.internal.project.taskfactory.StandardTaskAction.execute(StandardTaskAction.java:29)
	at org.gradle.api.internal.tasks.execution.TaskExecution$3.run(TaskExecution.java:244)
	at org.gradle.internal.operations.DefaultBuildOperationRunner$1.execute(DefaultBuildOperationRunner.java:29)
	at org.gradle.internal.operations.DefaultBuildOperationRunner$1.execute(DefaultBuildOperationRunner.java:26)
	at org.gradle.internal.operations.DefaultBuildOperationRunner$2.execute(DefaultBuildOperationRunner.java:66)
	at org.gradle.internal.operations.DefaultBuildOperationRunner$2.execute(DefaultBuildOperationRunner.java:59)
	at org.gradle.internal.operations.DefaultBuildOperationRunner.execute(DefaultBuildOperationRunner.java:166)
	at org.gradle.internal.operations.DefaultBuildOperationRunner.execute(DefaultBuildOperationRunner.java:59)
	at org.gradle.internal.operations.DefaultBuildOperationRunner.run(DefaultBuildOperationRunner.java:47)
	at org.gradle.api.internal.tasks.execution.TaskExecution.executeAction(TaskExecution.java:229)
	at org.gradle.api.internal.tasks.execution.TaskExecution.executeActions(TaskExecution.java:212)
	at org.gradle.api.internal.tasks.execution.TaskExecution.executeWithPreviousOutputFiles(TaskExecution.java:195)
	at org.gradle.api.internal.tasks.execution.TaskExecution.execute(TaskExecution.java:162)
	at org.gradle.internal.execution.steps.ExecuteStep.executeInternal(ExecuteStep.java:105)
	at org.gradle.internal.execution.steps.ExecuteStep.access$000(ExecuteStep.java:44)
	at org.gradle.internal.execution.steps.ExecuteStep$1.call(ExecuteStep.java:59)
	at org.gradle.internal.execution.steps.ExecuteStep$1.call(ExecuteStep.java:56)
	at org.gradle.internal.operations.DefaultBuildOperationRunner$CallableBuildOperationWorker.execute(DefaultBuildOperationRunner.java:209)
	at org.gradle.internal.operations.DefaultBuildOperationRunner$CallableBuildOperationWorker.execute(DefaultBuildOperationRunner.java:204)
	at org.gradle.internal.operations.DefaultBuildOperationRunner$2.execute(DefaultBuildOperationRunner.java:66)
	at org.gradle.internal.operations.DefaultBuildOperationRunner$2.execute(DefaultBuildOperationRunner.java:59)
	at org.gradle.internal.operations.DefaultBuildOperationRunner.execute(DefaultBuildOperationRunner.java:166)
	at org.gradle.internal.operations.DefaultBuildOperationRunner.execute(DefaultBuildOperationRunner.java:59)
	at org.gradle.internal.operations.DefaultBuildOperationRunner.call(DefaultBuildOperationRunner.java:53)
	at org.gradle.internal.execution.steps.ExecuteStep.execute(ExecuteStep.java:56)
	at org.gradle.internal.execution.steps.ExecuteStep.execute(ExecuteStep.java:44)
	at org.gradle.internal.execution.steps.CancelExecutionStep.execute(CancelExecutionStep.java:42)
	at org.gradle.internal.execution.steps.TimeoutStep.executeWithoutTimeout(TimeoutStep.java:75)
	at org.gradle.internal.execution.steps.TimeoutStep.execute(TimeoutStep.java:55)
	at org.gradle.internal.execution.steps.PreCreateOutputParentsStep.execute(PreCreateOutputParentsStep.java:50)
	at org.gradle.internal.execution.steps.PreCreateOutputParentsStep.execute(PreCreateOutputParentsStep.java:28)
	at org.gradle.internal.execution.steps.RemovePreviousOutputsStep.execute(RemovePreviousOutputsStep.java:67)
	at org.gradle.internal.execution.steps.RemovePreviousOutputsStep.execute(RemovePreviousOutputsStep.java:37)
	at org.gradle.internal.execution.steps.BroadcastChangingOutputsStep.execute(BroadcastChangingOutputsStep.java:61)
	at org.gradle.internal.execution.steps.BroadcastChangingOutputsStep.execute(BroadcastChangingOutputsStep.java:26)
	at org.gradle.internal.execution.steps.CaptureOutputsAfterExecutionStep.execute(CaptureOutputsAfterExecutionStep.java:69)
	at org.gradle.internal.execution.steps.CaptureOutputsAfterExecutionStep.execute(CaptureOutputsAfterExecutionStep.java:46)
	at org.gradle.internal.execution.steps.ResolveInputChangesStep.execute(ResolveInputChangesStep.java:40)
	at org.gradle.internal.execution.steps.ResolveInputChangesStep.execute(ResolveInputChangesStep.java:29)
	at org.gradle.internal.execution.steps.BuildCacheStep.executeWithoutCache(BuildCacheStep.java:189)
	at org.gradle.internal.execution.steps.BuildCacheStep.lambda$execute$1(BuildCacheStep.java:75)
	at org.gradle.internal.Either$Right.fold(Either.java:175)
	at org.gradle.internal.execution.caching.CachingState.fold(CachingState.java:62)
	at org.gradle.internal.execution.steps.BuildCacheStep.execute(BuildCacheStep.java:73)
	at org.gradle.internal.execution.steps.BuildCacheStep.execute(BuildCacheStep.java:48)
	at org.gradle.internal.execution.steps.StoreExecutionStateStep.execute(StoreExecutionStateStep.java:46)
	at org.gradle.internal.execution.steps.StoreExecutionStateStep.execute(StoreExecutionStateStep.java:35)
	at org.gradle.internal.execution.steps.SkipUpToDateStep.executeBecause(SkipUpToDateStep.java:75)
	at org.gradle.internal.execution.steps.SkipUpToDateStep.lambda$execute$2(SkipUpToDateStep.java:53)
	at org.gradle.internal.execution.steps.SkipUpToDateStep.execute(SkipUpToDateStep.java:53)
	at org.gradle.internal.execution.steps.SkipUpToDateStep.execute(SkipUpToDateStep.java:35)
	at org.gradle.internal.execution.steps.legacy.MarkSnapshottingInputsFinishedStep.execute(MarkSnapshottingInputsFinishedStep.java:37)
	at org.gradle.internal.execution.steps.legacy.MarkSnapshottingInputsFinishedStep.execute(MarkSnapshottingInputsFinishedStep.java:27)
	at org.gradle.internal.execution.steps.ResolveIncrementalCachingStateStep.executeDelegate(ResolveIncrementalCachingStateStep.java:49)
	at org.gradle.internal.execution.steps.ResolveIncrementalCachingStateStep.executeDelegate(ResolveIncrementalCachingStateStep.java:27)
	at org.gradle.internal.execution.steps.AbstractResolveCachingStateStep.execute(AbstractResolveCachingStateStep.java:71)
	at org.gradle.internal.execution.steps.AbstractResolveCachingStateStep.execute(AbstractResolveCachingStateStep.java:39)
	at org.gradle.internal.execution.steps.ResolveChangesStep.execute(ResolveChangesStep.java:65)
	at org.gradle.internal.execution.steps.ResolveChangesStep.execute(ResolveChangesStep.java:36)
	at org.gradle.internal.execution.steps.ValidateStep.execute(ValidateStep.java:107)
	at org.gradle.internal.execution.steps.ValidateStep.execute(ValidateStep.java:56)
	at org.gradle.internal.execution.steps.AbstractCaptureStateBeforeExecutionStep.execute(AbstractCaptureStateBeforeExecutionStep.java:64)
	at org.gradle.internal.execution.steps.AbstractCaptureStateBeforeExecutionStep.execute(AbstractCaptureStateBeforeExecutionStep.java:43)
	at org.gradle.internal.execution.steps.AbstractSkipEmptyWorkStep.executeWithNonEmptySources(AbstractSkipEmptyWorkStep.java:125)
	at org.gradle.internal.execution.steps.AbstractSkipEmptyWorkStep.execute(AbstractSkipEmptyWorkStep.java:56)
	at org.gradle.internal.execution.steps.AbstractSkipEmptyWorkStep.execute(AbstractSkipEmptyWorkStep.java:36)
	at org.gradle.internal.execution.steps.legacy.MarkSnapshottingInputsStartedStep.execute(MarkSnapshottingInputsStartedStep.java:38)
	at org.gradle.internal.execution.steps.LoadPreviousExecutionStateStep.execute(LoadPreviousExecutionStateStep.java:36)
	at org.gradle.internal.execution.steps.LoadPreviousExecutionStateStep.execute(LoadPreviousExecutionStateStep.java:23)
	at org.gradle.internal.execution.steps.HandleStaleOutputsStep.execute(HandleStaleOutputsStep.java:75)
	at org.gradle.internal.execution.steps.HandleStaleOutputsStep.execute(HandleStaleOutputsStep.java:41)
	at org.gradle.internal.execution.steps.AssignMutableWorkspaceStep.lambda$execute$0(AssignMutableWorkspaceStep.java:35)
	at org.gradle.api.internal.tasks.execution.TaskExecution$4.withWorkspace(TaskExecution.java:289)
	at org.gradle.internal.execution.steps.AssignMutableWorkspaceStep.execute(AssignMutableWorkspaceStep.java:31)
	at org.gradle.internal.execution.steps.AssignMutableWorkspaceStep.execute(AssignMutableWorkspaceStep.java:22)
	at org.gradle.internal.execution.steps.ChoosePipelineStep.execute(ChoosePipelineStep.java:40)
	at org.gradle.internal.execution.steps.ChoosePipelineStep.execute(ChoosePipelineStep.java:23)
	at org.gradle.internal.execution.steps.ExecuteWorkBuildOperationFiringStep.lambda$execute$2(ExecuteWorkBuildOperationFiringStep.java:67)
	at org.gradle.internal.execution.steps.ExecuteWorkBuildOperationFiringStep.execute(ExecuteWorkBuildOperationFiringStep.java:67)
	at org.gradle.internal.execution.steps.ExecuteWorkBuildOperationFiringStep.execute(ExecuteWorkBuildOperationFiringStep.java:39)
	at org.gradle.internal.execution.steps.IdentityCacheStep.execute(IdentityCacheStep.java:46)
	at org.gradle.internal.execution.steps.IdentityCacheStep.execute(IdentityCacheStep.java:34)
	at org.gradle.internal.execution.steps.IdentifyStep.execute(IdentifyStep.java:48)
	at org.gradle.internal.execution.steps.IdentifyStep.execute(IdentifyStep.java:35)
	at org.gradle.internal.execution.impl.DefaultExecutionEngine$1.execute(DefaultExecutionEngine.java:61)
	at org.gradle.api.internal.tasks.execution.ExecuteActionsTaskExecuter.executeIfValid(ExecuteActionsTaskExecuter.java:127)
	at org.gradle.api.internal.tasks.execution.ExecuteActionsTaskExecuter.execute(ExecuteActionsTaskExecuter.java:116)
	at org.gradle.api.internal.tasks.execution.FinalizePropertiesTaskExecuter.execute(FinalizePropertiesTaskExecuter.java:46)
	at org.gradle.api.internal.tasks.execution.ResolveTaskExecutionModeExecuter.execute(ResolveTaskExecutionModeExecuter.java:51)
	at org.gradle.api.internal.tasks.execution.SkipTaskWithNoActionsExecuter.execute(SkipTaskWithNoActionsExecuter.java:57)
	at org.gradle.api.internal.tasks.execution.SkipOnlyIfTaskExecuter.execute(SkipOnlyIfTaskExecuter.java:74)
	at org.gradle.api.internal.tasks.execution.CatchExceptionTaskExecuter.execute(CatchExceptionTaskExecuter.java:36)
	at org.gradle.api.internal.tasks.execution.EventFiringTaskExecuter$1.executeTask(EventFiringTaskExecuter.java:77)
	at org.gradle.api.internal.tasks.execution.EventFiringTaskExecuter$1.call(EventFiringTaskExecuter.java:55)
	at org.gradle.api.internal.tasks.execution.EventFiringTaskExecuter$1.call(EventFiringTaskExecuter.java:52)
	at org.gradle.internal.operations.DefaultBuildOperationRunner$CallableBuildOperationWorker.execute(DefaultBuildOperationRunner.java:209)
	at org.gradle.internal.operations.DefaultBuildOperationRunner$CallableBuildOperationWorker.execute(DefaultBuildOperationRunner.java:204)
	at org.gradle.internal.operations.DefaultBuildOperationRunner$2.execute(DefaultBuildOperationRunner.java:66)
	at org.gradle.internal.operations.DefaultBuildOperationRunner$2.execute(DefaultBuildOperationRunner.java:59)
	at org.gradle.internal.operations.DefaultBuildOperationRunner.execute(DefaultBuildOperationRunner.java:166)
	at org.gradle.internal.operations.DefaultBuildOperationRunner.execute(DefaultBuildOperationRunner.java:59)
	at org.gradle.internal.operations.DefaultBuildOperationRunner.call(DefaultBuildOperationRunner.java:53)
	at org.gradle.api.internal.tasks.execution.EventFiringTaskExecuter.execute(EventFiringTaskExecuter.java:52)
	at org.gradle.execution.plan.LocalTaskNodeExecutor.execute(LocalTaskNodeExecutor.java:42)
	at org.gradle.execution.taskgraph.DefaultTaskExecutionGraph$InvokeNodeExecutorsAction.execute(DefaultTaskExecutionGraph.java:331)
	at org.gradle.execution.taskgraph.DefaultTaskExecutionGraph$InvokeNodeExecutorsAction.execute(DefaultTaskExecutionGraph.java:318)
	at org.gradle.execution.taskgraph.DefaultTaskExecutionGraph$BuildOperationAwareExecutionAction.lambda$execute$0(DefaultTaskExecutionGraph.java:314)
	at org.gradle.internal.operations.CurrentBuildOperationRef.with(CurrentBuildOperationRef.java:85)
	at org.gradle.execution.taskgraph.DefaultTaskExecutionGraph$BuildOperationAwareExecutionAction.execute(DefaultTaskExecutionGraph.java:314)
	at org.gradle.execution.taskgraph.DefaultTaskExecutionGraph$BuildOperationAwareExecutionAction.execute(DefaultTaskExecutionGraph.java:303)
	at org.gradle.execution.plan.DefaultPlanExecutor$ExecutorWorker.execute(DefaultPlanExecutor.java:459)
	at org.gradle.execution.plan.DefaultPlanExecutor$ExecutorWorker.run(DefaultPlanExecutor.java:376)
	at org.gradle.internal.concurrent.ExecutorPolicy$CatchAndRecordFailures.onExecute(ExecutorPolicy.java:64)
	at org.gradle.internal.concurrent.AbstractManagedExecutor$1.run(AbstractManagedExecutor.java:48)


BUILD FAILED in 3m 43s
36 actionable tasks: 36 executed
